-29.9833333333333,4.15729026674568e-08
-29.9666666666667,4.22015260668828e-08
-29.95,4.28396546655834e-08
-29.9333333333333,4.34874321901309e-08
-29.9166666666667,4.4145004540013e-08
-29.9,4.48125198212061e-08
-29.8833333333333,4.54901283787841e-08
-29.8666666666667,4.61779828318325e-08
-29.85,4.68762381062433e-08
-29.8333333333333,4.75850514709213e-08
-29.8166666666667,4.83045825727938e-08
-29.8,4.90349934727684e-08
-29.7833333333333,4.97764486822342e-08
-29.7666666666667,5.05291152004576e-08
-29.75,5.12931625510364e-08
-29.7333333333333,5.20687628211218e-08
-29.7166666666667,5.2856090700608e-08
-29.7,5.36553235207978e-08
-29.6833333333333,5.44666412937436e-08
-29.6666666666667,5.52902267534231e-08
-29.65,5.61262653968969e-08
-29.6333333333333,5.69749455266193e-08
-29.6166666666667,5.78364582934068e-08
-29.6,5.87109977345587e-08
-29.5833333333333,5.9598760826009e-08
-29.5666666666667,6.04999475184842e-08
-29.55,6.14147607881139e-08
-29.5333333333333,6.23434066798015e-08
-29.5166666666667,6.32860943527809e-08
-29.5,6.42430361317423e-08
-29.4833333333333,6.52144475479093e-08
-29.4666666666667,6.62005473962221e-08
-29.45,6.72015577756474e-08
-29.4333333333333,6.82177041462237e-08
-29.4166666666667,6.92492153758957e-08
-29.4,7.0296323792975e-08
-29.3833333333333,7.13592652404915e-08
-29.3666666666667,7.24382791244501e-08
-29.35,7.35336084754138e-08
-29.3333333333333,7.46454999940021e-08
-29.3166666666667,7.57742041148603e-08
-29.3,7.6919975056872e-08
-29.2833333333333,7.80830708840467e-08
-29.2666666666667,7.92637535627395e-08
-29.25,8.04622890188616e-08
-29.2333333333333,8.1678947202238e-08
-29.2166666666667,8.29140021407683e-08
-29.2,8.41677320101792e-08
-29.1833333333333,8.54404191880689e-08
-29.1666666666667,8.6732350325486e-08
-29.15,8.80438164049777e-08
-29.1333333333333,8.93751128110558e-08
-29.1166666666667,9.07265393933674e-08
-29.1,9.20984005360409e-08
-29.0833333333333,9.34910052259626e-08
-29.0666666666667,9.49046671211397e-08
-29.05,9.63397046240693e-08
-29.0333333333333,9.77964409492553e-08
-29.0166666666667,9.92752042016602e-08
-29,1.00776327443513e-07
-28.9833333333333,1.02300148777972e-07
-28.9666666666667,1.03847011415164e-07
-28.95,1.05417263760409e-07
-28.9333333333333,1.07011259481687e-07
-28.9166666666667,1.08629357599953e-07
-28.9,1.10271922559828e-07
-28.8833333333333,1.11939324321379e-07
-28.8666666666667,1.13631938434219e-07
-28.85,1.15350146130856e-07
-28.8333333333333,1.17094334404255e-07
-28.8166666666667,1.18864896102849e-07
-28.8,1.20662230011622e-07
-28.7833333333333,1.22486740948889e-07
-28.7666666666667,1.24338839850975e-07
-28.75,1.26218943870917e-07
-28.7333333333333,1.28127476466069e-07
-28.7166666666667,1.30064867500585e-07
-28.7,1.32031553334358e-07
-28.6833333333333,1.34027976929837e-07
-28.6666666666667,1.36054587942616e-07
-28.65,1.38111842832526e-07
-28.6333333333333,1.40200204956218e-07
-28.6166666666667,1.42320144681732e-07
-28.6,1.44472139484603e-07
-28.5833333333333,1.46656674064599e-07
-28.5666666666667,1.48874240446462e-07
-28.55,1.51125338098402e-07
-28.5333333333333,1.53410474037664e-07
-28.5166666666667,1.55730162951023e-07
-28.5,1.58084927305066e-07
-28.4833333333333,1.60475297468245e-07
-28.4666666666667,1.62901811827812e-07
-28.45,1.6536501691168e-07
-28.4333333333333,1.67865467512773e-07
-28.4166666666667,1.7040372681091e-07
-28.4,1.72980366504507e-07
-28.3833333333333,1.75595966932736e-07
-28.3666666666667,1.78251117214559e-07
-28.35,1.80946415372103e-07
-28.3333333333333,1.83682468474248e-07
-28.3166666666667,1.86459892765755e-07
-28.3,1.89279313812032e-07
-28.2833333333333,1.92141366635855e-07
-28.2666666666667,1.95046695862874e-07
-28.25,1.97995955866065e-07
-28.2333333333333,2.00989810911477e-07
-28.2166666666667,2.04028935312477e-07
-28.2,2.07114013574574e-07
-28.1833333333333,2.10245740557808e-07
-28.1666666666667,2.13424821625367e-07
-28.15,2.16651972808219e-07
-28.1333333333333,2.19927920963611e-07
-28.1166666666667,2.23253403938631e-07
-28.1,2.266291707394e-07
-28.0833333333333,2.30055981694158e-07
-28.0666666666667,2.33534608632319e-07
-28.05,2.37065835049745e-07
-28.0333333333333,2.40650456292112e-07
-28.0166666666667,2.44289279729996e-07
-28,2.47983124942027e-07
-27.9833333333333,2.5173282390095e-07
-27.9666666666667,2.55539221156576e-07
-27.95,2.59403174033117e-07
-27.9333333333333,2.6332555281455e-07
-27.9166666666667,2.67307240945741e-07
-27.9,2.71349135230453e-07
-27.8833333333333,2.7545214603028e-07
-27.8666666666667,2.7961719747666e-07
-27.85,2.83845227670183e-07
-27.8333333333333,2.88137188898619e-07
-27.8166666666667,2.9249404784868e-07
-27.8,2.96916785822558e-07
-27.7833333333333,3.01406398963955e-07
-27.7666666666667,3.05963898475175e-07
-27.75,3.10590310851412e-07
-27.7333333333333,3.15286678108031e-07
-27.7166666666667,3.20054058015828e-07
-27.7,3.248935243425e-07
-27.6833333333333,3.29806167088524e-07
-27.6666666666667,3.34793092738575e-07
-27.65,3.39855424507474e-07
-27.6333333333333,3.44994302592124e-07
-27.6166666666667,3.5021088443428e-07
-27.6,3.55506344973024e-07
-27.5833333333333,3.60881876914881e-07
-27.5666666666667,3.66338691002111e-07
-27.55,3.71878016281711e-07
-27.5333333333333,3.77501100387934e-07
-27.5166666666667,3.83209209818103e-07
-27.5,3.89003630219584e-07
-27.4833333333333,3.94885666682514e-07
-27.4666666666667,4.00856644027623e-07
-27.45,4.06917907110073e-07
-27.4333333333333,4.13070821119956e-07
-27.4166666666667,4.19316771888282e-07
-27.4,4.2565716620464e-07
-27.3833333333333,4.32093432126903e-07
-27.3666666666667,4.38627019306589e-07
-27.35,4.4525939931795e-07
-27.3333333333333,4.51992065983138e-07
-27.3166666666667,4.58826535713422e-07
-27.3,4.65764347850566e-07
-27.2833333333333,4.72807065009807e-07
-27.2666666666667,4.79956273436499e-07
-27.25,4.87213583360791e-07
-27.2333333333333,4.94580629359043e-07
-27.2166666666667,5.02059070726603e-07
-27.2,5.09650591846602e-07
-27.1833333333333,5.17356902570448e-07
-27.1666666666667,5.25179738607498e-07
-27.15,5.33120861908794e-07
-27.1333333333333,5.4118206106804e-07
-27.1166666666667,5.49365151726134e-07
-27.1,5.57671976974917e-07
-27.0833333333333,5.66104407776659e-07
-27.0666666666667,5.74664343384792e-07
-27.05,5.83353711768696e-07
-27.0333333333333,5.92174470051619e-07
-27.0166666666667,6.01128604950797e-07
-27,6.10218133221903e-07
-26.9833333333333,6.1944510211697e-07
-26.9666666666667,6.28811589844807e-07
-26.95,6.38319706036138e-07
-26.9333333333333,6.47971592222361e-07
-26.9166666666667,6.57769422317199e-07
-26.9,6.67715403103477e-07
-26.8833333333333,6.77811774733681e-07
-26.8666666666667,6.88060811233821e-07
-26.85,6.98464821012839e-07
-26.8333333333333,7.09026147385972e-07
-26.8166666666667,7.19747169101862e-07
-26.8,7.30630300875613e-07
-26.7833333333333,7.41677993936034e-07
-26.7666666666667,7.52892736577051e-07
-26.75,7.64277054715508e-07
-26.7333333333333,7.75833512463438e-07
-26.7166666666667,7.87564712704871e-07
-26.7,7.99473297679422e-07
-26.6833333333333,8.11561949579973e-07
-26.6666666666667,8.23833391158533e-07
-26.65,8.36290386334348e-07
-26.6333333333333,8.48935740819224e-07
-26.6166666666667,8.61772302752661e-07
-26.6,8.74802963337307e-07
-26.5833333333333,8.88030657492766e-07
-26.5666666666667,9.01458364519179e-07
-26.55,9.15089108764742e-07
-26.5333333333333,9.28925960307092e-07
-26.5166666666667,9.42972035647255e-07
-26.5,9.57230498410476e-07
-26.4833333333333,9.71704560056673e-07
-26.4666666666667,9.86397480606171e-07
-26.45,1.00131256937512e-06
-26.4333333333333,1.01645318571662e-06
-26.4166666666667,1.03182273977973e-06
-26.4,1.04742469328063e-06
-26.3833333333333,1.06326256027636e-06
-26.3666666666667,1.07933990795914e-06
-26.35,1.09566035746217e-06
-26.3333333333333,1.11222758467151e-06
-26.3166666666667,1.12904532105462e-06
-26.3,1.14611735450227e-06
-26.2833333333333,1.16344753018288e-06
-26.2666666666667,1.18103975140429e-06
-26.25,1.19889798049533e-06
-26.2333333333333,1.21702623970046e-06
-26.2166666666667,1.23542861208237e-06
-26.2,1.25410924244182e-06
-26.1833333333333,1.2730723382527e-06
-26.1666666666667,1.29232217061107e-06
-26.15,1.31186307519279e-06
-26.1333333333333,1.33169945323243e-06
-26.1166666666667,1.35183577251659e-06
-26.1,1.37227656838728e-06
-26.0833333333333,1.39302644476337e-06
-26.0666666666667,1.41409007517891e-06
-26.05,1.43547220383746e-06
-26.0333333333333,1.4571776466761e-06
-26.0166666666667,1.47921129245258e-06
-26,1.50157810384817e-06
-25.9833333333333,1.52428311858302e-06
-25.9666666666667,1.54733145055041e-06
-25.95,1.57072829096989e-06
-25.9333333333333,1.59447890955854e-06
-25.9166666666667,1.61858865571303e-06
-25.9,1.64306295971703e-06
-25.8833333333333,1.66790733396498e-06
-25.8666666666667,1.6931273742044e-06
-25.85,1.71872876079269e-06
-25.8333333333333,1.74471725997854e-06
-25.8166666666667,1.77109872520192e-06
-25.8,1.79787909841189e-06
-25.7833333333333,1.82506441140262e-06
-25.7666666666667,1.85266078717363e-06
-25.75,1.88067444131045e-06
-25.7333333333333,1.90911168338272e-06
-25.7166666666667,1.93797891836441e-06
-25.7,1.96728264807758e-06
-25.6833333333333,1.99702947265875e-06
-25.6666666666667,2.02722609204249e-06
-25.65,2.0578793074707e-06
-25.6333333333333,2.08899602302527e-06
-25.6166666666667,2.12058324718539e-06
-25.6,2.15264809440196e-06
-25.5833333333333,2.18519778670146e-06
-25.5666666666667,2.21823965531294e-06
-25.55,2.25178114232183e-06
-25.5333333333333,2.28582980234105e-06
-25.5166666666667,2.32039330421508e-06
-25.5,2.3554794327476e-06
-25.4833333333333,2.39109609045628e-06
-25.4666666666667,2.4272512993488e-06
-25.45,2.46395320273168e-06
-25.4333333333333,2.5012100670445e-06
-25.4166666666667,2.53903028372418e-06
-25.4,2.57742237109046e-06
-25.3833333333333,2.61639497626633e-06
-25.3666666666667,2.65595687712593e-06
-25.35,2.69611698427331e-06
-25.3333333333333,2.73688434304685e-06
-25.3166666666667,2.77826813555655e-06
-25.3,2.82027768275292e-06
-25.2833333333333,2.86292244652744e-06
-25.2666666666667,2.9062120318431e-06
-25.25,2.95015618889583e-06
-25.2333333333333,2.99476481531202e-06
-25.2166666666667,3.04004795837815e-06
-25.2,3.08601581730501e-06
-25.1833333333333,3.13267874552127e-06
-25.1666666666667,3.1800472530074e-06
-25.15,3.22813200866278e-06
-25.1333333333333,3.27694384271101e-06
-25.1166666666667,3.32649374913492e-06
-25.1,3.37679288815464e-06
-25.0833333333333,3.4278525887414e-06
-25.0666666666667,3.47968435117069e-06
-25.05,3.53229984961024e-06
-25.0333333333333,3.58571093474936e-06
-25.0166666666667,3.63992963646891e-06
-25,3.69496816655177e-06
-24.9833333333333,3.7508389214327e-06
-24.9666666666667,3.80755448498872e-06
-24.95,3.86512763137475e-06
-24.9333333333333,3.92357132790067e-06
-24.9166666666667,3.98289873795379e-06
-24.9,4.04312322396096e-06
-24.8833333333333,4.10425835039844e-06
-24.8666666666667,4.16631788684781e-06
-24.85,4.22931581109724e-06
-24.8333333333333,4.2932663122921e-06
-24.8166666666667,4.35818379412633e-06
-24.8,4.42408287808869e-06
-24.7833333333333,4.49097840675606e-06
-24.7666666666667,4.55888544713703e-06
-24.75,4.62781929406611e-06
-24.7333333333333,4.6977954736457e-06
-24.7166666666667,4.76882974674483e-06
-24.7,4.84093811254891e-06
-24.6833333333333,4.91413681216446e-06
-24.6666666666667,4.98844233227595e-06
-24.65,5.0638714088581e-06
-24.6333333333333,5.1404410309464e-06
-24.6166666666667,5.21816844446358e-06
-24.6,5.29707115610566e-06
-24.5833333333333,5.37716693728212e-06
-24.5666666666667,5.45847382811931e-06
-24.55,5.54101014152416e-06
-24.5333333333333,5.62479446730891e-06
-24.5166666666667,5.70984567637983e-06
-24.5,5.79618292498388e-06
-24.4833333333333,5.88382565902516e-06
-24.4666666666667,5.97279361844473e-06
-24.45,6.06310684166744e-06
-24.4333333333333,6.15478567011519e-06
-24.4166666666667,6.24785075278643e-06
-24.4,6.34232305090827e-06
-24.3833333333333,6.43822384265764e-06
-24.3666666666667,6.53557472795386e-06
-24.35,6.63439763332577e-06
-24.3333333333333,6.73471481684598e-06
-24.3166666666667,6.83654887314627e-06
-24.3,6.93992273850654e-06
-24.2833333333333,7.04485969602086e-06
-24.2666666666667,7.15138338084297e-06
-24.25,7.25951778550754e-06
-24.2333333333333,7.36928726533411e-06
-24.2166666666667,7.4807165439133e-06
-24.2,7.59383071867542e-06
-24.1833333333333,7.70865526654387e-06
-24.1666666666667,7.82521604967332e-06
-24.15,7.94353932127273e-06
-24.1333333333333,8.06365173151975e-06
-24.1166666666667,8.18558033356313e-06
-24.1,8.30935258961603e-06
-24.0833333333333,8.43499637714323e-06
-24.0666666666667,8.56253999513629e-06
-24.05,8.69201217048919e-06
-24.0333333333333,8.82344206446861e-06
-24.0166666666667,8.95685927928195e-06
-24,9.09229386474599e-06
-23.9833333333333,9.22977632505313e-06
-23.9666666666667,9.36933762564194e-06
-23.95,9.5110092001722e-06
-23.9333333333333,9.65482295760473e-06
-23.9166666666667,9.80081128938897e-06
-23.9,9.94900707675847e-06
-23.8833333333333,1.00994436981351e-05
-23.8666666666667,1.0252155036648e-05
-23.85,1.04071754877654e-05
-23.8333333333333,1.05645399670413e-05
-23.8166666666667,1.07242839179813e-05
-23.8,1.08864433200226e-05
-23.7833333333333,1.10510546966387e-05
-23.7666666666667,1.12181551235662e-05
-23.75,1.13877822371553e-05
-23.7333333333333,1.15599742428471e-05
-23.7166666666667,1.17347699237793e-05
-23.7,1.19122086495189e-05
-23.6833333333333,1.20923303849312e-05
-23.6666666666667,1.22751756991807e-05
-23.65,1.24607857748687e-05
-23.6333333333333,1.264920241731e-05
-23.6166666666667,1.28404680639482e-05
-23.6,1.30346257939122e-05
-23.5833333333333,1.32317193377209e-05
-23.5666666666667,1.34317930871317e-05
-23.55,1.36348921051398e-05
-23.5333333333333,1.3841062136128e-05
-23.5166666666667,1.40503496161697e-05
-23.5,1.4262801683486e-05
-23.4833333333333,1.44784661890644e-05
-23.4666666666667,1.46973917074361e-05
-23.45,1.49196275476161e-05
-23.4333333333333,1.5145223764211e-05
-23.4166666666667,1.53742311686908e-05
-23.4,1.56067013408335e-05
-23.3833333333333,1.58426866403426e-05
-23.3666666666667,1.60822402186407e-05
-23.35,1.63254160308406e-05
-23.3333333333333,1.65722688478994e-05
-23.3166666666667,1.68228542689517e-05
-23.3,1.70772287338336e-05
-23.2833333333333,1.73354495357947e-05
-23.2666666666667,1.75975748344026e-05
-23.25,1.78636636686422e-05
-23.2333333333333,1.81337759702146e-05
-23.2166666666667,1.84079725770327e-05
-23.2,1.86863152469253e-05
-23.1833333333333,1.89688666715471e-05
-23.1666666666667,1.92556904904986e-05
-23.15,1.95468513056601e-05
-23.1333333333333,1.9842414695743e-05
-23.1166666666667,2.01424472310578e-05
-23.1,2.04470164885094e-05
-23.0833333333333,2.0756191066817e-05
-23.0666666666667,2.10700406019653e-05
-23.05,2.13886357828884e-05
-23.0333333333333,2.17120483673925e-05
-23.0166666666667,2.20403511983162e-05
-23,2.23736182199374e-05
-22.9833333333333,2.2711924494628e-05
-22.9666666666667,2.30553462197606e-05
-22.95,2.34039607448707e-05
-22.9333333333333,2.37578465890784e-05
-22.9166666666667,2.41170834587737e-05
-22.9,2.44817522655677e-05
-22.8833333333333,2.48519351445167e-05
-22.8666666666667,2.52277154726223e-05
-22.85,2.56091778876102e-05
-22.8333333333333,2.59964083069936e-05
-22.8166666666667,2.63894939474255e-05
-22.8,2.67885233443409e-05
-22.7833333333333,2.7193586371898e-05
-22.7666666666667,2.76047742632213e-05
-22.75,2.802217963095e-05
-22.7333333333333,2.84458964880978e-05
-22.7166666666667,2.88760202692277e-05
-22.7,2.93126478519466e-05
-22.6833333333333,2.97558775787247e-05
-22.6666666666667,3.02058092790455e-05
-22.65,3.0662544291891e-05
-22.6333333333333,3.11261854885663e-05
-22.6166666666667,3.15968372958696e-05
-22.6,3.20746057196138e-05
-22.5833333333333,3.25595983684997e-05
-22.5666666666667,3.30519244783541e-05
-22.55,3.35516949367334e-05
-22.5333333333333,3.40590223078989e-05
-22.5166666666667,3.45740208581699e-05
-22.5,3.5096806581661e-05
-22.4833333333333,3.56274972264064e-05
-22.4666666666667,3.61662123208806e-05
-22.45,3.671307320092e-05
-22.4333333333333,3.72682030370524e-05
-22.4166666666667,3.78317268622381e-05
-22.4,3.84037716000321e-05
-22.3833333333333,3.89844660931719e-05
-22.3666666666667,3.95739411325946e-05
-22.35,4.01723294868971e-05
-22.3333333333333,4.0779765932239e-05
-22.3166666666667,4.13963872826989e-05
-22.3,4.20223324210894e-05
-22.2833333333333,4.26577423302376e-05
-22.2666666666667,4.33027601247406e-05
-22.25,4.39575310831966e-05
-22.2333333333333,4.46222026809277e-05
-22.2166666666667,4.5296924623196e-05
-22.2,4.5981848878922e-05
-22.1833333333333,4.66771297149129e-05
-22.1666666666667,4.73829237306085e-05
-22.15,4.80993898933534e-05
-22.1333333333333,4.88266895741992e-05
-22.1166666666667,4.95649865842517e-05
-22.1,5.03144472115664e-05
-22.0833333333333,5.10752402586014e-05
-22.0666666666667,5.18475370802377e-05
-22.05,5.26315116223737e-05
-22.0333333333333,5.34273404611042e-05
-22.0166666666667,5.4235202842489e-05
-22,5.50552807229261e-05
-21.9833333333333,5.58877588101334e-05
-21.9666666666667,5.67328246047514e-05
-21.95,5.75906684425742e-05
-21.9333333333333,5.8461483537419e-05
-21.9166666666667,5.93454660246452e-05
-21.9,6.02428150053287e-05
-21.8833333333333,6.1153732591106e-05
-21.8666666666667,6.20784239496969e-05
-21.85,6.30170973511143e-05
-21.8333333333333,6.39699642145734e-05
-21.8166666666667,6.49372391561105e-05
-21.8,6.59191400369214e-05
-21.7833333333333,6.69158880124304e-05
-21.7666666666667,6.79277075821008e-05
-21.75,6.89548266400002e-05
-21.7333333333333,6.99974765261292e-05
-21.7166666666667,7.10558920785269e-05
-21.7,7.21303116861634e-05
-21.6833333333333,7.32209773426339e-05
-21.6666666666667,7.43281347006623e-05
-21.65,7.54520331274295e-05
-21.6333333333333,7.65929257607396e-05
-21.6166666666667,7.77510695660346e-05
-21.6,7.89267253942708e-05
-21.5833333333333,8.01201580406716e-05
-21.5666666666667,8.13316363043672e-05
-21.55,8.25614330489378e-05
-21.5333333333333,8.38098252638691e-05
-21.5166666666667,8.50770941269408e-05
-21.5,8.63635250675558e-05
-21.4833333333333,8.76694078310291e-05
-21.4666666666667,8.89950365438467e-05
-21.45,9.03407097799132e-05
-21.4333333333333,9.17067306277996e-05
-21.4166666666667,9.30934067590097e-05
-21.4,9.45010504972753e-05
-21.3833333333333,9.59299788889025e-05
-21.3666666666667,9.73805137741812e-05
-21.35,9.88529818598733e-05
-21.3333333333333,0.000100347714792798
-21.3166666666667,0.000101865049234527
-21.3,0.000103405326937216
-21.2833333333333,0.000104968894820575
-21.2666666666667,0.000106556105050006
-21.25,0.000108167315115921
-21.2333333333333,0.000109802887914261
-21.2166666666667,0.000111463191828234
-21.2,0.000113148600811283
-21.1833333333333,0.000114859494471315
-21.1666666666667,0.0001165962581562
-21.15,0.000118359283040563
-21.1333333333333,0.000120148966213889
-21.1166666666667,0.000121965710769962
-21.1,0.000123809925897653
-21.0833333333333,0.00012568202697308
-21.0666666666667,0.00012758243565317
-21.05,0.000129511579970625
-21.0333333333333,0.000131469894430329
-21.0166666666667,0.000133457820107216
-21,0.000135475804745609
-20.9833333333333,0.000137524302860069
-20.9666666666667,0.000139603775837765
-20.95,0.000141714692042397
-20.9333333333333,0.000143857526919681
-20.9166666666667,0.000146032763104437
-20.9,0.000148240890529295
-20.8833333333333,0.000150482406535041
-20.8666666666667,0.000152757815982638
-20.85,0.000155067631366931
-20.8333333333333,0.000157412372932082
-20.8166666666667,0.000159792568788742
-20.8,0.000162208755033002
-20.7833333333333,0.000164661475867137
-20.7666666666667,0.000167151283722178
-20.75,0.000169678739382336
-20.7333333333333,0.000172244412111312
-20.7166666666667,0.000174848879780508
-20.7,0.000177492728999187
-20.6833333333333,0.000180176555246593
-20.6666666666667,0.000182900963006073
-20.65,0.000185666565901226
-20.6333333333333,0.000188473986834112
-20.6166666666667,0.000191323858125548
-20.6,0.000194216821657525
-20.5833333333333,0.000197153529017784
-20.5666666666667,0.000200134641646571
-20.55,0.000203160830985618
-20.5333333333333,0.000206232778629369
-20.5166666666667,0.000209351176478501
-20.5,0.000212516726895757
-20.4833333333333,0.000215730142864147
-20.4666666666667,0.00021899214814753
-20.45,0.000222303477453631
-20.4333333333333,0.000225664876599517
-20.4166666666667,0.000229077102679583
-20.4,0.000232540924236071
-20.3833333333333,0.000236057121432172
-20.3666666666667,0.000239626486227744
-20.35,0.000243249822557684
-20.3333333333333,0.000246927946513002
-20.3166666666667,0.000250661686524631
-20.3,0.000254451883550016
-20.2833333333333,0.000258299391262522
-20.2666666666667,0.00026220507624371
-20.25,0.000266169818178522
-20.2333333333333,0.000270194510053407
-20.2166666666667,0.000274280058357457
-20.2,0.000278427383286575
-20.1833333333333,0.00028263741895073
-20.1666666666667,0.000286911113584354
-20.15,0.000291249429759907
-20.1333333333333,0.000295653344604687
-20.1166666666667,0.000300123850020902
-20.1,0.000304661952909087
-20.0833333333333,0.000309268675394882
-20.0666666666667,0.000313945055059254
-20.05,0.000318692145172187
-20.0333333333333,0.000323511014929917
-20.0166666666667,0.00032840274969575
-20,0.000333368451244513
-19.9833333333333,0.000338409238010718
-19.9666666666667,0.000338465121234245
-19.95,0.000338527502986689
-19.9333333333333,0.000338591992509597
-19.9166666666667,0.000338657506039876
-19.9,0.000338723649131626
-19.8833333333333,0.000338790256362461
-19.8666666666667,0.000338857254476774
-19.85,0.000338924610742759
-19.8333333333333,0.000338992311031029
-19.8166666666667,0.000339060349924248
-19.8,0.000339128726133159
-19.7833333333333,0.000339197440338975
-19.7666666666667,0.000339266494173245
-19.75,0.00033933588973122
-19.7333333333333,0.000339405629343191
-19.7166666666667,0.00033947571546214
-19.7,0.000339546150614503
-19.6833333333333,0.000339616937377217
-19.6666666666667,0.0003396880783594
-19.65,0.000339759576201698
-19.6333333333333,0.000339831433573961
-19.6166666666667,0.000339903653175266
-19.6,0.000339976237723143
-19.5833333333333,0.000340049189980115
-19.5666666666667,0.000340122512712722
-19.55,0.000340196208729275
-19.5333333333333,0.000340270280885001
-19.5166666666667,0.000340344732028933
-19.5,0.000340419565052952
-19.4833333333333,0.000340494782870862
-19.4666666666667,0.000340570388469802
-19.45,0.000340646384793507
-19.4333333333333,0.000340722774890022
-19.4166666666667,0.000340799561669713
-19.4,0.000340876748519421
-19.3833333333333,0.000340954338319782
-19.3666666666667,0.0003410323341898
-19.35,0.000341110739280019
-19.3333333333333,0.000341189556772907
-19.3166666666667,0.000341268789883258
-19.3,0.000341348442214876
-19.2833333333333,0.000341428516856319
-19.2666666666667,0.000341509016976607
-19.25,0.000341589945773411
-19.2333333333333,0.000341671306955335
-19.2166666666667,0.000341753104134892
-19.2,0.000341835340618655
-19.1833333333333,0.000341918019743426
-19.1666666666667,0.000342001144923544
-19.15,0.000342084720640168
-19.1333333333333,0.000342168749711013
-19.1166666666667,0.000342253235690312
-19.1,0.000342338182989142
-19.0833333333333,0.00034242359410518
-19.0666666666667,0.000342509474262941
-19.05,0.000342595826452941
-19.0333333333333,0.000342682654401745
-19.0166666666667,0.000342769962779763
-19,0.000342857754221621
-18.9833333333333,0.000342946034214987
-18.9666666666667,0.000343034805935565
-18.95,0.000343124073292938
-18.9333333333333,0.000343213841235046
-18.9166666666667,0.000343304112542724
-18.9,0.000343394892983579
-18.8833333333333,0.000343486185931919
-18.8666666666667,0.000343577995491828
-18.85,0.00034367032690846
-18.8333333333333,0.000343763183118861
-18.8166666666667,0.000343856570188643
-18.8,0.000343950491705254
-18.7833333333333,0.000344044951979633
-18.7666666666667,0.000344139956575458
-18.75,0.00034423550859679
-18.7333333333333,0.000344331614426713
-18.7166666666667,0.00034442827788158
-18.7,0.000344525503492477
-18.6833333333333,0.000344623297164697
-18.6666666666667,0.000344721662181001
-18.65,0.000344820605262933
-18.6333333333333,0.00034492013047286
-18.6166666666667,0.000345020242576337
-18.6,0.000345120947845306
-18.5833333333333,0.000345222249753881
-18.5666666666667,0.00034532415538471
-18.55,0.000345426669064758
-18.5333333333333,0.000345529795809486
-18.5166666666667,0.000345633542284657
-18.5,0.000345737912169443
-18.4833333333333,0.000345842912932045
-18.4666666666667,0.000345948549184236
-18.45,0.000346054826208038
-18.4333333333333,0.000346161750610449
-18.4166666666667,0.000346269327705185
-18.4,0.000346377562720093
-18.3833333333333,0.000346486463143122
-18.3666666666667,0.000346596034503169
-18.35,0.000346706282227261
-18.3333333333333,0.000346817212570954
-18.3166666666667,0.000346928832757085
-18.3,0.000347041148420964
-18.2833333333333,0.000347154165243209
-18.2666666666667,0.000347267890758039
-18.25,0.00034738233169189
-18.2333333333333,0.000347497493604515
-18.2166666666667,0.000347613383426904
-18.2,0.000347730008931488
-18.1833333333333,0.00034784737593675
-18.1666666666667,0.000347965490932835
-18.15,0.000348084362671346
-18.1333333333333,0.000348203997192964
-18.1166666666667,0.000348324400575033
-18.1,0.000348445582478235
-18.0833333333333,0.000348567549241788
-18.0666666666667,0.000348690307177432
-18.05,0.000348813865545377
-18.0333333333333,0.000348938231681824
-18.0166666666667,0.000349063412143863
-18,0.000349189415752471
-17.9833333333333,0.000349316250906634
-17.9666666666667,0.000349443924420346
-17.95,0.0003495724446338
-17.9333333333333,0.000349701821078785
-17.9166666666667,0.000349832060838381
-17.9,0.000349963171727458
-17.8833333333333,0.000350095164485129
-17.8666666666667,0.000350228046476407
-17.85,0.000350361825112952
-17.8333333333333,0.000350496512080891
-17.8166666666667,0.000350632114733384
-17.8,0.000350768642263857
-17.7833333333333,0.000350906103609759
-17.7666666666667,0.000351044508193943
-17.75,0.000351183866527762
-17.7333333333333,0.000351324187924908
-17.7166666666667,0.000351465481811062
-17.7,0.000351607757725398
-17.6833333333333,0.000351751025322103
-17.6666666666667,0.000351895294920936
-17.65,0.000352040578870102
-17.6333333333333,0.000352186883856268
-17.6166666666667,0.000352334222327002
-17.6,0.000352482604857742
-17.5833333333333,0.000352632042162047
-17.5666666666667,0.000352782545093755
-17.55,0.000352934124827662
-17.5333333333333,0.000353086792767561
-17.5166666666667,0.000353240560195218
-17.5,0.000353395438542086
-17.4833333333333,0.000353551439367296
-17.4666666666667,0.000353708574598583
-17.45,0.000353866856463925
-17.4333333333333,0.000354026297039248
-17.4166666666667,0.000354186908310067
-17.4,0.000354348703238596
-17.3833333333333,0.000354511693925589
-17.3666666666667,0.000354675893847032
-17.35,0.000354841316582169
-17.3333333333333,0.000355007974466073
-17.3166666666667,0.000355175880790752
-17.3,0.000355345049029936
-17.2833333333333,0.000355515492842025
-17.2666666666667,0.000355687225900098
-17.25,0.000355860263053509
-17.2333333333333,0.000356034618525334
-17.2166666666667,0.000356210306320542
-17.2,0.000356387340905113
-17.1833333333333,0.000356565738338331
-17.1666666666667,0.00035674551305061
-17.15,0.000356926680722086
-17.1333333333333,0.000357109257107338
-17.1166666666667,0.000357293257629756
-17.1,0.00035747869834366
-17.0833333333333,0.000357665596010735
-17.0666666666667,0.00035785396665024
-17.05,0.0003580438269396
-17.0333333333333,0.00035823519441793
-17.0166666666667,0.000358428085864801
-17,0.000358622518456228
-16.9833333333333,0.000358818510372252
-16.9666666666667,0.000359016079601536
-16.95,0.00035921524439627
-16.9333333333333,0.00035941602328131
-16.9166666666667,0.000359618435048297
-16.9,0.00035982249876688
-16.8833333333333,0.000360028233789052
-16.8666666666667,0.000360235659611948
-16.85,0.000360444796022179
-16.8333333333333,0.000360655663755685
-16.8166666666667,0.000360868283252486
-16.8,0.000361082675227655
-16.7833333333333,0.000361298860789151
-16.7666666666667,0.000361516861535241
-16.75,0.000361736699281165
-16.7333333333333,0.000361958396111341
-16.7166666666667,0.000362181974244012
-16.7,0.000362407456436784
-16.6833333333333,0.000362634866408129
-16.6666666666667,0.000362864227389674
-16.65,0.000363095563261839
-16.6333333333333,0.000363328898273293
-16.6166666666667,0.000363564257131873
-16.6,0.000363801664877449
-16.5833333333333,0.000364041146735625
-16.5666666666667,0.000364282728878584
-16.55,0.000364526436879034
-16.5333333333333,0.000364772297355246
-16.5166666666667,0.000365020337817654
-16.5,0.000365270585727603
-16.4833333333333,0.000365523068758292
-16.4666666666667,0.000365777815031287
-16.45,0.000366034853287551
-16.4333333333333,0.000366294213268522
-16.4166666666667,0.000366555924588805
-16.4,0.00036682001742872
-16.3833333333333,0.000367086522236965
-16.3666666666667,0.000367355470155121
-16.35,0.000367626892826718
-16.3333333333333,0.00036790082240664
-16.3166666666667,0.000368177291625969
-16.3,0.00036845633316407
-16.2833333333333,0.000368737981797605
-16.2666666666667,0.000369022271700221
-16.25,0.000369309237488562
-16.2333333333333,0.000369598914338027
-16.2166666666667,0.000369891337993066
-16.2,0.000370186545391447
-16.1833333333333,0.000370484573767044
-16.1666666666667,0.000370785461264582
-16.15,0.00037108924652481
-16.1333333333333,0.000371395967989469
-16.1166666666667,0.000371705666100845
-16.1,0.00037201838082462
-16.0833333333333,0.000372334153502138
-16.0666666666667,0.000372653025867769
-16.05,0.000372975040650635
-16.0333333333333,0.000373300240263753
-16.0166666666667,0.000373628669669976
-16,0.000373960373256009
-15.9833333333333,0.000374295396914282
-15.9666666666667,0.00037463378642392
-15.95,0.000374975588828938
-15.9333333333333,0.000375320851980747
-15.9166666666667,0.000375669624729652
-15.9,0.000376021956399493
-15.8833333333333,0.000376377897199551
-15.8666666666667,0.000376737498202758
-15.85,0.000377100813105465
-15.8333333333333,0.000377467892561898
-15.8166666666667,0.000377838793548942
-15.8,0.000378213568447953
-15.7833333333333,0.000378592272715464
-15.7666666666667,0.000378974966172113
-15.75,0.000379361704004051
-15.7333333333333,0.000379752544861103
-15.7166666666667,0.000380147551570316
-15.7,0.000380546782292159
-15.6833333333333,0.000380950299073786
-15.6666666666667,0.00038135816792103
-15.65,0.000381770450148896
-15.6333333333333,0.000382187211419573
-15.6166666666667,0.000382608521100275
-15.6,0.000383034443852084
-15.5833333333333,0.00038346504918447
-15.5666666666667,0.000383900410019379
-15.55,0.000384340594567461
-15.5333333333333,0.000384785676433175
-15.5166666666667,0.000385235732297834
-15.5,0.000385690834137771
-15.4833333333333,0.000386151059916544
-15.4666666666667,0.000386616490291296
-15.45,0.000387087201233435
-15.4333333333333,0.000387563275347148
-15.4166666666667,0.000388044797494213
-15.4,0.000388531845407711
-15.3833333333333,0.000389024512037017
-15.3666666666667,0.000389522880872773
-15.35,0.00039002704128506
-15.3333333333333,0.000390537085721341
-15.3166666666667,0.000391053101955451
-15.3,0.000391575189553521
-15.2833333333333,0.000392103437463652
-15.2666666666667,0.000392637950584437
-15.25,0.000393178821368954
-15.2333333333333,0.000393726156690698
-15.2166666666667,0.000394280054468274
-15.2,0.000394840623558393
-15.1833333333333,0.000395407967636589
-15.1666666666667,0.000395982197547424
-15.15,0.000396563423029784
-15.1333333333333,0.000397151756916576
-15.1166666666667,0.000397747315332189
-15.1,0.000398350213093738
-15.0833333333333,0.000398960573049753
-15.0666666666667,0.000399578511992229
-15.05,0.000400204159849719
-15.0333333333333,0.000400837635374001
-15.0166666666667,0.000401479075947583
-15,0.000402128603359288
-14.9833333333333,0.000402786360642583
-14.9666666666667,0.000403452475362917
-14.95,0.000404127093277641
-14.9333333333333,0.00040481034957997
-14.9166666666667,0.000405502392746166
-14.9,0.000406203366004521
-14.8833333333333,0.000406913420537632
-14.8666666666667,0.000407632708036506
-14.85,0.000408361382368986
-14.8333333333333,0.000409099604137638
-14.8166666666667,0.000409847529864956
-14.8,0.00041060532953602
-14.7833333333333,0.00041137316228679
-14.7666666666667,0.000412151207978844
-14.75,0.000412939628308647
-14.7333333333333,0.000413738613532244
-14.7166666666667,0.000414548330671493
-14.7,0.00041536897526357
-14.6833333333333,0.000416200723534974
-14.6666666666667,0.000417043774606679
-14.65,0.000417898315269212
-14.6333333333333,0.000418764548175995
-14.6166666666667,0.000419642671236577
-14.6,0.00042053289056935
-14.5833333333333,0.000421435415783852
-14.5666666666667,0.000422350456378037
-14.55,0.000423278234269327
-14.5333333333333,0.000424218962229927
-14.5166666666667,0.000425172875120915
-14.5,0.000426140188861391
-14.4833333333333,0.000427121151920716
-14.4666666666667,0.000428115983784376
-14.45,0.000429124946083351
-14.4333333333333,0.000430148266992205
-14.4166666666667,0.000431186212577401
-14.4,0.000432239024666982
-14.3833333333333,0.00043330697361651
-14.3666666666667,0.000434390315601809
-14.35,0.000435489325090592
-14.3333333333333,0.000436604273330382
-14.3166666666667,0.000437735438690345
-14.3,0.00043888310824409
-14.2833333333333,0.00044004756401432
-14.2666666666667,0.000441229109686456
-14.25,0.000442428030647875
-14.2333333333333,0.000443644648013744
-14.2166666666667,0.00044487925020227
-14.2,0.000446132176609396
-14.1833333333333,0.000447403721663859
-14.1666666666667,0.000448694237211374
-14.15,0.000450004031030303
-14.1333333333333,0.000451333459503759
-14.1166666666667,0.000452682848356809
-14.1,0.000454052558101768
-14.0833333333333,0.000455442933263293
-14.0666666666667,0.00045685433801342
-14.05,0.00045828713656073
-14.0333333333333,0.000459741696200653
-14.0166666666667,0.000461218401742232
-14,0.000462717622995204
-13.9833333333333,0.000464239766444116
-13.9666666666667,0.000465785205364558
-13.95,0.000467354364959206
-13.9333333333333,0.000468947624166891
-13.9166666666667,0.000470565417008089
-13.9,0.000472208159887122
-13.8833333333333,0.000473876274084978
-13.8666666666667,0.00047557018669014
-13.85,0.000477290330586352
-13.8333333333333,0.000479037163997141
-13.8166666666667,0.000480811136992047
-13.8,0.000482612701106385
-13.7833333333333,0.000484442313628032
-13.7666666666667,0.000486300437558091
-13.75,0.00048818754636305
-13.7333333333333,0.000490104137264854
-13.7166666666667,0.000492050675830444
-13.7,0.00049402766728416
-13.6833333333333,0.000496035611664997
-13.6666666666667,0.000498075009885694
-13.65,0.000500146367555627
-13.6333333333333,0.000502250198561818
-13.6166666666667,0.000504387022334006
-13.6,0.000506557363757015
-13.5833333333333,0.000508761759689779
-13.5666666666667,0.00051100073953019
-13.55,0.000513274858580637
-13.5333333333333,0.000515584651817376
-13.5166666666667,0.000517930677908967
-13.5,0.000520313494747238
-13.4833333333333,0.000522733653126651
-13.4666666666667,0.000525191738396229
-13.45,0.000527688298424514
-13.4333333333333,0.000530223932717405
-13.4166666666667,0.00053279920401124
-13.4,0.00053541470113417
-13.3833333333333,0.00053807101396788
-13.3666666666667,0.000540768718081349
-13.35,0.000543508431649459
-13.3333333333333,0.00054629072489042
-13.3166666666667,0.000549116224228069
-13.3,0.00055198551538621
-13.2833333333333,0.00055489920806018
-13.2666666666667,0.000557857915687301
-13.25,0.000560862228248821
-13.2333333333333,0.000563912788128762
-13.2166666666667,0.000567010177406843
-13.2,0.000570155038949685
-13.1833333333333,0.000573347971349183
-13.1666666666667,0.000576589593818586
-13.15,0.000579880533222808
-13.1333333333333,0.000583221381881033
-13.1166666666667,0.000586612796304579
-13.1,0.000590055359144361
-13.0833333333333,0.000593549716741753
-13.0666666666667,0.000597096472297913
-13.05,0.000600696228847938
-13.0333333333333,0.000604349637031701
-13.0166666666667,0.000608057300881175
-13,0.000611819826416895
-12.9833333333333,0.000615637818529285
-12.9666666666667,0.00061951188457627
-12.95,0.000623442641421615
-12.9333333333333,0.000627430731760791
-12.9166666666667,0.000631476710870237
-12.9,0.000635581191147152
-12.8833333333333,0.000639744751224013
-12.8666666666667,0.000643968041276633
-12.85,0.00064825164009767
-12.8333333333333,0.000652596118379521
-12.8166666666667,0.000657002065000273
-12.8,0.000661470106058245
-12.7833333333333,0.000666000803958588
-12.7666666666667,0.000670594717559189
-12.75,0.000675252457932273
-12.7333333333333,0.000679974577956862
-12.7166666666667,0.000684761666403654
-12.7,0.000689614315486184
-12.6833333333333,0.0006945330442029
-12.6666666666667,0.000699518481978487
-12.65,0.000704571129981886
-12.6333333333333,0.000709691619704095
-12.6166666666667,0.000714880446390386
-12.6,0.000720138237445499
-12.5833333333333,0.000725465488038226
-12.5666666666667,0.000730862819069427
-12.55,0.000736330745478744
-12.5333333333333,0.000741869819352052
-12.5166666666667,0.00074748060842536
-12.5,0.000753163691640133
-12.4833333333333,0.000758919596927828
-12.4666666666667,0.000764748893962339
-12.45,0.000770652144764872
-12.4333333333333,0.000776629914186998
-12.4166666666667,0.000782682754098454
-12.4,0.000788811236542499
-12.3833333333333,0.000795015915468752
-12.3666666666667,0.000801297369608385
-12.35,0.000807656165031312
-12.3333333333333,0.000814092872788641
-12.3166666666667,0.000820608073460499
-12.3,0.000827202346572958
-12.2833333333333,0.00083387628239406
-12.2666666666667,0.00084063048051492
-12.25,0.000847465518911315
-12.2333333333333,0.000854381996137431
-12.2166666666667,0.000861380554617386
-12.2,0.00086846176544959
-12.1833333333333,0.000875626242893505
-12.1666666666667,0.000882874607245266
-12.15,0.000890207485101618
-12.1333333333333,0.000897625509616372
-12.1166666666667,0.000905129320749202
-12.1,0.000912719565506722
-12.0833333333333,0.00092039689817577
-12.0666666666667,0.000928161977083631
-12.05,0.000936015504413288
-12.0333333333333,0.000943958122024316
-12.0166666666667,0.000951990530153827
-12,0.000960113439685125
-11.9833333333333,0.00096832752041974
-11.9666666666667,0.0009766335057326
-11.95,0.000985032125196494
-11.9333333333333,0.000993524076278684
-11.9166666666667,0.00100211012455184
-11.9,0.0010107910209729
-11.8833333333333,0.00101956749217353
-11.8666666666667,0.00102844033687621
-11.85,0.0010374103291949
-11.8333333333333,0.00104647822625671
-11.8166666666667,0.00105564486073931
-11.8,0.00106491103156259
-11.7833333333333,0.00107427752797312
-11.7666666666667,0.00108374521605998
-11.75,0.00109331492269998
-11.7333333333333,0.00110298748199896
-11.7166666666667,0.00111276375031028
-11.7,0.00112264461395749
-11.6833333333333,0.00113263095442981
-11.6666666666667,0.00114272365578831
-11.65,0.00115292363134844
-11.6333333333333,0.00116323179797432
-11.6166666666667,0.00117364907018637
-11.6,0.00118417639105226
-11.5833333333333,0.00119481471311893
-11.5666666666667,0.00120556499073135
-11.55,0.00121642819301211
-11.5333333333333,0.0012274053112422
-11.5166666666667,0.00123849735013605
-11.5,0.00124970530252043
-11.4833333333333,0.00126103020341677
-11.4666666666667,0.00127247307307583
-11.45,0.00128403495733753
-11.4333333333333,0.00129571691928742
-11.4166666666667,0.00130752002878308
-11.4,0.00131944536340998
-11.3833333333333,0.00133149401956321
-11.3666666666667,0.00134366710478304
-11.35,0.00135596573858484
-11.3333333333333,0.00136839106114036
-11.3166666666667,0.00138094420567123
-11.3,0.00139362634169392
-11.2833333333333,0.00140643864995458
-11.2666666666667,0.00141938231414061
-11.25,0.00143245848984961
-11.2333333333333,0.00144566845184382
-11.2166666666667,0.00145901339448598
-11.2,0.00147249455519649
-11.1833333333333,0.00148611320032591
-11.1666666666667,0.00149987057387716
-11.15,0.00151376798995735
-11.1333333333333,0.00152780672325066
-11.1166666666667,0.00154198807620578
-11.1,0.00155631341066659
-11.0833333333333,0.00157078402376688
-11.0666666666667,0.00158540126792365
-11.05,0.00160016655401381
-11.0333333333333,0.00161508122527869
-11.0166666666667,0.00163014667146275
-11,0.00164536435284969
-10.9833333333333,0.0016607356597452
-10.9666666666667,0.00167626202102769
-10.95,0.001691944946858
-10.9333333333333,0.00170778587561007
-10.9166666666667,0.00172378627709229
-10.9,0.00173994771190808
-10.8833333333333,0.00175627166755251
-10.8666666666667,0.00177275965655372
-10.85,0.00178941329061666
-10.8333333333333,0.00180623410746081
-10.8166666666667,0.00182322366412183
-10.8,0.00184038362415694
-10.7833333333333,0.00185771557666489
-10.7666666666667,0.00187522112827229
-10.75,0.0018929019886734
-10.7333333333333,0.00191075980281658
-10.7166666666667,0.00192879623032217
-10.7,0.00194701302475212
-10.6833333333333,0.0019654118897573
-10.6666666666667,0.00198399453923173
-10.65,0.0020027627726677
-10.6333333333333,0.00202171835321323
-10.6166666666667,0.00204086305037093
-10.6,0.00206019871162872
-10.5833333333333,0.0020797271605228
-10.5666666666667,0.00209945022355525
-10.55,0.00211936979828149
-10.5333333333333,0.00213948776961146
-10.5166666666667,0.00215980602249444
-10.5,0.00218032650663566
-10.4833333333333,0.00220105116939727
-10.4666666666667,0.00222198195568119
-10.45,0.00224312086943908
-10.4333333333333,0.00226446992165504
-10.4166666666667,0.00228603111874771
-10.4,0.00230780652102993
-10.3833333333333,0.0023297982043673
-10.3666666666667,0.00235200823831896
-10.35,0.00237443874169532
-10.3333333333333,0.0023970918565918
-10.3166666666667,0.00241996971739234
-10.3,0.0024430745035668
-10.2833333333333,0.00246640842487618
-10.2666666666667,0.0024899736822754
-10.25,0.0025137725180844
-10.2333333333333,0.00253780721125234
-10.2166666666667,0.00256208003111413
-10.2,0.00258659328506275
-10.1833333333333,0.00261134932287926
-10.1666666666667,0.00263635048418432
-10.15,0.00266159914333804
-10.1333333333333,0.00268709772303714
-10.1166666666667,0.00271284863516199
-10.1,0.00273885432318401
-10.0833333333333,0.00276511728461362
-10.0666666666667,0.0027916400073368
-10.05,0.00281842500446484
-10.0333333333333,0.0028454748455087
-10.0166666666667,0.0028727921023477
-10,0.00290037936623694
-9.98333333333333,0.00292823926393471
-9.96666666666667,0.00295637446414379
-9.95,0.00298478762928693
-9.93333333333333,0.00301348147515491
-9.91666666666667,0.00304245872849652
-9.9,0.00307172214926552
-9.88333333333333,0.00310127453101387
-9.86666666666667,0.00313111868895755
-9.85,0.00316125746387442
-9.83333333333334,0.00319169372828211
-9.81666666666667,0.00322243038427024
-9.8,0.00325347035918476
-9.78333333333333,0.00328481660876506
-9.76666666666667,0.0033164721248706
-9.75,0.00334843991986846
-9.73333333333333,0.00338072304364802
-9.71666666666667,0.00341332457243332
-9.7,0.00344624761174109
-9.68333333333333,0.00347949529960981
-9.66666666666667,0.00351307080871906
-9.65,0.00354697733829775
-9.63333333333333,0.0035812181195967
-9.61666666666667,0.00361579641588121
-9.6,0.00365071552309027
-9.58333333333334,0.00368597877283586
-9.56666666666667,0.0037215895276467
-9.55,0.00375755118211243
-9.53333333333333,0.00379386716442202
-9.51666666666667,0.00383054093673169
-9.5,0.00386757599601237
-9.48333333333333,0.0039049758734317
-9.46666666666667,0.0039427441351679
-9.45,0.00398088438281644
-9.43333333333333,0.00401940025499632
-9.41666666666667,0.0040582954245889
-9.4,0.00409757360073429
-9.38333333333333,0.00413723852909357
-9.36666666666667,0.0041772939922348
-9.35,0.00421774381029777
-9.33333333333334,0.00425859184110825
-9.31666666666667,0.00429984198054485
-9.3,0.00434149816276945
-9.28333333333333,0.004383564360334
-9.26666666666667,0.00442604458538576
-9.25,0.00446894288999439
-9.23333333333333,0.00451226336734035
-9.21666666666667,0.00455601014965095
-9.2,0.00460018740955155
-9.18333333333333,0.00464479936054306
-9.16666666666667,0.00468985025767773
-9.15,0.0047353443979637
-9.13333333333333,0.00478128612079576
-9.11666666666667,0.00482767980892469
-9.1,0.0048745298900737
-9.08333333333334,0.00492184083286188
-9.06666666666667,0.00496961714996536
-9.05,0.00501786339854171
-9.03333333333333,0.00506658418062311
-9.01666666666667,0.00511578414479096
-9,0.00516546798634193
-8.98333333333333,0.00521564044474469
-8.96666666666667,0.00526630630560434
-8.95,0.00531747040176047
-8.93333333333333,0.00536913761518339
-8.91666666666667,0.00542131287707844
-8.9,0.00547400116384123
-8.88333333333333,0.00552720750060328
-8.86666666666667,0.00558093696620719
-8.85,0.005635194686571
-8.83333333333334,0.00568998583676749
-8.81666666666667,0.0057453156449861
-8.8,0.00580118939177234
-8.78333333333333,0.00585761240652766
-8.76666666666667,0.00591459007169767
-8.75,0.00597212782656504
-8.73333333333333,0.00603023115949194
-8.71666666666667,0.00608890561296618
-8.7,0.00614815678759688
-8.68333333333333,0.00620799033642096
-8.66666666666667,0.00626841196632921
-8.65,0.00632942744560759
-8.63333333333333,0.00639104259445435
-8.61666666666667,0.00645326329152952
-8.6,0.00651609547548013
-8.58333333333334,0.00657954513918394
-8.56666666666667,0.00664361833952889
-8.55,0.00670832118865167
-8.53333333333333,0.00677365986085305
-8.51666666666667,0.00683964059117558
-8.5,0.00690626967397783
-8.48333333333333,0.00697355346935452
-8.46666666666667,0.00704149839584481
-8.45,0.0071101109373814
-8.43333333333333,0.00717939764109379
-8.41666666666667,0.0072493651184519
-8.4,0.0073200200458594
-8.38333333333333,0.0073913691653949
-8.36666666666667,0.00746341928541553
-8.35,0.00753617728254668
-8.33333333333334,0.00760965009774426
-8.31666666666667,0.00768384474355015
-8.3,0.00775876829889607
-8.28333333333333,0.00783442791403234
-8.26666666666667,0.0079108308084268
-8.25,0.00798798427316382
-8.23333333333333,0.0080658956703179
-8.21666666666667,0.0081445724346401
-8.2,0.00822402207445276
-8.18333333333333,0.00830425217124672
-8.16666666666667,0.0083852703810379
-8.15,0.00846708443504989
-8.13333333333333,0.00854970214061829
-8.11666666666667,0.00863313138224619
-8.1,0.00871738012155095
-8.08333333333334,0.0088024563974011
-8.06666666666667,0.008888368329429
-8.05,0.00897512411548025
-8.03333333333333,0.00906273203497963
-8.01666666666667,0.00915120044817621
-8,0.00924053779735606
-7.98333333333333,0.00933075260846611
-7.96666666666667,0.00942185349012355
-7.95,0.00951384913675661
-7.93333333333333,0.00960674832721181
-7.91666666666667,0.00970055992698269
-7.9,0.00979529288876009
-7.88333333333333,0.00989095625270877
-7.86666666666667,0.00998755914856562
-7.85,0.0100851107950766
-7.83333333333334,0.0101836205017891
-7.81666666666667,0.0102830976698628
-7.8,0.0103835517924928
-7.78333333333333,0.0104849924562741
-7.76666666666667,0.0105874293419721
-7.75,0.0106908722254468
-7.73333333333333,0.0107953309786295
-7.71666666666667,0.010900815570419
-7.7,0.0110073360674295
-7.68333333333333,0.0111149026354696
-7.66666666666667,0.0112235255399184
-7.65,0.0113332151471579
-7.63333333333333,0.0114439819254613
-7.61666666666667,0.0115558364455728
-7.6,0.0116687893823156
-7.58333333333334,0.011782851515516
-7.56666666666667,0.0118980337305605
-7.55,0.0120143470198119
-7.53333333333333,0.0121318024840906
-7.51666666666667,0.0122504113321111
-7.5,0.0123701848837073
-7.48333333333333,0.0124911345699322
-7.46666666666667,0.0126132719332899
-7.45,0.0127366086298609
-7.43333333333333,0.0128611564308099
-7.41666666666667,0.0129869272226994
-7.4,0.0131139330088476
-7.38333333333333,0.0132421859101225
-7.36666666666667,0.0133716981659212
-7.35,0.0135024821372225
-7.33333333333334,0.0136345503055457
-7.31666666666667,0.0137679152747123
-7.3,0.0139025897730762
-7.28333333333333,0.0140385866541452
-7.26666666666667,0.0141759188966107
-7.25,0.0143145996067677
-7.23333333333333,0.0144546420202757
-7.21666666666667,0.0145960595027917
-7.2,0.0147388655512455
-7.18333333333333,0.0148830737951277
-7.16666666666667,0.0150286979968229
-7.15,0.0151757520538816
-7.13333333333333,0.0153242500016082
-7.11666666666667,0.0154742060125193
-7.1,0.0156256343983091
-7.08333333333334,0.0157785496112155
-7.06666666666667,0.0159329662453996
-7.05,0.0160888990383389
-7.03333333333333,0.0162463628701352
-7.01666666666667,0.0164053727738251
-7,0.0165659439191989
-6.98333333333333,0.0167280916363128
-6.96666666666667,0.0168918313997955
-6.95,0.0170571788335921
-6.93333333333333,0.0172241497239917
-6.91666666666667,0.0173927600028344
-6.9,0.0175630257619456
-6.88333333333333,0.0177349632573918
-6.86666666666667,0.0179085888916425
-6.85,0.018083919238192
-6.83333333333334,0.0182609710361851
-6.81666666666667,0.0184397611740281
-6.8,0.0186203067230809
-6.78333333333333,0.0188026249127485
-6.76666666666667,0.0189867331412523
-6.75,0.0191726489880043
-6.73333333333333,0.0193603901871516
-6.71666666666667,0.0195499746622678
-6.7,0.0197414205105331
-6.68333333333333,0.0199347459962082
-6.66666666666667,0.0201299695786749
-6.65,0.0203271098847012
-6.63333333333333,0.0205261857316993
-6.61666666666667,0.0207272161250644
-6.6,0.020930220241938
-6.58333333333334,0.0211352174682481
-6.56666666666667,0.0213422273603474
-6.55,0.0215512696802961
-6.53333333333333,0.0217623643825745
-6.51666666666667,0.0219755316070561
-6.5,0.0221907917102901
-6.48333333333333,0.0224081652253086
-6.46666666666667,0.0226276729058662
-6.45,0.0228493357024767
-6.43333333333333,0.0230731747676331
-6.41666666666667,0.0232992114754358
-6.4,0.0235274673852231
-6.38333333333333,0.0237579642966407
-6.36666666666667,0.0239907241975955
-6.35,0.0242257693108571
-6.33333333333334,0.0244631220693232
-6.31666666666667,0.0247028051232458
-6.3,0.0249448413593439
-6.28333333333333,0.0251892538637404
-6.26666666666667,0.0254360659788943
-6.25,0.025685301248727
-6.23333333333333,0.0259369834710174
-6.21666666666667,0.0261911366634412
-6.2,0.0264477850837497
-6.18333333333333,0.0267069532332743
-6.16666666666667,0.0269686658387909
-6.15,0.0272329478948496
-6.13333333333333,0.0274998246064886
-6.11666666666667,0.0277693214633761
-6.1,0.0280414641738536
-6.08333333333334,0.0283162787225686
-6.06666666666667,0.0285937913353629
-6.05,0.0288740284989705
-6.03333333333333,0.0291570169665194
-6.01666666666667,0.0294427837399182
-6,0.0297313561068088
-5.98333333333333,0.0300227615949704
-5.96666666666667,0.0303170280375196
-5.95,0.0306141834984903
-5.93333333333333,0.0309142563620898
-5.91666666666667,0.0312172752494237
-5.9,0.0315232690994432
-5.88333333333333,0.0318322671055518
-5.86666666666667,0.0321442987702899
-5.85,0.0324593938706389
-5.83333333333334,0.0327775824833364
-5.81666666666667,0.0330988949798893
-5.8,0.0334233620264427
-5.78333333333333,0.0337510145968961
-5.76666666666667,0.0340818839589625
-5.75,0.0344160017013488
-5.73333333333333,0.0347533997052199
-5.71666666666667,0.0350941101862063
-5.7,0.0354381656510461
-5.68333333333333,0.0357855989546458
-5.66666666666667,0.0361364432416797
-5.65,0.0364907320189244
-5.63333333333333,0.0368484990815994
-5.61666666666667,0.0372097786011918
-5.6,0.0375746050326229
-5.58333333333334,0.0379430132248256
-5.56666666666667,0.0383150383225352
-5.55,0.0386907158485281
-5.53333333333333,0.0390700816545996
-5.51666666666667,0.0394531719510328
-5.5,0.0398400233105441
-5.48333333333333,0.0402306726445854
-5.46666666666667,0.0406251572609173
-5.45,0.0410235147861035
-5.43333333333333,0.0414257832754625
-5.41666666666667,0.0418320010886342
-5.4,0.0422422070294661
-5.38333333333333,0.0426564402287471
-5.36666666666667,0.0430747402419321
-5.35,0.0434971469860646
-5.33333333333334,0.0439237007831536
-5.31666666666667,0.0443544423518908
-5.3,0.0447894127960906
-5.28333333333333,0.0452286536517803
-5.26666666666667,0.045672206820142
-5.25,0.0461201146705256
-5.23333333333333,0.0465724199173599
-5.21666666666667,0.0470291657667935
-5.2,0.0474903957882123
-5.18333333333333,0.0479561540270408
-5.16666666666667,0.0484264849270096
-5.15,0.0489014333882013
-5.13333333333333,0.0493810447457959
-5.11666666666667,0.0498653647715508
-5.1,0.0503544397095293
-5.08333333333334,0.050848316220524
-5.06666666666667,0.0513470414752509
-5.05,0.0518506630412496
-5.03333333333333,0.0523592290241769
-5.01666666666667,0.052872787935794
-5,0.0533913888206091
-4.98333333333333,0.0539150811633894
-4.96666666666667,0.0544439149606582
-4.95,0.0549779406893521
-4.93333333333333,0.0555172093170032
-4.91666666666667,0.0560617723321047
-4.9,0.0566116816925527
-4.88333333333333,0.0571669899181583
-4.86666666666667,0.0577277499769261
-4.85,0.0582940154296973
-4.83333333333334,0.0588658402954889
-4.81666666666667,0.059443279181014
-4.8,0.0600263871875184
-4.78333333333333,0.0606152199831147
-4.76666666666667,0.0612098337717349
-4.75,0.061810285303226
-4.73333333333333,0.0624166319131922
-4.71666666666667,0.0630289314474237
-4.7,0.0636472423873418
-4.68333333333333,0.0642716237144236
-4.66666666666667,0.0649021350548472
-4.65,0.0655388365781535
-4.63333333333333,0.0661817890631308
-4.61666666666667,0.0668310538904768
-4.6,0.0674866930146888
-4.58333333333334,0.0681487690511599
-4.56666666666667,0.0688173451536608
-4.55,0.0694924851761722
-4.53333333333333,0.0701742535357827
-4.51666666666667,0.0708627153257499
-4.5,0.0715579362578984
-4.48333333333333,0.072259982684888
-4.46666666666667,0.0729689216473283
-4.45,0.0736848207737508
-4.43333333333333,0.0744077484359826
-4.41666666666667,0.0751377736128274
-4.4,0.0758749660005689
-4.38333333333333,0.0766193959727903
-4.36666666666667,0.0773711345677678
-4.35,0.0781302535790633
-4.33333333333334,0.0788968254174833
-4.31666666666667,0.0796709232905865
-4.3,0.080452621072443
-4.28333333333333,0.0812419933811354
-4.26666666666667,0.0820391155822796
-4.25,0.0828440637329117
-4.23333333333333,0.0836569147062115
-4.21666666666667,0.0844777460511694
-4.2,0.0853066361439313
-4.18333333333333,0.0861436641068044
-4.16666666666667,0.0869889098181485
-4.15,0.0878424539983014
-4.13333333333333,0.0887043780725075
-4.11666666666667,0.0895747643459265
-4.1,0.0904536958956209
-4.08333333333334,0.0913412566062563
-4.06666666666667,0.0922375312378624
-4.05,0.0931426052877977
-4.03333333333333,0.0940565651869681
-4.01666666666667,0.0949794981654006
-4,0.0959114923144304
-3.98333333333333,0.0968526366300527
-3.96666666666667,0.097803020897692
-3.95,0.0987627358744243
-3.93333333333333,0.0997318731502281
-3.91666666666667,0.100710525232677
-3.9,0.101698785574886
-3.88333333333333,0.102696748452737
-3.86666666666667,0.103704509165289
-3.85,0.10472216390088
-3.83333333333334,0.105749809784506
-3.81666666666667,0.106787544949343
-3.8,0.10783546840097
-3.78333333333333,0.108893680197589
-3.76666666666667,0.109962281356803
-3.75,0.111041373853529
-3.73333333333333,0.112131060732103
-3.71666666666667,0.113231445970454
-3.7,0.114342634621524
-3.68333333333333,0.115464732773445
-3.66666666666667,0.116597847494379
-3.65,0.117742086985685
-3.63333333333333,0.118897560444768
-3.61666666666667,0.120064378169075
-3.6,0.121242651577779
-3.58333333333334,0.122432493080178
-3.56666666666667,0.123634016289048
-3.55,0.124847335905025
-3.53333333333333,0.126072567710464
-3.51666666666667,0.127309828700569
-3.5,0.128559236951902
-3.48333333333333,0.129820911727064
-3.46666666666667,0.131094973500579
-3.45,0.132381543825962
-3.43333333333333,0.133680745548971
-3.41666666666667,0.134992702695623
-3.4,0.13631754046274
-3.38333333333333,0.137655385354198
-3.36666666666667,0.139006365048934
-3.35,0.140370608504436
-3.33333333333334,0.141748245986718
-3.31666666666667,0.14313940893481
-3.3,0.144544230177924
-3.28333333333333,0.145962843836758
-3.26666666666667,0.147395385272473
-3.25,0.148841991270423
-3.23333333333333,0.150302799914898
-3.21666666666667,0.15177795061981
-3.2,0.153267584238344
-3.18333333333333,0.154771842936765
-3.16666666666667,0.156290870301805
-3.15,0.157824811375467
-3.13333333333333,0.159373812527896
-3.11666666666667,0.160938021642282
-3.1,0.162517588068008
-3.08333333333334,0.164112662516627
-3.06666666666667,0.165723397289127
-3.05,0.167349946150816
-3.03333333333333,0.168992464323238
-3.01666666666667,0.170651108636709
-3,0.172326037403087
-2.98333333333333,0.174017410486283
-2.96666666666667,0.175725389380583
-2.95,0.177450137093549
-2.93333333333333,0.179191818255832
-2.91666666666667,0.180950599164341
-2.9,0.182726647663502
-2.88333333333333,0.184520133293523
-2.86666666666667,0.186331227296781
-2.85,0.188160102498708
-2.83333333333334,0.190006933494836
-2.81666666666667,0.191871896620107
-2.8,0.19375516982939
-2.78333333333333,0.195656932923642
-2.76666666666667,0.19757736748111
-2.75,0.199516656740402
-2.73333333333333,0.20147498586174
-2.71666666666667,0.203452541810666
-2.7,0.205449513290781
-2.68333333333333,0.207466090968856
-2.66666666666667,0.209502467357744
-2.65,0.211558836786431
-2.63333333333333,0.21363539559196
-2.61666666666667,0.215732342013729
-2.6,0.217849876159428
-2.58333333333334,0.219988200204956
-2.56666666666667,0.222147518287025
-2.55,0.224328036465892
-2.53333333333333,0.226529962929984
-2.51666666666667,0.228753507888708
-2.5,0.230998883531982
-2.48333333333333,0.233266304239596
-2.46666666666667,0.235555986474254
-2.45,0.237868148737891
-2.43333333333333,0.240203011785819
-2.41666666666667,0.242560798520007
-2.4,0.244941733942196
-2.38333333333333,0.247346045372849
-2.36666666666667,0.249773962344707
-2.35,0.252225716552681
-2.33333333333334,0.254701542077664
-2.31666666666667,0.257201675279996
-2.3,0.259726354744686
-2.28333333333333,0.262275821514069
-2.26666666666667,0.264850318995261
-2.25,0.267450092852494
-2.23333333333333,0.270075391296528
-2.21666666666667,0.27272646497597
-2.2,0.275403566876941
-2.18333333333333,0.27810695257723
-2.16666666666667,0.28083688017957
-2.15,0.283593610214797
-2.13333333333333,0.286377405844574
-2.11666666666667,0.289188532847485
-2.1,0.292027259523047
-2.08333333333334,0.294893856842825
-2.06666666666667,0.297788598489568
-2.05,0.300711760762102
-2.03333333333333,0.30366362267465
-2.01666666666667,0.306644466049231
-2,0.309654575421467
-1.98333333333333,0.312694238087913
-1.96666666666667,0.315763744251961
-1.95,0.318863386929864
-1.93333333333333,0.321993461945262
-1.91666666666667,0.325154268132139
-1.9,0.328346107257909
-1.88333333333333,0.331569283908978
-1.86666666666667,0.334824105806565
-1.85,0.338110883694036
-1.83333333333334,0.341429931254331
-1.81666666666667,0.344781565325426
-1.8,0.348166105892125
-1.78333333333333,0.351583876006452
-1.76666666666667,0.355035201893845
-1.75,0.358520413055433
-1.73333333333333,0.362039842189973
-1.71666666666667,0.365593825190619
-1.7,0.369182701357888
-1.68333333333333,0.372806813323182
-1.66666666666667,0.376466506935957
-1.65,0.380162131587608
-1.63333333333333,0.38389404010082
-1.61666666666667,0.387662588649712
-1.6,0.39146813698129
-1.58333333333334,0.395311048411291
-1.56666666666667,0.399191689745803
-1.55,0.403110431393644
-1.53333333333333,0.407067647475631
-1.51666666666667,0.411063715766696
-1.5,0.415099017634353
-1.48333333333333,0.41917393832582
-1.46666666666667,0.42328886687166
-1.45,0.427444196005349
-1.43333333333333,0.431640322392651
-1.41666666666667,0.435877646633981
-1.4,0.440156573206021
-1.38333333333333,0.444477510514127
-1.36666666666667,0.448840871072717
-1.35,0.453247071447277
-1.33333333333334,0.457696532137518
-1.31666666666667,0.462189677924371
-1.3,0.466726937762165
-1.28333333333333,0.471308744721398
-1.26666666666667,0.475935536157218
-1.25,0.480607753781315
-1.23333333333333,0.485325843607062
-1.21666666666667,0.490090255939654
-1.2,0.494901445627613
-1.18333333333333,0.499759871986184
-1.16666666666667,0.504665998702979
-1.15,0.509620294129612
-1.13333333333333,0.514623231241643
-1.11666666666667,0.519675287604752
-1.1,0.524776945415283
-1.08333333333334,0.529928691715356
-1.06666666666667,0.535131018329906
-1.05,0.540384421778046
-1.03333333333333,0.545689403555576
-1.01666666666667,0.551046470114629
-1,0.556456132832142
-0.983333333333334,0.561918908034672
-0.966666666666669,0.56743531723665
-0.949999999999999,0.573005887073785
-0.933333333333334,0.578631149223281
-0.916666666666668,0.584311640672129
-0.900000000000002,0.590047903718654
-0.883333333333333,0.595840485944023
-0.866666666666667,0.601689940221309
-0.850000000000001,0.607596824977359
-0.833333333333336,0.613561704122719
-0.816666666666666,0.619585146981021
-0.800000000000001,0.625667728543054
-0.783333333333335,0.631810029490697
-0.766666666666669,0.638012636170921
-0.75,0.644276140587775
-0.733333333333334,0.650601140693252
-0.716666666666669,0.656988240311108
-0.699999999999999,0.663438049097964
-0.683333333333334,0.669951182709736
-0.666666666666668,0.676528262928504
-0.650000000000002,0.683169917642097
-0.633333333333333,0.689876780748055
-0.616666666666667,0.696649492498305
-0.600000000000001,0.703488699454745
-0.583333333333336,0.710395054492764
-0.566666666666666,0.717369216789278
-0.550000000000001,0.724411852135744
-0.533333333333335,0.731523632861464
-0.516666666666669,0.73870523780299
-0.5,0.745957352469999
-0.483333333333334,0.753280669187766
-0.466666666666669,0.760675887079925
-0.449999999999999,0.768143711980433
-0.433333333333334,0.775684856779692
-0.416666666666668,0.783300041394275
-0.400000000000002,0.790989992776891
-0.383333333333333,0.798755444902402
-0.366666666666667,0.806597139098825
-0.350000000000001,0.814515823973667
-0.333333333333336,0.822512255390476
-0.316666666666666,0.830587196636707
-0.300000000000001,0.838741418584576
-0.283333333333335,0.846975699675856
-0.266666666666669,0.855290825866505
-0.25,0.863687590896025
-0.233333333333334,0.872166796358174
-0.216666666666669,0.880729251717912
-0.199999999999999,0.889375774225912
-0.183333333333334,0.898107189288454
-0.166666666666668,0.906924330445232
-0.150000000000002,0.915828039417137
-0.133333333333333,0.924819166005061
-0.116666666666667,0.933898568539577
-0.100000000000001,0.943067113779509
-0.0833333333333357,0.952325676958595
-0.0666666666666664,0.961675141783164
-0.0500000000000007,0.971116400790988
-0.033333333333335,0.980650355283953
-0.0166666666666693,0.990277915358246
0,1
0.0166666666666657,1.00981753731858
0.0333333333333314,1.01812622865114
0.0500000000000007,1.026644883073
0.0666666666666664,1.0353546021737
0.0833333333333321,1.04425974710438
0.0999999999999979,1.0533650042488
0.116666666666667,1.06267511261236
0.133333333333333,1.07219488512121
0.149999999999999,1.08192912863483
0.166666666666664,1.09188268747967
0.183333333333334,1.10206051082431
0.199999999999999,1.11246747419914
0.216666666666665,1.12310850356551
0.233333333333331,1.13398853259143
0.25,1.14511255588179
0.266666666666666,1.15648554432583
0.283333333333331,1.16811241876906
0.300000000000001,1.17999807871106
0.316666666666666,1.19214740091087
0.333333333333332,1.20456522871813
0.349999999999998,1.21725639479501
0.366666666666667,1.23022561548348
0.383333333333333,1.2434775602985
0.399999999999999,1.25701694610842
0.416666666666664,1.27084841802498
0.433333333333334,1.28497653158832
0.449999999999999,1.2994057796812
0.466666666666665,1.3141405834486
0.483333333333331,1.32918532797621
0.5,1.34454432746409
0.516666666666666,1.36022182827487
0.533333333333331,1.3762221136121
0.550000000000001,1.39254937383724
0.566666666666666,1.4092076110491
0.583333333333332,1.42620098518758
0.599999999999998,1.44353361851895
0.616666666666667,1.46120946367404
0.633333333333333,1.47923254097427
0.649999999999999,1.49760698991046
0.666666666666664,1.51633667343398
0.683333333333334,1.535425733412
0.699999999999999,1.55487823562635
0.716666666666665,1.57469820613626
0.733333333333331,1.59488970523097
0.75,1.6154569838427
0.766666666666666,1.63640398287514
0.783333333333331,1.65773526741505
0.800000000000001,1.67945481668808
0.816666666666666,1.70156705256231
0.833333333333332,1.7240764885486
0.849999999999998,1.74698760944588
0.866666666666667,1.77030497191461
0.883333333333333,1.79403327823981
0.899999999999999,1.81817728670567
0.916666666666664,1.84274180456266
0.933333333333334,1.86773180755389
0.949999999999999,1.89315233582173
0.966666666666665,1.91900857029425
0.983333333333331,1.9453056775215
1,1.97204909983985
1.01666666666667,1.9992443560049
1.03333333333333,2.0268969379847
1.05,2.05501254125763
1.06666666666667,2.08359698042265
1.08333333333333,2.11265626769048
1.1,2.14219648607571
1.11666666666667,2.17222374862276
1.13333333333333,2.20274425358253
1.15,2.23376468328619
1.16666666666666,2.26529136163864
1.18333333333333,2.29733119204506
1.2,2.32989081858238
1.21666666666667,2.36297723504571
1.23333333333333,2.39659764181498
1.25,2.43075917303171
1.26666666666667,2.46546917715842
1.28333333333333,2.50073514838282
1.3,2.53656466394038
1.31666666666667,2.57296546748625
1.33333333333333,2.60994551990189
1.35,2.64751289192029
1.36666666666667,2.68567577209334
1.38333333333333,2.72444251243366
1.4,2.76382162948334
1.41666666666666,2.80382174046058
1.43333333333333,2.84445161378427
1.45,2.88572019716512
1.46666666666667,2.92763658644825
1.48333333333333,2.97021002985264
1.5,3.01344993247693
1.51666666666667,3.05736585808962
1.53333333333333,3.10196753096358
1.55,3.14726484632555
1.56666666666667,3.19326785809997
1.58333333333333,3.23998678070448
1.6,3.28743199642672
1.61666666666667,3.3356140493186
1.63333333333333,3.38454368555127
1.65,3.43423179925866
1.66666666666666,3.48468945713496
1.68333333333333,3.53592793693604
1.7,3.58795867439553
1.71666666666667,3.64079330124503
1.73333333333333,3.69444358849943
1.75,3.74892159543371
1.76666666666667,3.80423948271493
1.78333333333333,3.86040961281128
1.8,3.91744459578002
1.81666666666667,3.9753572003512
1.83333333333333,4.03416038781111
1.85,4.09386738075849
1.86666666666667,4.15449154663508
1.88333333333333,4.21604650409306
1.9,4.27854607344709
1.91666666666666,4.34200432372298
1.93333333333333,4.40643545066049
1.95,4.47185390285227
1.96666666666667,4.5382743557499
1.98333333333333,4.60571179951497
2,4.67418140745375
2.01666666666667,4.74369855000012
2.03333333333333,4.81427883789642
2.05,4.88593812517716
2.06666666666666,4.9586925158021
2.08333333333334,5.03255845828128
2.1,5.10755254848018
2.11666666666667,5.18369165194308
2.13333333333333,5.2609928946428
2.15,5.33947367323209
2.16666666666666,5.41915164774882
2.18333333333333,5.50004475286076
2.2,5.58217120425137
2.21666666666667,5.66554949579217
2.23333333333333,5.75019840232299
2.25,5.83613698624365
2.26666666666667,5.92338461135819
2.28333333333333,6.01196092623183
2.3,6.10188588076873
2.31666666666666,6.19317973431483
2.33333333333334,6.28586305006487
2.35,6.37995670335796
2.36666666666667,6.47548188853378
2.38333333333333,6.57246012370316
2.4,6.67091324760497
2.41666666666666,6.770863435967
2.43333333333333,6.87233324034418
2.45,6.97534553746073
2.46666666666667,7.07992352324396
2.48333333333333,7.18609074912343
2.5,7.29387112731318
2.51666666666667,7.4032889610775
2.53333333333333,7.51436893109289
2.55,7.62713604875717
2.56666666666666,7.74161570915134
2.58333333333334,7.85783372693352
2.6,7.97581631262775
2.61666666666667,8.09559002826495
2.63333333333333,8.21718185076932
2.65,8.3406192373952
2.66666666666666,8.46592997120935
2.68333333333333,8.59314227999064
2.7,8.72228487543946
2.71666666666667,8.85338683005202
2.73333333333333,8.98647769892937
2.75,9.1215874879258
2.76666666666667,9.25874661096523
2.78333333333333,9.39798603184129
2.8,9.53933709317536
2.81666666666666,9.68283167038422
2.83333333333334,9.82850209564267
2.85,9.97638119269138
2.86666666666667,10.1265023053276
2.88333333333333,10.2788992449403
2.9,10.4336063799005
2.91666666666666,10.5906585514
2.93333333333333,10.7500911810746
2.95,10.9119401738104
2.96666666666667,11.0762420262402
2.98333333333333,11.2430337491617
3,11.4123529428706
3.01666666666667,11.5842377588884
3.03333333333333,11.7587269323941
3.05,11.9358597927292
3.06666666666666,12.1156762425621
3.08333333333334,12.2982168256021
3.1,12.4835226585587
3.11666666666667,12.6716355158057
3.13333333333333,12.8625977820094
3.15,13.0564524840555
3.16666666666666,13.2532433200425
3.18333333333333,13.4530146240433
3.2,13.6558114187575
3.21666666666667,13.8616794055477
3.23333333333333,14.0706649662436
3.25,14.2828152006467
3.26666666666667,14.4981779142342
3.28333333333333,14.7168016293692
3.3,14.9387356162956
3.31666666666666,15.1640298828722
3.33333333333334,15.3927351901193
3.35,15.6249030777618
3.36666666666667,15.8605858582574
3.38333333333333,16.0998366340274
3.4,16.3427093178608
3.41666666666666,16.5892586337742
3.43333333333333,16.8395401328647
3.45,17.0936102103948
3.46666666666667,17.3515261127713
3.48333333333333,17.613345952239
3.5,17.8791287211123
3.51666666666667,18.1489343039696
3.53333333333333,18.4228234917865
3.55,18.7008579943422
3.56666666666666,18.9831004558402
3.58333333333334,19.269614467596
3.6,19.5604645844521
3.61666666666667,19.8557163352274
3.63333333333333,20.1554362416178
3.65,20.459691831311
3.66666666666666,20.7685516534978
3.68333333333333,21.0820852944975
3.7,21.4003633919841
3.71666666666667,21.7234576545171
3.73333333333333,22.0514408732055
3.75,22.3843869412096
3.76666666666667,22.7223708692896
3.78333333333333,23.065468803256
3.8,23.4137580385201
3.81666666666666,23.7673170428294
3.83333333333334,24.1262254699485
3.85,24.4905641748748
3.86666666666667,24.8604152392194
3.88333333333333,25.2358619872145
3.9,25.6169889988244
3.91666666666666,26.003882136856
3.93333333333333,26.3966285612639
3.95,26.79531675058
3.96666666666667,27.2000365210973
3.98333333333333,27.6108790494771
4,28.0279368872007
4.01666666666667,28.4513039911218
4.03333333333333,28.8810757327683
4.05,29.3173489312357
4.06666666666666,29.7602218680074
4.08333333333334,30.2097943092206
4.1,30.6661675335102
4.11666666666667,31.1294443485942
4.13333333333333,31.5997291156222
4.15,32.0771277769717
4.16666666666666,32.5617478770709
4.18333333333333,33.0536985863698
4.2,33.5530907248544
4.21666666666667,34.0600367884407
4.23333333333333,34.5746509767953
4.25,35.0970492125484
4.26666666666667,35.6273491762517
4.28333333333333,36.1656703268554
4.3,36.7121339247122
4.31666666666666,37.2668630694093
4.33333333333334,37.8299827220424
4.35,38.4016197333602
4.36666666666667,38.9819028669722
4.38333333333333,39.5709628388301
4.4,40.1689323417287
4.41666666666666,40.775946074975
4.43333333333333,41.3921407741286
4.45,42.0176552388278
4.46666666666667,42.6526303712716
4.48333333333333,43.2972092059358
4.5,43.9515369385325
4.51666666666667,44.6157609604321
4.53333333333333,45.2900308927814
4.55,45.9744986161598
4.56666666666666,46.6693183087588
4.58333333333334,47.3746464829486
4.6,48.0906420188398
4.61666666666667,48.8174661946631
4.63333333333333,49.5552827320626
4.65,50.3042578220727
4.66666666666666,51.0645601738179
4.68333333333333,51.8363610486425
4.7,52.6198342923221
4.71666666666667,53.4151563825262
4.73333333333333,54.2225064667722
4.75,55.0420664004413
4.76666666666667,55.8740207888573
4.78333333333333,56.718557029007
4.8,57.5758653514761
4.81666666666666,58.4461388634456
4.83333333333334,59.3295735922717
4.85,60.2263685294469
4.86666666666667,61.136725675593
4.88333333333333,62.060850086024
4.9,62.9989499166268
4.91666666666666,63.9512364711136
4.93333333333333,64.917924246593
4.95,65.8992309847195
4.96666666666667,66.8953777202339
4.98333333333333,67.9065888304168
5,68.9330920855579
5.01666666666667,69.9751186998191
5.03333333333333,71.032903384948
5.05,72.1066844016475
5.06666666666666,73.1967036091258
5.08333333333334,74.3032065259538
5.1,75.4264423854786
5.11666666666667,76.5666641897828
5.13333333333333,77.724128766966
5.15,78.8990968239052
5.16666666666666,80.0918330134393
5.18333333333333,81.3026059897179
5.2,82.5316884697797
5.21666666666667,83.7793572939733
5.23333333333333,85.0458934882292
5.25,86.3315823294946
5.26666666666667,87.6367134081526
5.28333333333333,88.961580693481
5.3,90.3064825949138
5.31666666666666,91.6717220395594
5.33333333333334,93.0576065362402
5.35,94.4644482437774
5.36666666666667,95.8925640328983
5.38333333333333,97.3422755734027
5.4,98.8139093998969
5.41666666666666,100.307796982759
5.43333333333333,101.824274798837
5.45,103.363684420728
5.46666666666667,104.926372585999
5.48333333333333,106.512691268023
5.5,108.122997766863
5.51666666666667,109.757654788208
5.53333333333333,111.417030518732
5.55,113.10149870932
5.56666666666666,114.811438769375
5.58333333333334,116.547235843718
5.6,118.309280893259
5.61666666666667,120.097970800384
5.63333333333333,121.913708447516
5.65,123.756902799722
5.66666666666666,125.627969016937
5.68333333333333,127.52732853458
5.7,129.455409152439
5.71666666666667,131.412645150069
5.73333333333333,133.399477367784
5.75,135.416353310587
5.76666666666667,137.463727257617
5.78333333333333,139.54206034548
5.8,141.651820694577
5.81666666666666,143.793483499244
5.83333333333334,145.967531136333
5.85,148.174453281535
5.86666666666667,150.414747014779
5.88333333333333,152.688916926366
5.9,154.997475241806
5.91666666666666,157.340941934525
5.93333333333333,159.719844830311
5.95,162.134719746085
5.96666666666667,164.586110597609
5.98333333333333,167.074569521789
6,169.60065701323
6.01666666666667,172.164942027363
6.03333333333333,174.768002137865
6.05,177.410423640531
6.06666666666666,180.092801703645
6.08333333333334,182.815740491808
6.1,185.579853304609
6.11666666666667,188.38576271922
6.13333333333333,191.234100719277
6.15,194.125508855078
6.16666666666666,197.060638364586
6.18333333333333,200.040150347629
6.2,203.064715885288
6.21666666666667,206.135016220858
6.23333333333333,209.251742884935
6.25,212.415597877021
6.26666666666667,215.627293800238
6.28333333333333,218.887554043601
6.3,222.197112923668
6.31666666666666,225.556715871132
6.33333333333334,228.967119577557
6.35,232.429092187579
6.36666666666667,235.943413448636
6.38333333333333,239.510874911691
6.4,243.132280082557
6.41666666666666,246.808444631706
6.43333333333333,250.540196547713
6.45,254.328376353654
6.46666666666667,258.173837269244
6.48333333333333,262.077445425397
6.5,266.04008004689
6.51666666666667,270.062633647502
6.53333333333333,274.146012246583
6.55,278.29113555425
6.56666666666666,282.498937192241
6.58333333333334,286.77036489986
6.6,291.106380741148
6.61666666666667,295.507961332668
6.63333333333333,299.976098056616
6.65,304.511797290475
6.66666666666666,309.116080617894
6.68333333333333,313.789985082098
6.7,318.534563398052
6.71666666666667,323.350884202872
6.73333333333333,328.240032295425
6.75,333.203108867043
6.76666666666667,338.241231771926
6.78333333333333,343.355535760316
6.8,348.54717274088
6.81666666666666,353.817312046565
6.83333333333334,359.167140680343
6.85,364.597863602842
6.86666666666667,370.11070399465
6.88333333333333,375.706903522709
6.9,381.387722639598
6.91666666666666,387.154440852594
6.93333333333333,393.008357012556
6.95,398.950789617752
6.96666666666667,404.983077097164
6.98333333333333,411.106578117908
7,417.322671896825
7.01666666666667,423.632758500033
7.03333333333333,430.038259163529
7.05,436.540616619119
7.06666666666666,443.141295409551
7.08333333333334,449.841782220244
7.1,456.643586223019
7.11666666666667,463.548239407354
7.13333333333333,470.557296921346
7.15,477.67233743638
7.16666666666666,484.894963494585
7.18333333333333,492.226801860907
7.2,499.669503905666
7.21666666666667,507.224745970546
7.23333333333333,514.894229740759
7.25,522.679682630447
7.26666666666667,530.58285817937
7.28333333333333,538.605536441931
7.3,546.749524381377
7.31666666666666,555.016656288534
7.33333333333334,563.408794192192
7.35,571.927828276465
7.36666666666667,580.575677298109
7.38333333333333,589.354289034785
7.4,598.265640716474
7.41666666666666,607.311739470412
7.43333333333333,616.494622765517
7.45,625.81635888569
7.46666666666667,635.279047389148
7.48333333333333,644.884819581066
7.5,654.635838992397
7.51666666666667,664.534301863538
7.53333333333333,674.582437649813
7.55,684.782509516607
7.56666666666666,695.136814851027
7.58333333333334,705.647685777585
7.6,716.317489684325
7.61666666666667,727.148629755519
7.63333333333333,738.143545510614
7.65,749.304713359074
7.66666666666666,760.634647158309
7.68333333333333,772.135898777207
7.7,783.811058663293
7.71666666666667,795.662756440028
7.73333333333333,807.693661493811
7.75,819.906483573435
7.76666666666667,832.303973398403
7.78333333333333,844.888923280428
7.8,857.664167756482
7.81666666666666,870.632584224216
7.83333333333334,883.79709358935
7.85,897.160660923953
7.86666666666667,910.726296131797
7.88333333333333,924.497054628385
7.9,938.476038032443
7.91666666666666,952.666394861259
7.93333333333333,967.071321240141
7.95,981.694061622281
7.96666666666667,996.53790951951
7.98333333333333,1011.60620824395
8,1026.90235165724
8.01666666666667,1042.42978494276
8.03333333333333,1058.19200537784
8.05,1074.19256312137
8.06666666666666,1090.43506201325
8.08333333333334,1106.92316038639
8.1,1123.66057189038
8.11666666666667,1140.65106632809
8.13333333333333,1157.89847050413
8.15,1175.40666908481
8.16666666666666,1193.17960547899
8.18333333333333,1211.22128272254
8.2,1229.5357643803
8.21666666666667,1248.12717546138
8.23333333333333,1266.99970334821
8.25,1286.15759873945
8.26666666666667,1305.60517660788
8.28333333333333,1325.34681717187
8.3,1345.38696688204
8.31666666666666,1365.7301394228
8.33333333333334,1386.38091672894
8.35,1407.34395001749
8.36666666666667,1428.62396083448
8.38333333333333,1450.22574211974
8.4,1472.15415928681
8.41666666666666,1494.41415131802
8.43333333333333,1517.01073187686
8.45,1539.94899043751
8.46666666666667,1563.23409343073
8.48333333333333,1586.87128540767
8.5,1610.86589022116
8.51666666666667,1635.22331222478
8.53333333333333,1659.94903748991
8.55,1685.04863504196
8.56666666666666,1710.52775811405
8.58333333333334,1736.39214542055
8.6,1762.64762244961
8.61666666666667,1789.30010277524
8.63333333333333,1816.35558938912
8.65,1843.82017605307
8.66666666666666,1871.70004867113
8.68333333333333,1900.001486683
8.7,1928.73086447831
8.71666666666667,1957.89465283241
8.73333333333333,1987.49942036364
8.75,2017.55183501313
8.76666666666667,2048.05866554627
8.78333333333333,2079.02678307745
8.8,2110.46316261758
8.81666666666666,2142.37488464508
8.83333333333334,2174.76913670055
8.85,2207.65321500613
8.86666666666667,2241.03452610821
8.88333333333333,2274.92058854588
8.9,2309.31903454433
8.91666666666666,2344.23761173385
8.93333333333333,2379.68418489483
8.95,2415.66673772963
8.96666666666667,2452.19337465999
8.98333333333333,2489.27232265257
9,2526.91193307041
9.01666666666667,2565.12068355748
9.03333333333333,2603.90717994624
9.05,2643.28015819282
9.06666666666666,2683.24848635444
9.08333333333334,2723.8211665801
9.1,2765.00733713175
9.11666666666667,2806.81627445188
9.13333333333333,2849.25739524991
9.15,2892.34025862077
9.16666666666666,2936.07456820278
9.18333333333333,2980.47017436075
9.2,3025.53707640454
9.21666666666667,3071.28542484133
9.23333333333333,3117.7255236617
9.25,3164.86783265942
9.26666666666667,3212.7229697897
9.28333333333333,3261.30171355891
9.3,3310.61500545266
9.31666666666666,3360.67395240028
9.33333333333334,3411.48982927642
9.35,3463.07408143991
9.36666666666667,3515.43832731318
9.38333333333333,3568.59436099788
9.4,3622.55415493149
9.41666666666666,3677.32986258397
9.43333333333333,3732.93382119506
9.45,3789.3785545527
9.46666666666667,3846.67677581623
9.48333333333333,3904.84139037419
9.5,3963.88549875387
9.51666666666667,4023.82239957572
9.53333333333333,4084.66559254557
9.55,4146.42878149507
9.56666666666666,4209.12587746835
9.58333333333334,4272.77100185545
9.6,4337.37848956964
9.61666666666667,4402.96289227912
9.63333333333333,4469.53898168741
9.65,4537.12175285752
9.66666666666666,4605.7264275893
9.68333333333333,4675.36845784782
9.7,4746.06352924428
9.71666666666667,4817.82756456187
9.73333333333333,4890.67672735457
9.75,4964.62742558189
9.76666666666667,5039.6963153043
9.78333333333333,5115.90030443471
9.8,5193.25655654663
9.81666666666666,5271.78249473334
9.83333333333334,5351.49580554548
9.85,5432.41444296801
9.86666666666667,5514.55663246385
9.88333333333333,5597.94087507889
9.9,5682.58595160603
9.91666666666666,5768.51092681731
9.93333333333333,5855.7351537623
9.95,5944.2782781246
9.96666666666667,6034.16024264548
9.98333333333333,6125.40129161228
10,6218.02197541996
10.0166666666667,6312.04315520626
10.0333333333333,6407.48600754533
10.05,6504.37202921732
10.0666666666667,6602.72304204502
10.0833333333333,6702.56119781566
10.1,6803.90898327257
10.1166666666667,6906.78922517578
10.1333333333333,7011.22509544136
10.15,7117.24011635717
10.1666666666667,7224.85816589359
10.1833333333333,7334.10348307423
10.2,7445.00067343531
10.2166666666667,7557.57471455928
10.2333333333333,7671.85096171584
10.25,7787.85515356784
10.2666666666667,7905.61341796632
10.2833333333333,8025.15227782669
10.3,8146.49865711814
10.3166666666667,8269.67988692284
10.3333333333333,8394.72371158979
10.35,8521.65829497478
10.3666666666667,8650.51222680038
10.3833333333333,8781.31452908904
10.4,8914.09466269937
10.4166666666667,9048.88253394854
10.4333333333333,9185.70850137244
10.45,9324.60338255123
10.4666666666667,9465.59846104595
10.4833333333333,9608.72549344597
10.5,9754.01671653239
10.5166666666667,9901.50485453113
10.5333333333333,10051.2231264747
10.55,10203.2052536982
10.5666666666667,10357.4854674333
10.5833333333333,10514.0985165108
10.6,10673.0796751839
10.6166666666667,10834.4647510896
10.6333333333333,10998.2900933034
10.65,11164.5926005165
10.6666666666667,11333.4097293646
10.6833333333333,11504.7795028591
10.7,11678.7405189434
10.7166666666667,11855.3319591885
10.7333333333333,12034.5935976283
10.75,12216.5658097116
10.7666666666667,12401.2895813814
10.7833333333333,12588.806518333
10.8,12779.1588553717
10.8166666666667,12972.3894659154
10.8333333333333,13168.5418716677
10.85,13367.660252417
10.8666666666667,13569.7894559783
10.8833333333333,13774.975008298
10.9,13983.2631237176
10.9166666666667,14194.7007153724
10.9333333333333,14409.335405752
10.95,14627.215537446
10.9666666666667,14848.3901840193
10.9833333333333,15072.9091610555
11,15300.8230374009
11.0166666666667,15532.1831465419
11.0333333333333,15767.0415981517
11.05,16005.4512898561
11.0666666666667,16247.465919135
11.0833333333333,16493.1399953992
11.1,16742.5288522995
11.1166666666667,16995.6886601733
11.1333333333333,17252.6764386816
11.15,17513.5500696822
11.1666666666667,17778.3683102495
11.1833333333333,18047.1908058968
11.2,18320.0781040376
11.2166666666667,18597.091667606
11.2333333333333,18878.2938888935
11.25,19163.7481036248
11.2666666666667,19453.518605199
11.2833333333333,19747.6706591827
11.3,20046.2705180167
11.3166666666667,20349.3854359123
11.3333333333333,20657.0836840309
11.35,20969.4345658448
11.3666666666667,21286.5084327363
11.3833333333333,21608.3766998704
11.4,21935.1118622528
11.4166666666667,22266.787511072
11.4333333333333,22603.4783502806
11.45,22945.2602133936
11.4666666666667,23292.2100806043
11.4833333333333,23644.4060961003
11.5,24001.9275856622
11.5166666666667,24364.8550745507
11.5333333333333,24733.2703056165
11.55,25107.2562577334
11.5666666666667,25486.8971644821
11.5833333333333,25872.2785331052
11.6,26263.4871637983
11.6166666666667,26660.61116923
11.6333333333333,27063.7399944043
11.65,27472.9644368095
11.6666666666667,27888.3766668429
11.6833333333333,28310.0702486081
11.7,28738.1401609597
11.7166666666667,29172.6828189069
11.7333333333333,29613.796095336
11.75,30061.5793430278
11.7666666666667,30516.133417074
11.7833333333333,30977.5606975584
11.8,31445.9651126362
11.8166666666667,31921.4521619404
11.8333333333333,32404.1289403251
11.85,32894.1041620187
11.8666666666667,33391.4881850763
11.8833333333333,33896.393036261
11.9,34408.9324362668
11.9166666666667,34929.2218253231
11.9333333333333,35457.3783892208
11.95,35993.5210856651
11.9666666666667,36537.7706711179
11.9833333333333,37090.2497279538
12,37651.082692097
12.0166666666667,38220.3958810366
12.0333333333333,38798.317522273
12.05,39384.9777822183
12.0666666666667,39980.5087954791
12.0833333333333,40585.0446946621
12.1,41198.7216405424
12.1166666666667,41821.6778527656
12.1333333333333,42454.0536409551
12.15,43095.9914363267
12.1666666666667,43747.6358237679
12.1833333333333,44409.1335743919
12.2,45080.6336786188
12.2166666666667,45762.2873796976
12.2333333333333,46454.2482078149
12.25,47156.6720146274
12.2666666666667,47869.7170084096
12.2833333333333,48593.543789651
12.3,49328.3153872535
12.3166666666667,50074.1972952376
12.3333333333333,50831.3575100173
12.35,51599.9665682499
12.3666666666667,52380.1975852259
12.3833333333333,53172.2262938852
12.4,53976.2310843697
12.4166666666667,54792.3930442339
12.4333333333333,55620.8959991966
12.45,56461.926554583
12.4666666666667,57315.674137311
12.4833333333333,58182.3310386039
12.5,59062.0924572488
12.5166666666667,59955.1565436171
12.5333333333333,60861.7244442357
12.55,61782.0003471518
12.5666666666667,62716.1915278621
12.5833333333333,63664.5083960597
12.6,64627.1645429599
12.6166666666667,65604.3767894755
12.6333333333333,66596.3652349837
12.65,67603.3533069669
12.6666666666667,68625.5678112696
12.6833333333333,69663.2389832467
12.7,70716.6005395565
12.7166666666667,71785.8897308639
12.7333333333333,72871.3473952154
12.75,73973.2180123428
12.7666666666667,75091.7497586715
12.7833333333333,76227.1945632718
12.8,77379.8081645475
12.8166666666667,78549.8501678889
12.8333333333333,79737.5841040973
12.85,80943.2774887793
12.8666666666667,82167.2018825701
12.8833333333333,83409.6329523185
12.9,84670.8505331631
12.9166666666667,85951.1386915652
12.9333333333333,87250.7857892916
12.95,88570.0845483535
12.9666666666667,89909.3321169546
12.9833333333333,91268.8301363922
13,92648.8848090311
13.0166666666667,94049.8069672277
13.0333333333333,95471.9121433889
13.05,96915.5206409817
13.0666666666667,98380.9576067411
13.0833333333333,99868.5531038378
13.1,101378.642186281
13.1166666666667,102911.564974327
13.1333333333333,104467.666731135
13.15,106047.297940488
13.1666666666667,107650.814385769
13.1833333333333,109278.577230066
13.2,110930.953097537
13.2166666666667,112608.314155977
13.2333333333333,114311.038200642
13.25,116039.50873935
13.2666666666667,117794.115078835
13.2833333333333,119575.252412469
13.3,121383.321909228
13.3166666666667,123218.730804095
13.3333333333333,125081.892489729
13.35,126973.226609636
13.3666666666667,128893.159152625
13.3833333333333,130842.122548806
13.4,132820.555766947
13.4166666666667,134828.904413368
13.4333333333333,136867.620832302
13.45,138937.164207761
13.4666666666667,141038.000666992
13.4833333333333,143170.603385417
13.5,145335.452693262
13.5166666666667,147533.036183687
13.5333333333333,149763.848822659
13.55,152028.393060394
13.5666666666667,154327.178944546
13.5833333333333,156660.724235085
13.6,159029.554520898
13.6166666666667,161434.203338201
13.6333333333333,163875.212290654
13.65,166353.131171412
13.6666666666667,168868.518086902
13.6833333333333,171421.939582558
13.7,174013.970770422
13.7166666666667,176645.195458652
13.7333333333333,179316.206283061
13.75,182027.604840536
13.7666666666667,184780.001824604
13.7833333333333,187574.017162924
13.8,190410.280156945
13.8166666666667,193289.429623643
13.8333333333333,196212.114039376
13.85,199178.991685993
13.8666666666667,202190.730799037
13.8833333333333,205248.009718312
13.9,208351.517040626
13.9166666666667,211501.951774897
13.9333333333333,214700.023499616
13.95,217946.452522607
13.9666666666667,221241.970043333
13.9833333333333,224587.318317547
14,227983.250824465
14.0166666666667,231430.532436513
14.0333333333333,234929.939591543
14.05,238482.260467765
14.0666666666667,242088.295161252
14.0833333333333,245748.855866114
14.1,249464.767057494
14.1166666666667,253236.865677209
14.1333333333333,257066.001322285
14.15,260953.036436323
14.1666666666667,264898.846503697
14.1833333333333,268904.32024681
14.2,272970.359826217
14.2166666666667,277097.881043823
14.2333333333333,281287.813549184
14.25,285541.101048845
14.2666666666667,289858.701518933
14.2833333333333,294241.587420918
14.3,298690.7459206
14.3166666666667,303207.179110519
14.3333333333333,307791.904235613
14.35,312445.953922325
14.3666666666667,317170.376411232
14.3833333333333,321966.235793089
14.4,326834.612248524
14.4166666666667,331776.602291344
14.4333333333333,336793.319015456
14.45,341885.892345623
14.4666666666667,347055.469291941
14.4833333333333,352303.21420815
14.5,357630.309053943
14.5166666666667,363037.953661138
14.5333333333333,368527.366003918
14.55,374099.782473198
14.5666666666667,379756.458155045
14.5833333333333,385498.667113402
14.6,391327.702677053
14.6166666666667,397244.877730869
14.6333333333333,403251.525011578
14.65,409348.99740791
14.6666666666667,415538.668265277
14.6833333333333,421821.931695165
14.7,428200.202889084
14.7166666666667,434674.918437307
14.7333333333333,441247.536652486
14.75,447919.537898054
14.7666666666667,454692.424921682
14.7833333333333,461567.723193756
14.8,468546.981250908
14.8166666666667,475631.771044862
14.8333333333333,482823.688296465
14.85,490124.352855046
14.8666666666667,497535.409063333
14.8833333333333,505058.526127785
14.9,512695.398494503
14.9166666666667,520447.746230949
14.9333333333333,528317.315413328
14.95,536305.878519818
14.9666666666667,544415.234829866
14.9833333333333,552647.2108294
15,561003.660622182
15.0166666666667,569486.466347486
15.0333333333333,578097.538603965
15.05,586838.816879966
15.0666666666667,595712.269990421
15.0833333333333,604719.896520244
15.1,613863.725274469
15.1166666666667,623145.815735246
15.1333333333333,632568.25852566
15.15,642133.175880608
15.1666666666667,651842.722124838
15.1833333333333,661699.084158132
15.2,671704.48194784
15.2166666666667,681861.169028963
15.2333333333333,692171.433011682
15.25,702637.596096558
15.2666666666667,713262.01559764
15.2833333333333,724047.084473383
15.3,734995.231865575
15.3166666666667,746108.923646509
15.3333333333333,757390.662974373
15.35,768842.990857011
15.3666666666667,780468.486724241
15.3833333333333,792269.769008871
15.4,804249.495736416
15.4166666666667,816410.365123742
15.4333333333333,828755.116186863
15.45,841286.529357819
15.4666666666667,854007.427110875
15.4833333333333,866920.674598304
15.5,880029.180295691
15.5166666666667,893335.896656971
15.5333333333333,906843.820779458
15.55,920555.995078893
15.5666666666667,934475.507974666
15.5833333333333,948605.49458542
15.6,962949.137435229
15.6166666666667,977509.667170372
15.6333333333333,992290.363286936
15.65,1007294.55486955
15.6666666666667,1022525.62134116
15.6833333333333,1037986.99322413
15.7,1053682.152913
15.7166666666667,1069614.63545878
15.7333333333333,1085788.02936515
15.75,1102205.97739672
15.7666666666667,1118872.1773995
15.7833333333333,1135790.38313379
15.8,1152964.40511957
15.8166666666667,1170398.11149487
15.8333333333333,1188095.42888692
15.85,1206060.34329652
15.8666666666667,1224296.90099591
15.8833333333333,1242809.20944007
15.9,1261601.43819181
15.9166666666667,1280677.81986096
15.9333333333333,1300042.65105766
15.95,1319700.29336009
15.9666666666667,1339655.17429681
15.9833333333333,1359911.78834404
16,1380474.69793794
16.0166666666667,1401348.53450217
16.0333333333333,1422537.99949109
16.05,1444047.86544865
16.0666666666667,1465882.97708336
16.0833333333333,1488048.25235936
16.1,1510548.68360425
16.1166666666667,1533389.33863345
16.1333333333333,1556575.3618916
16.15,1580111.9756113
16.1666666666667,1604004.48098935
16.1833333333333,1628258.2593807
16.2,1652878.77351047
16.2166666666667,1677871.56870442
16.2333333333333,1703242.2741379
16.25,1728996.60410368
16.2666666666667,1755140.35929901
16.2833333333333,1781679.42813219
16.3,1808619.78804874
16.3166666666667,1835967.50687769
16.3333333333333,1863728.74419837
16.35,1891909.75272767
16.3666666666667,1920516.87972832
16.3833333333333,1949556.56843856
16.4,1979035.35952333
16.4166666666667,2008959.89254747
16.4333333333333,2039336.90747107
16.45,2070173.24616763
16.4666666666667,2101475.85396505
16.4833333333333,2133251.78120988
16.5,2165508.18485529
16.5166666666667,2198252.33007314
16.5333333333333,2231491.59189025
16.55,2265233.45684946
16.5666666666667,2299485.52469589
16.5833333333333,2334255.5100887
16.6,2369551.24433857
16.6166666666667,2405380.67717157
16.6333333333333,2441751.87851982
16.65,2478673.04033893
16.6666666666667,2516152.47845319
16.6833333333333,2554198.6344285
16.7,2592820.07747379
16.7166666666667,2632025.50637094
16.7333333333333,2671823.75143408
16.75,2712223.7764985
16.7666666666667,2753234.68093957
16.7833333333333,2794865.70172214
16.8,2837126.2154811
16.8166666666667,2880025.74063324
16.8333333333333,2923573.93952115
16.85,2967780.62058938
16.8666666666667,3012655.74059376
16.8833333333333,3058209.40684388
16.9,3104451.87947958
16.9166666666667,3151393.57378191
16.9333333333333,3199045.06251895
16.95,3247417.0783272
16.9666666666667,3296520.51612875
16.9833333333333,3346366.43558537
17,3396966.06358936
17.0166666666667,3448330.79679227
17.0333333333333,3500472.20417173
17.05,3553402.02963722
17.0666666666667,3607132.19467512
17.0833333333333,3661674.80103389
17.1,3717042.13344958
17.1166666666667,3773246.66241299
17.1333333333333,3830301.04697828
17.15,3888218.13761423
17.1666666666667,3947010.97909852
17.1833333333333,4006692.81345592
17.2,4067277.08294079
17.2166666666667,4128777.43306465
17.2333333333333,4191207.71566964
17.25,4254581.99204842
17.2666666666667,4318914.53611112
17.2833333333333,4384219.83760035
17.3,4450512.60535477
17.3166666666667,4517807.770622
17.3333333333333,4586120.49042154
17.35,4655466.15095861
17.3666666666667,4725860.37108971
17.3833333333333,4797319.00584042
17.4,4869858.14997651
17.4166666666667,4943494.14162893
17.4333333333333,5018243.56597367
17.45,5094123.25896735
17.4666666666667,5171150.31113922
17.4833333333333,5249342.07144032
17.5,5328716.15115123
17.5166666666667,5409290.42784859
17.5333333333333,5491083.04943172
17.55,5574112.43821007
17.5666666666667,5658397.29505255
17.5833333333333,5743956.60359952
17.6,5830809.63453867
17.6166666666667,5918975.94994521
17.6333333333333,6008475.40768786
17.65,6099328.16590167
17.6666666666667,6191554.68752813
17.6833333333333,6285175.74492405
17.7,6380212.42454027
17.7166666666667,6476686.13167092
17.7333333333333,6574618.59527464
17.75,6674031.87286851
17.7666666666667,6774948.35549626
17.7833333333333,6877390.77277134
17.8,6981382.19799643
17.8166666666667,7086946.05336025
17.8333333333333,7194106.11521293
17.85,7302886.51942127
17.8666666666667,7413311.76680498
17.8833333333333,7525406.72865489
17.9,7639196.65233489
17.9166666666667,7754707.16696832
17.9333333333333,7871964.28921055
17.95,7990994.42910877
17.9666666666667,8111824.39605033
17.9833333333333,8234481.40480102
18,8358993.08163485
18.0166666666667,8485387.47055628
18.0333333333333,8613693.03961664
18.05,8743938.68732601
18.0666666666667,8876153.74916204
18.0833333333333,9010368.00417739
18.1,9146611.68170687
18.1166666666667,9284915.46817601
18.1333333333333,9425310.51401266
18.15,9567828.44066302
18.1666666666667,9712501.34771382
18.1833333333333,9859361.82012212
18.2,10008442.9355546
18.2166666666667,10159778.2718377
18.2333333333333,10313401.9145202
18.25,10469348.4645506
18.2666666666667,10627653.0460703
18.2833333333333,10788351.3143247
18.3,10951479.4636938
18.3166666666667,11117074.2358443
18.3333333333333,11285172.9280053
18.35,11455813.4013686
18.3666666666667,11629034.0896161
18.3833333333333,11804874.0075765
18.4,11983372.7600129
18.4166666666667,12164570.5505426
18.4333333333333,12348508.1906924
18.45,12535227.1090908
18.4666666666667,12724769.3607988
18.4833333333333,12917177.6367825
18.5,13112495.2735278
18.5166666666667,13310766.2628018
18.5333333333333,13512035.2615606
18.55,13716347.6020079
18.5666666666667,13923749.3018052
18.5833333333333,14134287.074436
18.6,14348008.339728
18.6166666666667,14564961.2345327
18.6333333333333,14785194.6235679
18.65,15008758.1104235
18.6666666666667,15235702.0487334
18.6833333333333,15466077.5535174
18.7,15699936.5126935
18.7166666666667,15937331.5987649
18.7333333333333,16178316.2806835
18.75,16422944.8358926
18.7666666666667,16671272.3625522
18.7833333333333,16923354.7919485
18.8,17179248.9010923
18.8166666666667,17439012.3255057
18.8333333333333,17702703.5722044
18.85,17970382.0328752
18.8666666666667,18242107.9972525
18.8833333333333,18517942.6666978
18.9,18797948.1679842
18.9166666666667,19082187.5672893
18.9333333333333,19370724.8843998
18.95,19663625.1071305
18.9666666666667,19960954.2059619
18.9833333333333,20262779.1488988
19,20569167.9165537
19.0166666666667,20880189.5174578
19.0333333333333,21195914.0036047
19.05,21516412.4862275
19.0666666666667,21841757.1518157
19.0833333333333,22172021.2783743
19.1,22507279.2519277
19.1166666666667,22847606.583274
19.1333333333333,23193079.9249926
19.15,23543777.0887086
19.1666666666667,23899777.0626186
19.1833333333333,24261160.0292818
19.2,24628007.3836785
19.2166666666667,25000401.7515439
19.2333333333333,25378427.0079777
19.25,25762168.2963355
19.2666666666667,26151712.0474058
19.2833333333333,26547145.998877
19.3,26948559.2150983
19.3166666666667,27356042.1071405
19.3333333333333,27769686.4531589
19.35,28189585.4190653
19.3666666666667,28615833.5795114
19.3833333333333,29048526.9391902
19.4,29487762.9544591
19.4166666666667,29933640.5552908
19.4333333333333,30386260.1675547
19.45,30845723.7356365
19.4666666666667,31312134.7453998
19.4833333333333,31785598.2474929
19.5,32266220.8810109
19.5166666666667,32754110.8975142
19.5333333333333,33249378.1854095
19.55,33752134.2947006
19.5666666666667,34262492.4621129
19.5833333333333,34780567.6365982
19.6,35306476.5052244
19.6166666666667,35840337.5194574
19.6333333333333,36382270.92184
19.65,36932398.773075
19.6666666666667,37490844.9795164
19.6833333333333,38057735.3210771
19.7,38633197.4795593
19.7166666666667,39217361.0674114
19.7333333333333,39810357.6569222
19.75,40412320.8098537
19.7666666666667,41023386.107525
19.7833333333333,41643691.1813476
19.8,42273375.7438268
19.8166666666667,42912581.6200275
19.8333333333333,43561452.7795187
19.85,44220135.3687997
19.8666666666667,44888777.7442168
19.8833333333333,45567530.5053782
19.9,46256546.5290735
19.9166666666667,46955981.0037072
19.9333333333333,47665991.4642513
19.95,48386737.8277273
19.9666666666667,49118382.4292246
19.9833333333333,49861090.0584643
20,50615027.9969141
20.0166666666667,51380366.0554661
