-29.9833333333333,0.432852080406886
-29.9666666666667,0.432759979257406
-29.95,0.432760895803728
-29.9333333333333,0.432761791178895
-29.9166666666667,0.43276266730635
-29.9,0.432763523001237
-29.8833333333333,0.432764360288773
-29.8666666666667,0.432765176782475
-29.85,0.432765976636185
-29.8333333333333,0.432766758532018
-29.8166666666667,0.432767522873305
-29.8,0.432768270054325
-29.7833333333333,0.432769000460502
-29.7666666666667,0.432769713191635
-29.75,0.432770411689896
-29.7333333333333,0.432771095403504
-29.7166666666667,0.432771762304305
-29.7,0.432772412917469
-29.6833333333333,0.432773049823887
-29.6666666666667,0.432773673282249
-29.65,0.432774283547481
-29.6333333333333,0.432774879114989
-29.6166666666667,0.432775456793057
-29.6,0.432776029469455
-29.5833333333333,0.43277658239915
-29.5666666666667,0.432777127483871
-29.55,0.43277765867081
-29.5333333333333,0.432778177449194
-29.5166666666667,0.43277868774896
-29.5,0.432779181447881
-29.4833333333333,0.432779670514095
-29.4666666666667,0.432780141472857
-29.45,0.432780606989845
-29.4333333333333,0.432781059431336
-29.4166666666667,0.432781502464766
-29.4,0.432781937058968
-29.3833333333333,0.432782358780024
-29.3666666666667,0.432782776174418
-29.35,0.432783177549885
-29.3333333333333,0.432783575394706
-29.3166666666667,0.432783960406165
-29.3,0.432784339134865
-29.2833333333333,0.432784708910276
-29.2666666666667,0.432785069413479
-29.25,0.432785424556253
-29.2333333333333,0.432785767684
-29.2166666666667,0.432786107717995
-29.2,0.432786434967863
-29.1833333333333,0.432786759433043
-29.1666666666667,0.432787073071697
-29.15,0.432787382367801
-29.1333333333333,0.432787682961839
-29.1166666666667,0.432787977789981
-29.1,0.432788265882398
-29.0833333333333,0.432788546911588
-29.0666666666667,0.432788823022766
-29.05,0.432789090891369
-29.0333333333333,0.432789355520015
-29.0166666666667,0.432789610837144
-29,0.432789864461194
-28.9833333333333,0.432790107561965
-28.9666666666667,0.432790350275886
-28.95,0.432790582516947
-28.9333333333333,0.432790814287096
-28.9166666666667,0.432791036405993
-28.9,0.432791257725716
-28.8833333333333,0.432791470164028
-28.8666666666667,0.432791681504441
-28.85,0.432791884684473
-28.8333333333333,0.432792086495461
-28.8166666666667,0.432792280821081
-28.8,0.432792473532258
-28.7833333333333,0.432792659389708
-28.7666666666667,0.432792843364824
-28.75,0.432793020918345
-28.7333333333333,0.432793197169842
-28.7166666666667,0.432793366592071
-28.7,0.43279353528833
-28.6833333333333,0.432793696952025
-28.6666666666667,0.432793858415727
-28.65,0.432794012676549
-28.6333333333333,0.432794166937371
-28.6166666666667,0.432794314413949
-28.6,0.432794461611242
-28.5833333333333,0.432794602783828
-28.5666666666667,0.432794743241369
-28.55,0.432794878378357
-28.5333333333333,0.432795012405073
-28.5166666666667,0.432795141638839
-28.5,0.432795269365647
-28.4833333333333,0.432795393516904
-28.4666666666667,0.432795515081807
-28.45,0.432795634302529
-28.4333333333333,0.43279575000313
-28.4166666666667,0.432795864480316
-28.4,0.432795974599833
-28.3833333333333,0.432796084513912
-28.3666666666667,0.432796189321876
-28.35,0.43279629412984
-28.3333333333333,0.432796394599822
-28.3166666666667,0.432796494352735
-28.3,0.432796590845664
-28.2833333333333,0.432796685787632
-28.2666666666667,0.432796778389705
-28.25,0.432796868624474
-28.2333333333333,0.432796957986342
-28.2166666666667,0.432797043623488
-28.2,0.432797129260634
-28.1833333333333,0.432797211046807
-28.1666666666667,0.432797292320883
-28.15,0.432797371212521
-28.1333333333333,0.432797448346106
-28.1166666666667,0.432797524425974
-28.1,0.432797597630279
-28.0833333333333,0.432797670834585
-28.0666666666667,0.432797740455684
-28.05,0.432797809931139
-28.0333333333333,0.432797877093333
-28.0166666666667,0.432797943030133
-28,0.43279800776886
-27.9833333333333,0.432798070247838
-27.9666666666667,0.432798132726817
-27.95,0.43279819217996
-27.9333333333333,0.432798251286728
-27.9166666666667,0.432798308964119
-27.9,0.432798364880947
-27.8833333333333,0.432798420797775
-27.8666666666667,0.432798473700414
-27.85,0.432798526599711
-27.8333333333333,0.432798577929928
-27.8166666666667,0.432798627974774
-27.8,0.432798677748252
-27.7833333333333,0.432798725092907
-27.7666666666667,0.432798772437561
-27.75,0.432798818118607
-27.7333333333333,0.432798862908983
-27.7166666666667,0.432798907195666
-27.7,0.432798949493822
-27.6833333333333,0.432798991791978
-27.6666666666667,0.432799032651615
-27.65,0.432799072523461
-27.6333333333333,0.432799112395307
-27.6166666666667,0.432799150017616
-27.6,0.432799187602557
-27.5833333333333,0.432799224380391
-27.5666666666667,0.432799259809814
-27.55,0.432799295239237
-27.5333333333333,0.43279932911398
-27.5166666666667,0.432799362511713
-27.5,0.432799395610724
-27.4833333333333,0.432799427093474
-27.4666666666667,0.432799458576224
-27.45,0.432799489072063
-27.4333333333333,0.432799518749826
-27.4166666666667,0.432799548427589
-27.4,0.432799576457007
-27.3833333333333,0.432799604376621
-27.3666666666667,0.43279963204561
-27.35,0.432799658256975
-27.3333333333333,0.43279968446834
-27.3166666666667,0.432799710109033
-27.3,0.432799734716862
-27.2833333333333,0.43279975932469
-27.2666666666667,0.432799783081974
-27.25,0.432799806184554
-27.2333333333333,0.432799829287133
-27.2166666666667,0.432799851295741
-27.2,0.432799872985324
-27.1833333333333,0.432799894674908
-27.1666666666667,0.432799915060121
-27.15,0.432799935423301
-27.1333333333333,0.432799955546723
-27.1166666666667,0.432799974664779
-27.1,0.432799993782836
-27.0833333333333,0.432800012414612
-27.0666666666667,0.432800030322194
-27.05,0.432800048229776
-27.0333333333333,0.432800065664335
-27.0166666666667,0.432800082398479
-27,0.432800099132622
-26.9833333333333,0.43280011542329
-26.9666666666667,0.432800131061055
-26.95,0.432800146698819
-26.9333333333333,0.432800161920811
-26.9166666666667,0.432800176534186
-26.9,0.432800191147561
-26.8833333333333,0.432800205371139
-26.8666666666667,0.432800219027381
-26.85,0.432800232683623
-26.8333333333333,0.432800245974422
-26.8166666666667,0.432800258736365
-26.8,0.432800271498308
-26.7833333333333,0.432800283917641
-26.7666666666667,0.432800295843987
-26.75,0.432800307770334
-26.7333333333333,0.432800319363214
-26.7166666666667,0.432800330478997
-26.7,0.43280034159478
-26.6833333333333,0.432800352575206
-26.6666666666667,0.432800362907289
-26.65,0.432800373239371
-26.6333333333333,0.432800383571453
-26.6166666666667,0.432800393223275
-26.6,0.43280040282705
-26.5833333333333,0.432800412430825
-26.5666666666667,0.432800421563966
-26.55,0.432800430490904
-26.5333333333333,0.432800439417842
-26.5166666666667,0.432800448057539
-26.5,0.432800456355467
-26.4833333333333,0.432800464653395
-26.4666666666667,0.432800472823905
-26.45,0.432800480537265
-26.4333333333333,0.432800488250624
-26.4166666666667,0.432800495963984
-26.4,0.432800503145325
-26.3833333333333,0.432800510315412
-26.3666666666667,0.432800517485498
-26.35,0.432800524266286
-26.3333333333333,0.432800530910716
-26.3166666666667,0.432800537555147
-26.3,0.432800544087277
-26.2833333333333,0.432800550225038
-26.2666666666667,0.432800556362798
-26.25,0.432800562500559
-26.2333333333333,0.432800568309518
-26.2166666666667,0.43280057397936
-26.2,0.432800579649203
-26.1833333333333,0.432800585239645
-26.1666666666667,0.432800590477351
-26.15,0.432800595715057
-26.1333333333333,0.432800600952762
-26.1166666666667,0.432800605925154
-26.1,0.432800610763762
-26.0833333333333,0.43280061560237
-26.0666666666667,0.432800620387226
-26.05,0.432800624857245
-26.0333333333333,0.432800629327263
-26.0166666666667,0.432800633797282
-26,0.432800638053899
-25.9833333333333,0.432800642183498
-25.9666666666667,0.432800646313098
-25.95,0.432800650407257
-25.9333333333333,0.432800654208473
-25.9166666666667,0.43280065800969
-25.9,0.432800661810907
-25.8833333333333,0.432800665530713
-25.8666666666667,0.432800669016577
-25.85,0.43280067250244
-25.8333333333333,0.432800675988304
-25.8166666666667,0.432800679356104
-25.8,0.432800682552871
-25.7833333333333,0.432800685749637
-25.7666666666667,0.432800688946404
-25.75,0.432800691995119
-25.7333333333333,0.432800694926852
-25.7166666666667,0.432800697858586
-25.7,0.432800700790319
-25.6833333333333,0.432800703549819
-25.6666666666667,0.432800706238576
-25.65,0.432800708927332
-25.6333333333333,0.432800711616089
-25.6166666666667,0.432800714113476
-25.6,0.432800716579471
-25.5833333333333,0.432800719045465
-25.5666666666667,0.432800721509559
-25.55,0.432800723771322
-25.5333333333333,0.432800726033085
-25.5166666666667,0.432800728294848
-25.5,0.432800730525291
-25.4833333333333,0.43280073259074
-25.4666666666667,0.432800734656189
-25.45,0.432800736721638
-25.4333333333333,0.432800738787087
-25.4166666666667,0.43280074068108
-25.4,0.432800742558834
-25.3833333333333,0.432800744436588
-25.3666666666667,0.432800746314342
-25.35,0.432800748078258
-25.3333333333333,0.432800749785448
-25.3166666666667,0.432800751492638
-25.3,0.432800753199827
-25.2833333333333,0.432800754841706
-25.2666666666667,0.432800756393894
-25.25,0.432800757946082
-25.2333333333333,0.432800759498271
-25.2166666666667,0.432800761025766
-25.2,0.43280076243709
-25.1833333333333,0.432800763848415
-25.1666666666667,0.432800765259739
-25.15,0.432800766671064
-25.1333333333333,0.432800767963428
-25.1166666666667,0.432800769246733
-25.1,0.432800770530038
-25.0833333333333,0.432800771813343
-25.0666666666667,0.432800773017161
-25.05,0.432800774184116
-25.0333333333333,0.432800775351072
-25.0166666666667,0.432800776518027
-25,0.432800777636304
-24.9833333333333,0.432800778691895
-24.9666666666667,0.432800779747487
-24.95,0.432800780803078
-24.9333333333333,0.43280078185867
-24.9166666666667,0.43280078283923
-24.9,0.432800783788919
-24.8833333333333,0.432800784738608
-24.8666666666667,0.432800785688296
-24.85,0.432800786637985
-24.8333333333333,0.43280078749437
-24.8166666666667,0.432800788348838
-24.8,0.432800789203306
-24.7833333333333,0.432800790057774
-24.7666666666667,0.43280079089073
-24.75,0.432800791659578
-24.7333333333333,0.432800792428426
-24.7166666666667,0.432800793197274
-24.7,0.432800793966122
-24.6833333333333,0.432800794694732
-24.6666666666667,0.432800795386588
-24.65,0.432800796078444
-24.6333333333333,0.432800796770301
-24.6166666666667,0.432800797462157
-24.6,0.432800798099039
-24.5833333333333,0.432800798721659
-24.5666666666667,0.432800799344279
-24.55,0.432800799966899
-24.5333333333333,0.432800800585448
-24.5166666666667,0.432800801145803
-24.5,0.432800801706158
-24.4833333333333,0.432800802266513
-24.4666666666667,0.432800802826868
-24.45,0.432800803367257
-24.4333333333333,0.432800803868326
-24.4166666666667,0.432800804369395
-24.4,0.432800804870463
-24.3833333333333,0.432800805371532
-24.3666666666667,0.432800805872078
-24.35,0.432800806317145
-24.3333333333333,0.432800806762212
-24.3166666666667,0.432800807207278
-24.3,0.432800807652345
-24.2833333333333,0.432800808097412
-24.2666666666667,0.432800808508589
-24.25,0.432800808903955
-24.2333333333333,0.432800809299322
-24.2166666666667,0.432800809694689
-24.2,0.432800810090055
-24.1833333333333,0.432800810469786
-24.1666666666667,0.432800810821042
-24.15,0.432800811172298
-24.1333333333333,0.432800811523553
-24.1166666666667,0.432800811874809
-24.1,0.432800812225006
-24.0833333333333,0.432800812537108
-24.0666666666667,0.43280081284921
-24.05,0.432800813161311
-24.0333333333333,0.432800813473413
-24.0166666666667,0.432800813785515
-24,0.432800814073301
-23.9833333333333,0.432800814350646
-23.9666666666667,0.432800814627991
-23.95,0.432800814905336
-23.9333333333333,0.432800815182681
-23.9166666666667,0.432800815448543
-23.9,0.432800815695032
-23.8833333333333,0.432800815941521
-23.8666666666667,0.432800816188011
-23.85,0.4328008164345
-23.8333333333333,0.43280081667971
-23.8166666666667,0.432800816897582
-23.8,0.432800817115454
-23.7833333333333,0.432800817333327
-23.7666666666667,0.4328008175512
-23.75,0.432800817769072
-23.7333333333333,0.432800817981651
-23.7166666666667,0.432800818173139
-23.7,0.432800818364627
-23.6833333333333,0.432800818556115
-23.6666666666667,0.432800818747604
-23.65,0.432800818939092
-23.6333333333333,0.432800819122322
-23.6166666666667,0.432800819290649
-23.6,0.432800819458976
-23.5833333333333,0.432800819627303
-23.5666666666667,0.43280081979563
-23.55,0.432800819963957
-23.5333333333333,0.432800820121865
-23.5166666666667,0.432800820269857
-23.5,0.43280082041785
-23.4833333333333,0.432800820565842
-23.4666666666667,0.432800820713835
-23.45,0.432800820861827
-23.4333333333333,0.432800820997888
-23.4166666666667,0.432800821128026
-23.4,0.432800821258164
-23.3833333333333,0.432800821388301
-23.3666666666667,0.432800821518439
-23.35,0.432800821648577
-23.3333333333333,0.432800821765792
-23.3166666666667,0.43280082188025
-23.3,0.432800821994709
-23.2833333333333,0.432800822109167
-23.2666666666667,0.432800822223625
-23.25,0.432800822338084
-23.2333333333333,0.432800822439045
-23.2166666666667,0.432800822539732
-23.2,0.432800822640419
-23.1833333333333,0.432800822741106
-23.1666666666667,0.432800822841793
-23.15,0.432800822940762
-23.1333333333333,0.432800823028808
-23.1166666666667,0.432800823116853
-23.1,0.432800823204899
-23.0833333333333,0.432800823292945
-23.0666666666667,0.432800823380991
-23.05,0.432800823469036
-23.0333333333333,0.432800823548833
-23.0166666666667,0.432800823625348
-23,0.432800823701863
-22.9833333333333,0.432800823778377
-22.9666666666667,0.432800823854892
-22.95,0.432800823931407
-22.9333333333333,0.432800824004973
-22.9166666666667,0.432800824071484
-22.9,0.432800824137995
-22.8833333333333,0.432800824204507
-22.8666666666667,0.432800824271018
-22.85,0.432800824337529
-22.8333333333333,0.43280082440404
-22.8166666666667,0.432800824462964
-22.8,0.432800824520795
-22.7833333333333,0.432800824578626
-22.7666666666667,0.432800824636457
-22.75,0.432800824694289
-22.7333333333333,0.43280082475212
-22.7166666666667,0.432800824806534
-22.7,0.432800824856832
-22.6833333333333,0.43280082490713
-22.6666666666667,0.432800824957428
-22.65,0.432800825007726
-22.6333333333333,0.432800825058024
-22.6166666666667,0.432800825108106
-22.6,0.432800825151865
-22.5833333333333,0.432800825195623
-22.5666666666667,0.432800825239382
-22.55,0.432800825283141
-22.5333333333333,0.432800825326899
-22.5166666666667,0.432800825370658
-22.5,0.43280082541094
-22.4833333333333,0.43280082544902
-22.4666666666667,0.432800825487101
-22.45,0.432800825525182
-22.4333333333333,0.432800825563263
-22.4166666666667,0.432800825601343
-22.4,0.432800825638432
-22.3833333333333,0.432800825671336
-22.3666666666667,0.43280082570424
-22.35,0.432800825737145
-22.3333333333333,0.432800825770049
-22.3166666666667,0.432800825802953
-22.3,0.432800825835857
-22.2833333333333,0.432800825868463
-22.2666666666667,0.432800825896683
-22.25,0.432800825924904
-22.2333333333333,0.432800825953125
-22.2166666666667,0.432800825981345
-22.2,0.432800826009566
-22.1833333333333,0.432800826037786
-22.1666666666667,0.432800826066007
-22.15,0.432800826090478
-22.1333333333333,0.432800826114692
-22.1166666666667,0.432800826138906
-22.1,0.432800826163119
-22.0833333333333,0.432800826187333
-22.0666666666667,0.432800826211547
-22.05,0.432800826235761
-22.0333333333333,0.432800826257204
-22.0166666666667,0.432800826277989
-22,0.432800826298774
-21.9833333333333,0.432800826319559
-21.9666666666667,0.432800826340344
-21.95,0.432800826361129
-21.9333333333333,0.432800826381913
-21.9166666666667,0.432800826400702
-21.9,0.432800826418552
-21.8833333333333,0.432800826436401
-21.8666666666667,0.43280082645425
-21.85,0.4328008264721
-21.8333333333333,0.432800826489949
-21.8166666666667,0.432800826507799
-21.8,0.43280082652426
-21.7833333333333,0.432800826539596
-21.7666666666667,0.432800826554931
-21.75,0.432800826570267
-21.7333333333333,0.432800826585603
-21.7166666666667,0.432800826600938
-21.7,0.432800826616274
-21.6833333333333,0.432800826630696
-21.6666666666667,0.432800826643878
-21.65,0.43280082665706
-21.6333333333333,0.432800826670242
-21.6166666666667,0.432800826683424
-21.6,0.432800826696606
-21.5833333333333,0.432800826709788
-21.5666666666667,0.432800826722393
-21.55,0.432800826733628
-21.5333333333333,0.432800826744862
-21.5166666666667,0.432800826756097
-21.5,0.432800826767331
-21.4833333333333,0.432800826778566
-21.4666666666667,0.4328008267898
-21.45,0.432800826801035
-21.4333333333333,0.432800826811765
-21.4166666666667,0.432800826821255
-21.4,0.432800826830744
-21.3833333333333,0.432800826840234
-21.3666666666667,0.432800826849723
-21.35,0.432800826859213
-21.3333333333333,0.432800826868702
-21.3166666666667,0.432800826878192
-21.3,0.432800826887269
-21.2833333333333,0.43280082689529
-21.2666666666667,0.432800826903311
-21.25,0.432800826911332
-21.2333333333333,0.432800826919353
-21.2166666666667,0.432800826927374
-21.2,0.432800826935395
-21.1833333333333,0.432800826943416
-21.1666666666667,0.432800826951098
-21.15,0.432800826957883
-21.1333333333333,0.432800826964667
-21.1166666666667,0.432800826971452
-21.1,0.432800826978236
-21.0833333333333,0.432800826985021
-21.0666666666667,0.432800826991805
-21.05,0.43280082699859
-21.0333333333333,0.432800827005097
-21.0166666666667,0.43280082701084
-21,0.432800827016583
-20.9833333333333,0.432800827022326
-20.9666666666667,0.432800827028068
-20.95,0.432800827033811
-20.9333333333333,0.432800827039554
-20.9166666666667,0.432800827045296
-20.9,0.432800827050812
-20.8833333333333,0.432800827055676
-20.8666666666667,0.432800827060541
-20.85,0.432800827065405
-20.8333333333333,0.43280082707027
-20.8166666666667,0.432800827075134
-20.8,0.432800827079999
-20.7833333333333,0.432800827084863
-20.7666666666667,0.432800827089542
-20.75,0.432800827093665
-20.7333333333333,0.432800827097789
-20.7166666666667,0.432800827101912
-20.7,0.432800827106036
-20.6833333333333,0.43280082711016
-20.6666666666667,0.432800827114283
-20.65,0.432800827118407
-20.6333333333333,0.432800827122369
-20.6166666666667,0.432800827125829
-20.6,0.432800827129288
-20.5833333333333,0.432800827132748
-20.5666666666667,0.432800827136207
-20.55,0.432800827139667
-20.5333333333333,0.432800827143127
-20.5166666666667,0.432800827146586
-20.5,0.432800827150046
-20.4833333333333,0.432800827153437
-20.4666666666667,0.432800827156308
-20.45,0.43280082715918
-20.4333333333333,0.432800827162051
-20.4166666666667,0.432800827164922
-20.4,0.432800827167794
-20.3833333333333,0.432800827170665
-20.3666666666667,0.432800827173536
-20.35,0.432800827176408
-20.3333333333333,0.432800827179279
-20.3166666666667,0.432800827181669
-20.3,0.432800827184055
-20.2833333333333,0.432800827186441
-20.2666666666667,0.432800827188827
-20.25,0.432800827191212
-20.2333333333333,0.432800827193598
-20.2166666666667,0.432800827195984
-20.2,0.432800827198369
-20.1833333333333,0.432800827200755
-20.1666666666667,0.432800827202794
-20.15,0.432800827204779
-20.1333333333333,0.432800827206763
-20.1166666666667,0.432800827208747
-20.1,0.432800827210732
-20.0833333333333,0.432800827212716
-20.0666666666667,0.432800827214701
-20.05,0.432800827216685
-20.0333333333333,0.432800827218669
-20.0166666666667,0.432800827220488
-20,0.432800827222247
-19.9833333333333,0.432800827224006
-19.9666666666667,0.521871878469838
-19.95,0.531942181071785
-19.9333333333333,0.534998579015705
-19.9166666666667,0.536465249647113
-19.9,0.537368951004916
-19.8833333333333,0.53803881060657
-19.8666666666667,0.538604972223644
-19.85,0.539124073347624
-19.8333333333333,0.539621933347678
-19.8166666666667,0.540110573384562
-19.8,0.540595653935728
-19.7833333333333,0.541079854384921
-19.7666666666667,0.541564449091059
-19.75,0.542050046027527
-19.7333333333333,0.542536938915677
-19.7166666666667,0.543025269765133
-19.7,0.543515111819482
-19.6833333333333,0.54400650602681
-19.6666666666667,0.544499471929268
-19.65,0.544994025320452
-19.6333333333333,0.545490178490616
-19.6166666666667,0.545987942855149
-19.6,0.546487320758752
-19.5833333333333,0.546988335215827
-19.5666666666667,0.547490976600518
-19.55,0.547995264841491
-19.5333333333333,0.548501223444672
-19.5166666666667,0.549008834380838
-19.5,0.549518117635056
-19.4833333333333,0.550029076776048
-19.4666666666667,0.550541754404743
-19.45,0.551056103816231
-19.4333333333333,0.551572190511961
-19.4166666666667,0.552089896922523
-19.4,0.552609567403149
-19.3833333333333,0.553130807428997
-19.3666666666667,0.553653782127975
-19.35,0.554178500799066
-19.3333333333333,0.554704972806289
-19.3166666666667,0.555233207579199
-19.3,0.555763474235768
-19.2833333333333,0.55629538073951
-19.2666666666667,0.556828972857297
-19.25,0.557364258195537
-19.2333333333333,0.557901588717155
-19.2166666666667,0.558440877222415
-19.2,0.55898189018002
-19.1833333333333,0.559524635437073
-19.1666666666667,0.560069153743729
-19.15,0.560616175737319
-19.1333333333333,0.561164519221358
-19.1166666666667,0.56171468869936
-19.1,0.562267255254259
-19.0833333333333,0.562820887780789
-19.0666666666667,0.563377440130074
-19.05,0.563935364755386
-19.0333333333333,0.56449515319952
-19.0166666666667,0.565057420100728
-19,0.565620783217584
-18.9833333333333,0.566187134976285
-18.9666666666667,0.566754911932999
-18.95,0.567324591648845
-18.9333333333333,0.567896834469745
-18.9166666666667,0.568470204867189
-18.9,0.569046634978524
-18.8833333333333,0.569624545445621
-18.8666666666667,0.570204398763325
-18.85,0.570786903248318
-18.8333333333333,0.571370567834165
-18.8166666666667,0.571957365541251
-18.8,0.572545701101496
-18.7833333333333,0.573136020791357
-18.7666666666667,0.573729083277732
-18.75,0.574323339600975
-18.7333333333333,0.574920804872733
-18.7166666666667,0.575519867943209
-18.7,0.57612095764674
-18.6833333333333,0.576724885502129
-18.6666666666667,0.577330042192155
-18.65,0.577938486164705
-18.6333333333333,0.57854859044294
-18.6166666666667,0.579160765119412
-18.6,0.579775877194799
-18.5833333333333,0.580392254416142
-18.5666666666667,0.58101199984958
-18.55,0.581633470775138
-18.5333333333333,0.58225705716344
-18.5166666666667,0.582883684261538
-18.5,0.583511614183966
-18.4833333333333,0.584142995934279
-18.4666666666667,0.584776171165529
-18.45,0.585411508261036
-18.4333333333333,0.586049724429882
-18.4166666666667,0.586690071415651
-18.4,0.587332484153281
-18.3833333333333,0.58797818693517
-18.3666666666667,0.588626069749362
-18.35,0.589276059106833
-18.3333333333333,0.589928585855563
-18.3166666666667,0.590584142722723
-18.3,0.591241847905687
-18.2833333333333,0.591901708189656
-18.2666666666667,0.592564684367289
-18.25,0.593230315035563
-18.2333333333333,0.593897964904736
-18.2166666666667,0.594568331563446
-18.2,0.595241818310038
-18.1833333333333,0.595917388003882
-18.1666666666667,0.596595368425229
-18.15,0.597276881489729
-18.1333333333333,0.597960517635329
-18.1166666666667,0.598646280026943
-18.1,0.599335935314297
-18.0833333333333,0.600027787872366
-18.0666666666667,0.600721807857992
-18.05,0.601419420188137
-18.0333333333333,0.602119642527108
-18.0166666666667,0.602822074443301
-18,0.603527786391556
-17.9833333333333,0.604236535362151
-17.9666666666667,0.604947537049371
-17.95,0.60566149429313
-17.9333333333333,0.606378930303223
-17.9166666666667,0.607098663180755
-17.9,0.607821014562752
-17.8833333333333,0.608547301652374
-17.8666666666667,0.609275930793335
-17.85,0.610006905551857
-17.8333333333333,0.610742134301177
-17.8166666666667,0.611479614810418
-17.8,0.612220150866496
-17.7833333333333,0.612963595323239
-17.7666666666667,0.613710131242801
-17.75,0.614460199470204
-17.7333333333333,0.615213236583095
-17.7166666666667,0.615969259272365
-17.7,0.616728284325667
-17.6833333333333,0.617490328627748
-17.6666666666667,0.618255641373381
-17.65,0.619025036761863
-17.6333333333333,0.61979609636067
-17.6166666666667,0.620571205655854
-17.6,0.621349539612111
-17.5833333333333,0.622131118212521
-17.5666666666667,0.62291596158009
-17.55,0.623704162016623
-17.5333333333333,0.624495772099103
-17.5166666666667,0.625290703033534
-17.5,0.626088975746342
-17.4833333333333,0.626890601738594
-17.4666666666667,0.627695685982863
-17.45,0.628504303524614
-17.4333333333333,0.629316353298705
-17.4166666666667,0.630131760730814
-17.4,0.630950856926333
-17.3833333333333,0.631773272284659
-17.3666666666667,0.632599482649316
-17.35,0.633429478794125
-17.3333333333333,0.634262753830791
-17.3166666666667,0.635099621470481
-17.3,0.635940104275599
-17.2833333333333,0.636784224959743
-17.2666666666667,0.637631944665282
-17.25,0.638483637404431
-17.2333333333333,0.63933903085832
-17.2166666666667,0.640198003131465
-17.2,0.641060671230695
-17.1833333333333,0.641927539569001
-17.1666666666667,0.642797993901063
-17.15,0.643672416147324
-17.1333333333333,0.644550779609993
-17.1166666666667,0.645432922999506
-17.1,0.646319009024234
-17.0833333333333,0.6472092195768
-17.0666666666667,0.648103257316673
-17.05,0.649001288168591
-17.0333333333333,0.649903537206137
-17.0166666666667,0.650809705172129
-17,0.651719868253878
-16.9833333333333,0.65263428990472
-16.9666666666667,0.653552852851638
-16.95,0.654475583654992
-16.9333333333333,0.655402510434632
-16.9166666666667,0.656333658220431
-16.9,0.65726905421446
-16.8833333333333,0.658208725621009
-16.8666666666667,0.65915265763727
-16.85,0.6601008780231
-16.8333333333333,0.661053605666073
-16.8166666666667,0.662010691542114
-16.8,0.662972154814952
-16.7833333333333,0.663938047126719
-16.7666666666667,0.664908445403911
-16.75,0.665883346995601
-16.7333333333333,0.666862763424327
-16.7166666666667,0.667846668207587
-16.7,0.668835145564671
-16.6833333333333,0.669828390164607
-16.6666666666667,0.670826202061483
-16.65,0.671828688812431
-16.6333333333333,0.672835879981047
-16.6166666666667,0.673847827236219
-16.6,0.674864546999581
-16.5833333333333,0.675886017087484
-16.5666666666667,0.676912408362223
-16.55,0.67794349671751
-16.5333333333333,0.678979474939556
-16.5166666666667,0.680020490303411
-16.5,0.681066454258045
-16.4833333333333,0.682117343817867
-16.4666666666667,0.683173192928314
-16.45,0.684234074253891
-16.4333333333333,0.685300146754453
-16.4166666666667,0.686371300047408
-16.4,0.687447586895685
-16.3833333333333,0.688528989441629
-16.3666666666667,0.689615585870548
-16.35,0.690707407811399
-16.3333333333333,0.691804486984665
-16.3166666666667,0.692906867287564
-16.3,0.694014453923654
-16.2833333333333,0.695127616849833
-16.2666666666667,0.69624613546481
-16.25,0.697370017888608
-16.2333333333333,0.698499295256831
-16.2166666666667,0.699633998755871
-16.2,0.700774284629685
-16.1833333333333,0.701920120533038
-16.1666666666667,0.703071597385305
-16.15,0.704228719270043
-16.1333333333333,0.70539135331374
-16.1166666666667,0.70655979688053
-16.1,0.707733859239435
-16.0833333333333,0.708913707965247
-16.0666666666667,0.710099317667002
-16.05,0.711290775136983
-16.0333333333333,0.712487921778994
-16.0166666666667,0.713691123646169
-16,0.714900170083422
-15.9833333333333,0.716115226964766
-15.9666666666667,0.717336168269459
-15.95,0.718563110714886
-15.9333333333333,0.719796086289058
-15.9166666666667,0.721035156456769
-15.9,0.722280290952732
-15.8833333333333,0.7235315275795
-15.8666666666667,0.724788897412375
-15.85,0.726052711507413
-15.8333333333333,0.727322363758678
-15.8166666666667,0.728598746441975
-15.8,0.729881016004715
-15.7833333333333,0.731169538601446
-15.7666666666667,0.73246485893704
-15.75,0.733766151269863
-15.7333333333333,0.735073817717356
-15.7166666666667,0.736388345904073
-15.7,0.737708928951948
-15.6833333333333,0.73903600551642
-15.6666666666667,0.740370004032408
-15.65,0.741710137551607
-15.6333333333333,0.743056881752318
-15.6166666666667,0.744410603804442
-15.6,0.745770537764604
-15.5833333333333,0.747137196713164
-15.5666666666667,0.748510884530684
-15.55,0.749890857357469
-15.5333333333333,0.751277665932375
-15.5166666666667,0.752671548892881
-15.5,0.754071785539013
-15.4833333333333,0.755478964382908
-15.4666666666667,0.756893256957949
-15.45,0.758313966789948
-15.4333333333333,0.759741720116637
-15.4166666666667,0.761176619624031
-15.4,0.762617721501541
-15.3833333333333,0.764066557290221
-15.3666666666667,0.765521932090485
-15.35,0.766984332499401
-15.3333333333333,0.768453917253602
-15.3166666666667,0.769930052459361
-15.3,0.771413776798313
-15.2833333333333,0.772903867600565
-15.2666666666667,0.774401733253042
-15.25,0.775906000667625
-15.2333333333333,0.777417881925706
-15.2166666666667,0.778936367573503
-15.2,0.780462300033615
-15.1833333333333,0.781995035795812
-15.1666666666667,0.783535045303218
-15.15,0.785082052576068
-15.1333333333333,0.786636154496682
-15.1166666666667,0.788197443407741
-15.1,0.789765641863174
-15.0833333333333,0.791341210447972
-15.0666666666667,0.792923497512873
-15.05,0.794513330851046
-15.0333333333333,0.796109685711882
-15.0166666666667,0.797713755021911
-15,0.799324220392393
-14.9833333333333,0.80094240478824
-14.9666666666667,0.802567037442071
-14.95,0.804199171489806
-14.9333333333333,0.805837904404785
-14.9166666666667,0.807483913984236
-14.9,0.809136662809546
-14.8833333333333,0.810796456568595
-14.8666666666667,0.812463118527591
-14.85,0.814136586816606
-14.8333333333333,0.815817039566253
-14.8166666666667,0.817504053331855
-14.8,0.819198153779152
-14.7833333333333,0.820898563417785
-14.7666666666667,0.822606146493862
-14.75,0.824319780665935
-14.7333333333333,0.826040658058817
-14.7166666666667,0.827767452331997
-14.7,0.829501281311931
-14.6833333333333,0.83124105139117
-14.6666666666667,0.832987558974225
-14.65,0.834740053692178
-14.6333333333333,0.836498980972551
-14.6166666666667,0.838263921229706
-14.6,0.840034981696531
-14.5833333333333,0.841812059032429
-14.5666666666667,0.843594937195815
-14.55,0.845383812332268
-14.5333333333333,0.847178162324917
-14.5166666666667,0.848978463685456
-14.5,0.850783907844117
-14.4833333333333,0.852595230054583
-14.4666666666667,0.854411372864471
-14.45,0.85623325986214
-14.4333333333333,0.858059769820407
-14.4166666666667,0.859891630027567
-14.4,0.861728012125917
-14.3833333333333,0.863569343001389
-14.3666666666667,0.865415063177543
-14.35,0.867265323811657
-14.3333333333333,0.869119807446088
-14.3166666666667,0.870978417139695
-14.3,0.872841047574614
-14.2833333333333,0.874707384443983
-14.2666666666667,0.876577501535077
-14.25,0.878450901152932
-14.2333333333333,0.880327799865396
-14.2166666666667,0.882207553949331
-14.2,0.884090483010788
-14.1833333333333,0.885975868400364
-14.1666666666667,0.887863998795321
-14.15,0.88975423546621
-14.1333333333333,0.891646700051783
-14.1166666666667,0.893540917683158
-14.1,0.895436842440184
-14.0833333333333,0.897334120449369
-14.0666666666667,0.89923258248743
-14.05,0.901131949121257
-14.0333333333333,0.903031975882907
-14.0166666666667,0.904932407455113
-14,0.906832976067245
-13.9833333333333,0.908733396131236
-13.9666666666667,0.910633429812394
-13.95,0.912532712865632
-13.9333333333333,0.914431079621097
-13.9166666666667,0.916328090115613
-13.9,0.918223507439608
-13.8833333333333,0.920117032154753
-13.8666666666667,0.922008355882429
-13.85,0.92389716420882
-13.8333333333333,0.925782995495781
-13.8166666666667,0.927665595871202
-13.8,0.929544660326027
-13.7833333333333,0.931419849592888
-13.7666666666667,0.933290818669604
-13.75,0.935157169213908
-13.7333333333333,0.937018347306723
-13.7166666666667,0.938874364681796
-13.7,0.940724487036249
-13.6833333333333,0.942568442902974
-13.6666666666667,0.944405899693434
-13.65,0.946236478590955
-13.6333333333333,0.948059749764075
-13.6166666666667,0.949875310056431
-13.6,0.951682751765768
-13.5833333333333,0.953481569017521
-13.5666666666667,0.955271524771812
-13.55,0.957051896742579
-13.5333333333333,0.958822632916955
-13.5166666666667,0.960583026056486
-13.5,0.962332728726035
-13.4833333333333,0.964071492879502
-13.4666666666667,0.96579840700523
-13.45,0.967513704939093
-13.4333333333333,0.969216176941883
-13.4166666666667,0.970906052781657
-13.4,0.972582524173807
-13.3833333333333,0.974245193288406
-13.3666666666667,0.975893924056341
-13.35,0.97752760207693
-13.3333333333333,0.979146670785572
-13.3166666666667,0.980749766853487
-13.3,0.982337213928015
-13.2833333333333,0.983908203695841
-13.2666666666667,0.98546228101707
-13.25,0.986999474500034
-13.2333333333333,0.988518464415424
-13.2166666666667,0.990019939663586
-13.2,0.991502430807053
-13.1833333333333,0.992966347202118
-13.1666666666667,0.994410941277155
-13.15,0.99583570108475
-13.1333333333333,0.997240872237472
-13.1166666666667,0.998624944853519
-13.1,0.999988874398184
-13.0833333333333,1.00133117647356
-13.0666666666667,1.00265227025634
-13.05,1.00395181814611
-13.0333333333333,1.00522865830982
-13.0166666666667,1.00648329198892
-13,1.00771537429948
-12.9833333333333,1.0089246265522
-12.9666666666667,1.01011072133102
-12.95,1.01127322706536
-12.9333333333333,1.01241146102616
-12.9166666666667,1.01352665398733
-12.9,1.01461761657444
-12.8833333333333,1.0156847001781
-12.8666666666667,1.01672654612372
-12.85,1.01774415760879
-12.8333333333333,1.01873750420486
-12.8166666666667,1.01970615709599
-12.8,1.02064942508521
-12.7833333333333,1.02156822234615
-12.7666666666667,1.02246252213785
-12.75,1.02333147867775
-12.7333333333333,1.02417595266651
-12.7166666666667,1.02499540053153
-12.7,1.02578980403776
-12.6833333333333,1.02656026861192
-12.6666666666667,1.0273052682927
-12.65,1.02802672257474
-12.6333333333333,1.0287229095667
-12.6166666666667,1.02939585822663
-12.6,1.03004391487328
-12.5833333333333,1.03066904714641
-12.5666666666667,1.03126978099678
-12.55,1.03184773655021
-12.5333333333333,1.03240266018313
-12.5166666666667,1.03293461753809
-12.5,1.03344376158844
-12.4833333333333,1.03393101980855
-12.4666666666667,1.0343961975394
-12.45,1.03483972625066
-12.4333333333333,1.03526192619218
-12.4166666666667,1.03566331131719
-12.4,1.03604403169274
-12.3833333333333,1.03640468072861
-12.3666666666667,1.03674539074961
-12.35,1.0370667153252
-12.3333333333333,1.03736902421741
-12.3166666666667,1.03765265247129
-12.3,1.03791805298092
-12.2833333333333,1.03816556781244
-12.2666666666667,1.03839556452215
-12.25,1.0386087077441
-12.2333333333333,1.03880526073768
-12.2166666666667,1.03898529521336
-12.2,1.03914992451242
-12.1833333333333,1.03929922153512
-12.1666666666667,1.03943360178039
-12.15,1.03955347906335
-12.1333333333333,1.03965926490992
-12.1166666666667,1.03975136798749
-12.1,1.03983019357224
-12.0833333333333,1.03989614305307
-12.0666666666667,1.03994963894661
-12.05,1.03999081179132
-12.0333333333333,1.04002054637924
-12.0166666666667,1.04003885990767
-12,1.04004612032978
-11.9833333333333,1.04004303102687
-11.9666666666667,1.04002958749685
-11.95,1.04000623681577
-11.9333333333333,1.03997358395356
-11.9166666666667,1.0399316066222
-11.9,1.03988079268537
-11.8833333333333,1.03982166291408
-11.8666666666667,1.03975418134951
-11.85,1.03967886083493
-11.8333333333333,1.03959614661442
-11.8166666666667,1.03950599293658
-11.8,1.0394089240134
-11.7833333333333,1.03930531597127
-11.7666666666667,1.03919512479762
-11.75,1.03907886116922
-11.7333333333333,1.03895679735309
-11.7166666666667,1.03882913296913
-11.7,1.03869603589093
-11.6833333333333,1.0385578164897
-11.6666666666667,1.03841474108873
-11.65,1.03826696553357
-11.6333333333333,1.0381147414383
-11.6166666666667,1.03795833054362
-11.6,1.03779787736831
-11.5833333333333,1.03763359097438
-11.5666666666667,1.03746569728252
-11.55,1.03729437231113
-11.5333333333333,1.03711976663349
-11.5166666666667,1.03694205433431
-11.5,1.03676147201744
-11.4833333333333,1.0365781015892
-11.4666666666667,1.03639217282815
-11.45,1.03620380381147
-11.4333333333333,1.03601313220483
-11.4166666666667,1.03582031520644
-11.4,1.03562550051734
-11.3833333333333,1.03542880830589
-11.3666666666667,1.03523037035877
-11.35,1.03503031226317
-11.3333333333333,1.03482874099738
-11.3166666666667,1.03462580378988
-11.3,1.03442157519669
-11.2833333333333,1.03421616812058
-11.2666666666667,1.034009700961
-11.25,1.0338023164907
-11.2333333333333,1.03359399282781
-11.2166666666667,1.03338492520325
-11.2,1.03317516768844
-11.1833333333333,1.03296479596329
-11.1666666666667,1.03275391562423
-11.15,1.03254257164605
-11.1333333333333,1.03233086957315
-11.1166666666667,1.03211887391783
-11.1,1.03190663968916
-11.0833333333333,1.03169425625239
-11.0666666666667,1.03148177596702
-11.05,1.03126926009729
-11.0333333333333,1.03105676936184
-11.0166666666667,1.03084435855017
-11,1.03063209524367
-10.9833333333333,1.03042001088534
-10.9666666666667,1.03020815871415
-10.95,1.029996618862
-10.9333333333333,1.02978539325682
-10.9166666666667,1.02957453029458
-10.9,1.02936412770589
-10.8833333333333,1.02915415798606
-10.8666666666667,1.02894466199314
-10.85,1.02873575907902
-10.8333333333333,1.02852739265241
-10.8166666666667,1.0283195938559
-10.8,1.02811250680111
-10.7833333333333,1.02790604636973
-10.7666666666667,1.02770023720607
-10.75,1.02749523571617
-10.7333333333333,1.02729094382962
-10.7166666666667,1.02708737785546
-10.7,1.02688469485061
-10.6833333333333,1.02668279803079
-10.6666666666667,1.02648169126302
-10.65,1.02628152932799
-10.6333333333333,1.02608222179994
-10.6166666666667,1.02588375905284
-10.6,1.02568629114317
-10.5833333333333,1.0254897382057
-10.5666666666667,1.0252940763552
-10.55,1.02509944889427
-10.5333333333333,1.02490578996216
-10.5166666666667,1.02471306089115
-10.5,1.02452139656489
-10.4833333333333,1.02433074791234
-10.4666666666667,1.02414106116616
-10.45,1.02395246144323
-10.4333333333333,1.02376491867613
-10.4166666666667,1.0235783638552
-10.4,1.023392911258
-10.3833333333333,1.02320855154065
-10.3666666666667,1.02302520045501
-10.35,1.02284296060532
-10.3333333333333,1.02266184466493
-10.3166666666667,1.02248175327353
-10.3,1.02230277673421
-10.2833333333333,1.02212495066461
-10.2666666666667,1.0219481608202
-10.25,1.02177248475273
-10.2333333333333,1.02159798163689
-10.2166666666667,1.0214245226554
-10.2,1.02125217231122
-10.1833333333333,1.02108101383398
-10.1666666666667,1.02091090420552
-10.15,1.02074189292607
-10.1333333333333,1.02057409082657
-10.1166666666667,1.02040733951192
-10.1,1.02024167234628
-10.0833333333333,1.02007722942706
-10.0666666666667,1.0199138451883
-10.05,1.01975151884445
-10.0333333333333,1.01959040605897
-10.0166666666667,1.01943038840713
-10,1.0192714313937
-9.98333333333333,1.01911358341321
-9.96666666666667,1.01895692690534
-9.95,1.01880128184039
-9.93333333333333,1.01864679371284
-9.91666666666667,1.01849336959033
-9.9,1.01834104060695
-9.88333333333333,1.01818984011779
-9.86666666666667,1.01803972997872
-9.85,1.01789069223718
-9.83333333333334,1.01774274441449
-9.81666666666667,1.01759588990771
-9.8,1.01745010297573
-9.78333333333333,1.01730537498715
-9.76666666666667,1.01716174604527
-9.75,1.01701915233148
-9.73333333333333,1.01687764021341
-9.71666666666667,1.01673717932455
-9.7,1.01659775701613
-9.68333333333333,1.01645938065747
-9.66666666666667,1.01632207086602
-9.65,1.01618578873513
-9.63333333333333,1.01605053171376
-9.61666666666667,1.01591629493909
-9.6,1.01578307611211
-9.58333333333334,1.01565089352943
-9.56666666666667,1.01551972700004
-9.55,1.01538956221027
-9.53333333333333,1.01526039408349
-9.51666666666667,1.01513221784237
-9.5,1.01500503294102
-9.48333333333333,1.01487883108056
-9.46666666666667,1.01475360782478
-9.45,1.01462935933122
-9.43333333333333,1.01450609275095
-9.41666666666667,1.01438378844353
-9.4,1.01426244080077
-9.38333333333333,1.01414204337528
-9.36666666666667,1.01402258991939
-9.35,1.01390407698358
-9.33333333333334,1.01378649884618
-9.31666666666667,1.01366984976654
-9.3,1.01355412264371
-9.28333333333333,1.0134393076073
-9.26666666666667,1.01332540287971
-9.25,1.01321240630704
-9.23333333333333,1.01310032418398
-9.21666666666667,1.01298913779325
-9.2,1.01287883793802
-9.18333333333333,1.01276941605372
-9.16666666666667,1.01266086641745
-9.15,1.0125531833061
-9.13333333333333,1.01244636125263
-9.11666666666667,1.01234040107749
-9.1,1.01223531800018
-9.08333333333334,1.01213107557409
-9.06666666666667,1.01202766815293
-9.05,1.01192509005202
-9.03333333333333,1.01182333509316
-9.01666666666667,1.01172241245012
-9,1.01162232884989
-8.98333333333333,1.0115230532542
-8.96666666666667,1.01142457283797
-8.95,1.01132688281399
-8.93333333333333,1.01122999775833
-8.91666666666667,1.01113392887292
-8.9,1.01103862559084
-8.88333333333333,1.01094407756025
-8.86666666666667,1.01085033881491
-8.85,1.01075736398319
-8.83333333333334,1.01066512793206
-8.81666666666667,1.01057365658877
-8.8,1.01048295952447
-8.78333333333333,1.01039298413114
-8.76666666666667,1.01030373291656
-8.75,1.01021526261194
-8.73333333333333,1.010127497922
-8.71666666666667,1.01004043398938
-8.7,1.00995412547578
-8.68333333333333,1.00986852371774
-8.66666666666667,1.00978359153805
-8.65,1.00969941640145
-8.63333333333333,1.00961590844504
-8.61666666666667,1.00953308261297
-8.6,1.00945097573787
-8.58333333333334,1.00936950284889
-8.56666666666667,1.00928875688092
-8.55,1.00920864915414
-8.53333333333333,1.00912921426363
-8.51666666666667,1.00905044973054
-8.5,1.00897230688646
-8.48333333333333,1.00889486488184
-8.46666666666667,1.00881802914623
-8.45,1.0087418453265
-8.43333333333333,1.00866629646865
-8.41666666666667,1.00859137721729
-8.4,1.00851708122176
-8.38333333333333,1.00844340474822
-8.36666666666667,1.00837034314567
-8.35,1.00829792844331
-8.33333333333334,1.00822606775607
-8.31666666666667,1.00815484838475
-8.3,1.00808419500181
-8.28333333333333,1.00801415235135
-8.26666666666667,1.0079446859096
-8.25,1.00787580999405
-8.23333333333333,1.00780750039125
-8.21666666666667,1.00773976093846
-8.2,1.00767260688395
-8.18333333333333,1.00760601203341
-8.16666666666667,1.00753997226526
-8.15,1.00747448154807
-8.13333333333333,1.00740954077241
-8.11666666666667,1.0073451662872
-8.1,1.00728134008051
-8.08333333333334,1.0072180094137
-8.06666666666667,1.0071552577296
-8.05,1.00709300010761
-8.03333333333333,1.00703128950317
-8.01666666666667,1.00697009021525
-8,1.00690939308882
-7.98333333333333,1.00684923935643
-7.96666666666667,1.00678954941355
-7.95,1.00673041290589
-7.93333333333333,1.00667174468719
-7.91666666666667,1.00661357700249
-7.9,1.00655591388815
-7.88333333333333,1.00649869909042
-7.86666666666667,1.00644202534053
-7.85,1.00638579488511
-7.83333333333334,1.00633004202731
-7.81666666666667,1.00627480235054
-7.8,1.00621999565848
-7.78333333333333,1.00616565229135
-7.76666666666667,1.00611176846598
-7.75,1.006058340427
-7.73333333333333,1.00600534261653
-7.71666666666667,1.00595279169491
-7.7,1.00590073842589
-7.68333333333333,1.0058490877648
-7.66666666666667,1.00579789584184
-7.65,1.00574713185769
-7.63333333333333,1.00569678288925
-7.61666666666667,1.00564688654237
-7.6,1.00559741090894
-7.58333333333334,1.00554833891559
-7.56666666666667,1.00549969403916
-7.55,1.00545146867045
-7.53333333333333,1.00540362356349
-7.51666666666667,1.00535623128937
-7.5,1.00530922142531
-7.48333333333333,1.00526259106526
-7.46666666666667,1.00521638132571
-7.45,1.00517057609765
-7.43333333333333,1.00512514243641
-7.41666666666667,1.00508008853359
-7.4,1.0050354113335
-7.38333333333333,1.00499112162965
-7.36666666666667,1.00494723499631
-7.35,1.00490369557829
-7.33333333333334,1.00486053206503
-7.31666666666667,1.00481775091
-7.3,1.00477532311763
-7.28333333333333,1.00473324188583
-7.26666666666667,1.00469153668505
-7.25,1.00465019905139
-7.23333333333333,1.00460920680183
-7.21666666666667,1.00456855715316
-7.2,1.00452824734339
-7.18333333333333,1.0044882746313
-7.16666666666667,1.00444865979482
-7.15,1.00440939838665
-7.13333333333333,1.00437045722832
-7.11666666666667,1.00433184833345
-7.1,1.00429356892237
-7.08333333333334,1.00425561623761
-7.06666666666667,1.00421798754368
-7.05,1.00418068012699
-7.03333333333333,1.0041437313231
-7.01666666666667,1.00410700911473
-7,1.00407071473502
-6.98333333333333,1.00403463477862
-6.96666666666667,1.00399888084869
-6.95,1.0039634906904
-6.93333333333333,1.00392831008617
-6.91666666666667,1.00389349932633
-6.9,1.0038589913065
-6.88333333333333,1.00382468807565
-6.86666666666667,1.00379079600364
-6.85,1.00375715328453
-6.83333333333334,1.00372372027223
-6.81666666666667,1.00369071499323
-6.8,1.00365788478819
-6.78333333333333,1.00362536862542
-6.76666666666667,1.0035931640247
-6.75,1.00356113119036
-6.73333333333333,1.00352950710317
-6.71666666666667,1.00349808436615
-6.7,1.00346689722953
-6.68333333333333,1.00343607399933
-6.66666666666667,1.00340541685002
-6.65,1.00337509514299
-6.63333333333333,1.0033450097168
-6.61666666666667,1.00331512560422
-6.6,1.00328560903564
-6.58333333333334,1.00325622608564
-6.56666666666667,1.00322719855804
-6.55,1.00319837065272
-6.53333333333333,1.00316976228683
-6.51666666666667,1.00314147965167
-6.5,1.00311332537868
-6.48333333333333,1.00308553749446
-6.46666666666667,1.00305791832072
-6.45,1.00303053940237
-6.43333333333333,1.0030034318189
-6.41666666666667,1.00297646332794
-6.4,1.00294986266418
-6.38333333333333,1.00292336156306
-6.36666666666667,1.00289719578021
-6.35,1.00287118965774
-6.33333333333334,1.00284541633002
-6.31666666666667,1.00281989640343
-6.3,1.00279450971254
-6.28333333333333,1.00276946734715
-6.26666666666667,1.00274451956906
-6.25,1.00271989406006
-6.23333333333333,1.00269540279869
-6.21666666666667,1.00267115682525
-6.2,1.00264711824008
-6.18333333333333,1.00262324601649
-6.16666666666667,1.00259965205926
-6.15,1.00257614788613
-6.13333333333333,1.00255299064584
-6.11666666666667,1.00252990544075
-6.1,1.00250712060965
-6.08333333333334,1.00248446215025
-6.06666666666667,1.00246202877734
-6.05,1.0024397930837
-6.03333333333333,1.00241771224763
-6.01666666666667,1.00239587676305
-6,1.00237414935524
-5.98333333333333,1.00235270983545
-5.96666666666667,1.00233133025487
-5.95,1.00231027968744
-5.93333333333333,1.00228927429527
-5.91666666666667,1.00226857391328
-5.9,1.00224794915194
-5.88333333333333,1.00222758031171
-5.86666666666667,1.00220732944141
-5.85,1.00218728688271
-5.83333333333334,1.00216740628694
-5.81666666666667,1.0021476909065
-5.8,1.00212815819633
-5.78333333333333,1.00210877070941
-5.76666666666667,1.00208958289993
-5.75,1.00207051790241
-5.73333333333333,1.00205166897831
-5.71666666666667,1.0020329211537
-5.7,1.00201440520259
-5.68333333333333,1.00199596932066
-5.66666666666667,1.00197778053139
-5.65,1.00195965144683
-5.63333333333333,1.00194178410781
-5.61666666666667,1.00192395675889
-5.6,1.00190642306823
-5.58333333333334,1.00188891163739
-5.56666666666667,1.00187164333685
-5.55,1.0018544611886
-5.53333333333333,1.00183745585968
-5.51666666666667,1.0018205968532
-5.5,1.00180385074321
-5.48333333333333,1.00178730885056
-5.46666666666667,1.00177081825463
-5.45,1.00175458755876
-5.43333333333333,1.00173835686289
-5.41666666666667,1.00172242351213
-5.4,1.0017064982049
-5.38333333333333,1.00169080739881
-5.36666666666667,1.00167518177902
-5.35,1.00165973005838
-5.33333333333334,1.00164439852986
-5.31666666666667,1.00162918247948
-5.3,1.00161413954922
-5.28333333333333,1.0015991557975
-5.26666666666667,1.00158439607377
-5.25,1.0015696412923
-5.23333333333333,1.00155515948285
-5.21666666666667,1.0015406776734
-5.2,1.00152642129617
-5.18333333333333,1.00151221220642
-5.16666666666667,1.00149817317169
-5.15,1.00148423170298
-5.13333333333333,1.00147040690341
-5.11666666666667,1.00145672805126
-5.1,1.00144311441924
-5.08333333333334,1.00142969327167
-5.06666666666667,1.00141628777894
-5.05,1.00140311951476
-5.03333333333333,1.00138995125058
-5.01666666666667,1.00137699952859
-5,1.00136407995486
-4.98333333333333,1.00135132421379
-4.96666666666667,1.00133864919813
-4.95,1.00132608674683
-4.93333333333333,1.00131365169111
-4.91666666666667,1.00130127980115
-4.9,1.00128908019275
-4.88333333333333,1.00127689616958
-4.86666666666667,1.00126492757983
-4.85,1.00125295899007
-4.83333333333334,1.00124118684515
-4.81666666666667,1.00122944492779
-4.8,1.00121785109568
-4.78333333333333,1.00120633158538
-4.76666666666667,1.00119491544429
-4.75,1.0011836182271
-4.73333333333333,1.00117236119949
-4.71666666666667,1.001161286031
-4.7,1.00115021086252
-4.68333333333333,1.00113933097586
-4.66666666666667,1.00112847351876
-4.65,1.00111774690219
-4.63333333333333,1.00110710290303
-4.61666666666667,1.00109652774631
-4.6,1.00108609303393
-4.58333333333334,1.0010756675389
-4.56666666666667,1.00106543802288
-4.55,1.00105520850687
-4.53333333333333,1.00104513207279
-4.51666666666667,1.0010351037419
-4.5,1.00102517130704
-4.48333333333333,1.00101534406572
-4.46666666666667,1.00100553746894
-4.45,1.00099591109361
-4.43333333333333,1.00098628471829
-4.41666666666667,1.00097680173402
-4.4,1.00096737214251
-4.38333333333333,1.00095801090607
-4.36666666666667,1.00094877409841
-4.35,1.00093953729074
-4.33333333333334,1.00093048565787
-4.31666666666667,1.00092143771467
-4.3,1.00091250196254
-4.28333333333333,1.00090363904342
-4.26666666666667,1.00089481822304
-4.25,1.000886136565
-4.23333333333333,1.00087745490697
-4.21666666666667,1.00086892854373
-4.2,1.00086042785028
-4.18333333333333,1.00085199795341
-4.16666666666667,1.00084367781476
-4.15,1.00083535767611
-4.13333333333333,1.00082720120952
-4.11666666666667,1.00081905781084
-4.1,1.00081099399745
-4.08333333333334,1.00080302360386
-4.06666666666667,1.00079505321027
-4.05,1.00078725114445
-4.03333333333333,1.00077945009935
-4.01666666666667,1.00077173656816
-4,1.00076410129162
-3.98333333333333,1.00075647605659
-3.96666666666667,1.00074900304375
-3.95,1.00074153003092
-3.93333333333333,1.0007341535415
-3.91666666666667,1.00072684252431
-3.9,1.00071953637628
-3.88333333333333,1.00071238697654
-3.86666666666667,1.0007052375768
-3.85,1.00069816158352
-3.83333333333334,1.00069117024574
-3.81666666666667,1.00068417890796
-3.8,1.00067732649553
-3.78333333333333,1.00067048974188
-3.76666666666667,1.00066370333068
-3.75,1.00065701775927
-3.73333333333333,1.00065033218785
-3.71666666666667,1.00064376006236
-3.7,1.00063722234561
-3.68333333333333,1.00063071377556
-3.66666666666667,1.00062432065862
-3.65,1.00061792754167
-3.63333333333333,1.00061162614085
-3.61666666666667,1.00060537726429
-3.6,1.00059912838772
-3.58333333333334,1.00059301841748
-3.56666666666667,1.00058691332211
-3.55,1.00058084985803
-3.53333333333333,1.00057488525019
-3.51666666666667,1.00056892064236
-3.5,1.00056304204351
-3.48333333333333,1.00055721470447
-3.46666666666667,1.00055138736543
-3.45,1.00054568835727
-3.43333333333333,1.00053999514153
-3.41666666666667,1.00053433954377
-3.4,1.00052877737745
-3.38333333333333,1.00052321521113
-3.36666666666667,1.00051773208614
-3.35,1.00051229796532
-3.33333333333334,1.0005068638445
-3.31666666666667,1.00050155065885
-3.3,1.00049624417004
-3.28333333333333,1.00049095909187
-3.26666666666667,1.00048577973094
-3.25,1.00048060037001
-3.23333333333333,1.00047546931985
-3.21666666666667,1.00047041405346
-3.2,1.00046535878707
-3.18333333333333,1.0004603774354
-3.16666666666667,1.00045544330213
-3.15,1.00045050916885
-3.13333333333333,1.00044567330434
-3.11666666666667,1.00044085741299
-3.1,1.00043604752003
-3.08333333333334,1.000431347048
-3.06666666666667,1.00042664657598
-3.05,1.00042197684519
-3.03333333333333,1.00041738903687
-3.01666666666667,1.00041280122854
-3,1.00040826885755
-2.98333333333333,1.00040379332817
-2.96666666666667,1.00039931779879
-2.95,1.00039490892654
-2.93333333333333,1.00039054520513
-2.91666666666667,1.00038618148373
-2.9,1.00038189392758
-2.88333333333333,1.00037763923115
-2.86666666666667,1.00037338453473
-2.85,1.00036921499675
-2.83333333333334,1.0003650666112
-2.81666666666667,1.00036091822565
-2.8,1.00035686349643
-2.78333333333333,1.00035281877483
-2.76666666666667,1.00034877464857
-2.75,1.00034483100953
-2.73333333333333,1.00034088737049
-2.71666666666667,1.00033695440785
-2.7,1.00033310933392
-2.68333333333333,1.00032926425998
-2.66666666666667,1.00032543982464
-2.65,1.00032169268146
-2.63333333333333,1.00031794553827
-2.61666666666667,1.00031421798655
-2.6,1.00031056807718
-2.58333333333334,1.00030691816781
-2.56666666666667,1.00030328646624
-2.55,1.00029973127591
-2.53333333333333,1.00029617608559
-2.51666666666667,1.0002926377778
-2.5,1.00028917485644
-2.48333333333333,1.00028571193509
-2.46666666666667,1.00028226462733
-2.45,1.00027889158793
-2.43333333333333,1.00027551854853
-2.41666666666667,1.00027215990809
-2.4,1.00026887442506
-2.38333333333333,1.00026558894204
-2.36666666666667,1.00026231669569
-2.35,1.00025911650335
-2.33333333333334,1.000255916311
-2.31666666666667,1.00025272847558
-2.3,1.00024961295673
-2.28333333333333,1.00024649743787
-2.26666666666667,1.00024338354946
-2.25,1.00024035203178
-2.23333333333333,1.00023732051409
-2.21666666666667,1.0002342889964
-2.2,1.00023133046569
-2.18333333333333,1.00022838069103
-2.16666666666667,1.00022543091636
-2.15,1.00022254210177
-2.13333333333333,1.0002196718724
-2.11666666666667,1.00021680164303
-2.1,1.00021398094062
-2.08333333333334,1.00021118811763
-2.06666666666667,1.00020839529465
-2.05,1.00020564113614
-2.03333333333333,1.00020292363789
-2.01666666666667,1.00020020613964
-2,1.00019751699172
-1.98333333333333,1.00019487279228
-1.96666666666667,1.00019222859284
-1.95,1.00018960331687
-1.93333333333333,1.00018703182984
-1.91666666666667,1.00018446034281
-1.9,1.00018188957682
-1.88333333333333,1.00017939016717
-1.86666666666667,1.00017689075752
-1.85,1.00017439134787
-1.83333333333334,1.0001719451686
-1.81666666666667,1.00016951582137
-1.8,1.00016708647415
-1.78333333333333,1.00016469182632
-1.76666666666667,1.00016233058266
-1.75,1.00015996933901
-1.73333333333333,1.0001576252583
-1.71666666666667,1.00015533021391
-1.7,1.00015303516951
-1.68333333333333,1.00015074070518
-1.66666666666667,1.00014851000876
-1.65,1.00014627931234
-1.63333333333333,1.00014404861592
-1.61666666666667,1.00014186537907
-1.6,1.0001396972309
-1.58333333333334,1.00013752908274
-1.56666666666667,1.00013539245795
-1.55,1.00013328630021
-1.53333333333333,1.00013118014247
-1.51666666666667,1.00012908186514
-1.5,1.00012703709798
-1.48333333333333,1.00012499233082
-1.46666666666667,1.00012294756365
-1.45,1.00012094739382
-1.43333333333333,1.000118962232
-1.41666666666667,1.00011697707019
-1.4,1.00011501320841
-1.38333333333333,1.00011308591843
-1.36666666666667,1.00011115862845
-1.35,1.00010923133847
-1.33333333333334,1.00010735955719
-1.31666666666667,1.00010548845578
-1.3,1.00010361735436
-1.28333333333333,1.00010177940793
-1.26666666666667,1.00009996286058
-1.25,1.00009814631323
-1.23333333333333,1.00009634182066
-1.21666666666667,1.00009457824026
-1.2,1.00009281465987
-1.18333333333333,1.00009105107947
-1.16666666666667,1.00008933195626
-1.15,1.0000876208367
-1.13333333333333,1.00008590971714
-1.11666666666667,1.00008421565016
-1.1,1.00008255644797
-1.08333333333334,1.00008089724577
-1.06666666666667,1.00007923804357
-1.05,1.00007761959481
-1.03333333333333,1.00007601073798
-1.01666666666667,1.00007440188116
-1,1.00007280720669
-0.983333333333334,1.0000712471707
-0.966666666666669,1.00006968713471
-0.949999999999999,1.00006812709872
-0.933333333333334,1.0000666035882
-0.916666666666668,1.00006509089451
-0.900000000000002,1.00006357820082
-0.883333333333333,1.00006207710081
-0.866666666666667,1.00006061031553
-0.850000000000001,1.00005914353025
-0.833333333333336,1.00005767674497
-0.816666666666666,1.00005624261618
-0.800000000000001,1.00005482034871
-0.783333333333335,1.00005339808124
-0.766666666666669,1.00005198527404
-0.75,1.00005060709378
-0.733333333333334,1.00004922891353
-0.716666666666669,1.00004785073327
-0.699999999999999,1.00004649622895
-0.683333333333334,1.00004516167019
-0.666666666666668,1.00004382711144
-0.650000000000002,1.00004249255268
-0.633333333333333,1.00004119478513
-0.616666666666667,1.00003990246968
-0.600000000000001,1.00003861015422
-0.583333333333336,1.00003732598419
-0.566666666666666,1.00003607457725
-0.550000000000001,1.00003482317031
-0.533333333333335,1.00003357176337
-0.516666666666669,1.00003234124547
-0.5,1.00003112945432
-0.483333333333334,1.00002991766316
-0.466666666666669,1.00002870587201
-0.449999999999999,1.00002752689987
-0.433333333333334,1.00002635347251
-0.416666666666668,1.00002518004516
-0.400000000000002,1.00002401344047
-0.383333333333333,1.00002287716438
-0.366666666666667,1.00002174088829
-0.350000000000001,1.00002060461219
-0.333333333333336,1.00001948714008
-0.316666666666666,1.00001838760318
-0.300000000000001,1.00001728806628
-0.283333333333335,1.00001618852939
-0.266666666666669,1.0000151137103
-0.25,1.00001405047183
-0.233333333333334,1.00001298723337
-0.216666666666669,1.0000119239949
-0.199999999999999,1.00001089059658
-0.183333333333334,1.00000986246011
-0.166666666666668,1.00000883432364
-0.150000000000002,1.00000780684012
-0.133333333333333,1.00000681264855
-0.116666666666667,1.00000581845699
-0.100000000000001,1.00000482426542
-0.0833333333333357,1.00000383625735
-0.0666666666666664,1.00000287489164
-0.0500000000000007,1.00000191352592
-0.033333333333335,1.00000095216021
-0.0166666666666693,1
0,0.999999064383217
0.0166666666666657,0.999998128766435
0.0333333333333314,0.72618302464986
0.0500000000000007,0.726019690104155
0.0666666666666664,0.725095272133788
0.0833333333333321,0.724078095353315
0.0999999999999979,0.722974264003714
0.116666666666667,0.72178290263522
0.133333333333333,0.720502932696696
0.149999999999999,0.719134088938663
0.166666666666664,0.717675803110672
0.183333333333334,0.716127112372783
0.199999999999999,0.714488636872003
0.216666666666665,0.71276013547536
0.233333333333331,0.710941877943841
0.25,0.70903397141558
0.266666666666666,0.707037322240968
0.283333333333331,0.704953178114796
0.300000000000001,0.702782797994471
0.316666666666666,0.700527674972924
0.333333333333332,0.698189594504655
0.349999999999998,0.695770475469859
0.366666666666667,0.693272972315944
0.383333333333333,0.690699607217525
0.399999999999999,0.688052784627864
0.416666666666664,0.685335675280948
0.433333333333334,0.682551704632346
0.449999999999999,0.679704387379675
0.466666666666665,0.676797447254747
0.483333333333331,0.673834676855234
0.5,0.670820119871253
0.516666666666666,0.667757927997751
0.533333333333331,0.664652151386455
0.550000000000001,0.661507204329012
0.566666666666666,0.658327641288915
0.583333333333332,0.655117505952042
0.599999999999998,0.651881200227134
0.616666666666667,0.648623187661255
0.633333333333333,0.645347623787899
0.649999999999999,0.642058640587855
0.666666666666664,0.638760449184813
0.683333333333334,0.635456925027212
0.699999999999999,0.632151952896287
0.716666666666665,0.628849224938373
0.733333333333331,0.625552262678758
0.75,0.622264507396639
0.766666666666666,0.618988969701362
0.783333333333331,0.615729050316858
0.800000000000001,0.612487105379697
0.816666666666666,0.609266095393242
0.833333333333332,0.606068553999467
0.849999999999998,0.602896674842856
0.866666666666667,0.599752564270911
0.883333333333333,0.596638258786461
0.899999999999999,0.593555494155891
0.916666666666664,0.590505809034652
0.933333333333334,0.58749078373994
0.949999999999999,0.58451166282587
0.966666666666665,0.581569683127062
0.983333333333331,0.578665617742101
1,0.575800711930954
1.01666666666667,0.57297567461522
1.03333333333333,0.570190829939343
1.05,0.567446921512322
1.06666666666667,0.564744395306495
1.08333333333333,0.562083804674024
1.1,0.559465288603587
1.11666666666667,0.55688877018943
1.13333333333333,0.554354224272629
1.15,0.551862716509971
1.16666666666666,0.549412800505304
1.18333333333333,0.54700572667827
1.2,0.544640164588768
1.21666666666667,0.542316593951642
1.23333333333333,0.540035018489043
1.25,0.537794510029516
1.26666666666667,0.535595007075053
1.28333333333333,0.533436190819895
1.3,0.531317487305871
1.31666666666667,0.529238578815059
1.33333333333333,0.527199310030011
1.35,0.525199117733216
1.36666666666667,0.523237437047881
1.38333333333333,0.521313850981312
1.4,0.519427930270023
1.41666666666666,0.517578979608119
1.43333333333333,0.515766481226432
1.45,0.513990015284646
1.46666666666667,0.51224902562658
1.48333333333333,0.510542960384692
1.5,0.508871274744548
1.51666666666667,0.507233421004003
1.53333333333333,0.505628849661488
1.55,0.504057047737937
1.56666666666667,0.502517441204322
1.58333333333333,0.50100945518788
1.6,0.499532539547228
1.61666666666667,0.498086109959345
1.63333333333333,0.496669759519866
1.65,0.495282826480208
1.66666666666666,0.493924754624894
1.68333333333333,0.492595165753661
1.7,0.491293422282531
1.71666666666667,0.490019063909114
1.73333333333333,0.488771342342225
1.75,0.487550248128927
1.76666666666667,0.486354824955993
1.78333333333333,0.485184615102415
1.8,0.4840393945851
1.81666666666667,0.482918469571298
1.83333333333333,0.481821312820922
1.85,0.480747760518035
1.86666666666667,0.479697010573058
1.88333333333333,0.478668832666949
1.9,0.477662712851057
1.91666666666666,0.476678400469827
1.93333333333333,0.475714927409342
1.95,0.474772041618501
1.96666666666667,0.473849329744172
1.98333333333333,0.472946888529479
2,0.472064023025166
2.01666666666667,0.471200105182861
2.03333333333333,0.470354752417216
2.05,0.469527586634275
2.06666666666666,0.468718256726166
2.08333333333334,0.467926999595369
2.1,0.4671527792324
2.11666666666667,0.466395324137262
2.13333333333333,0.465654285729751
2.15,0.464929365779458
2.16666666666666,0.464220197841107
2.18333333333333,0.463526471525596
2.2,0.462847900414991
2.21666666666667,0.462184157461879
2.23333333333333,0.461534911900682
2.25,0.460899856164808
2.26666666666667,0.460278759047265
2.28333333333333,0.459671242714822
2.3,0.45907702357728
2.31666666666666,0.458495852108524
2.33333333333334,0.457927407957765
2.35,0.457371403068929
2.36666666666667,0.456827571960099
2.38333333333333,0.456295655275417
2.4,0.455775332773185
2.41666666666666,0.455266382583666
2.43333333333333,0.4547688766789
2.45,0.454282430361594
2.46666666666667,0.453806558889159
2.48333333333333,0.45334104395326
2.5,0.452885673043699
2.51666666666667,0.452440465595423
2.53333333333333,0.452005289279264
2.55,0.451579520552611
2.56666666666666,0.451162971250691
2.58333333333334,0.450755752555309
2.6,0.450357716794361
2.61666666666667,0.449968204559703
2.63333333333333,0.449587121454452
2.65,0.449215014303719
2.66666666666666,0.448850764597458
2.68333333333333,0.448494410318628
2.7,0.448146388158214
2.71666666666667,0.447805708993601
2.73333333333333,0.447472649013802
2.75,0.447147090452597
2.76666666666667,0.446828306295882
2.78333333333333,0.446517194889212
2.8,0.446212515920567
2.81666666666666,0.445914808628582
2.83333333333334,0.44562361004041
2.85,0.445338771460379
2.86666666666667,0.445060468077024
2.88333333333333,0.444788033012983
2.9,0.444521961849358
2.91666666666666,0.444261426366915
2.93333333333333,0.444007074161015
2.95,0.443757968347115
2.96666666666667,0.443514728386799
2.98333333333333,0.443276609350235
3,0.443043973820312
3.01666666666667,0.442816385038753
3.03333333333333,0.442593842656591
3.05,0.442376355187148
3.06666666666666,0.442163411112185
3.08333333333334,0.441955600001116
3.1,0.441752012867315
3.11666666666667,0.441553271478823
3.13333333333333,0.441358795940403
3.15,0.441168501702113
3.16666666666666,0.440982747892153
3.18333333333333,0.440800827547724
3.2,0.440623095314469
3.21666666666667,0.440449380148078
3.23333333333333,0.440279274465022
3.25,0.440113172402095
3.26666666666667,0.439950760920042
3.28333333333333,0.439791727202465
3.3,0.439636487087076
3.31666666666666,0.439484651091658
3.33333333333334,0.439335976292638
3.35,0.439190884709092
3.36666666666667,0.439048943142578
3.38333333333333,0.438909965079961
3.4,0.438774333778573
3.41666666666666,0.438641655447243
3.43333333333333,0.438511747653309
3.45,0.438384955622704
3.46666666666667,0.438260943683658
3.48333333333333,0.43813952873085
3.5,0.438020972481427
3.51666666666667,0.437905069697193
3.53333333333333,0.437791594180269
3.55,0.437680740217782
3.56666666666666,0.437572335192107
3.58333333333334,0.437466353105162
3.6,0.437362637250713
3.61666666666667,0.437261333325178
3.63333333333333,0.437162263146292
3.65,0.437065399007873
3.66666666666666,0.436970689947956
3.68333333333333,0.43687808145176
3.7,0.436787572905687
3.71666666666667,0.436699029654232
3.73333333333333,0.436612484386784
3.75,0.436527857158768
3.76666666666667,0.436445110959676
3.78333333333333,0.43636419138756
3.8,0.436285111750404
3.81666666666666,0.436207753696726
3.83333333333334,0.43613210127122
3.85,0.436058189261539
3.86666666666667,0.435985902469189
3.88333333333333,0.435915186153562
3.9,0.435846087156427
3.91666666666666,0.43577850567066
3.93333333333333,0.435712433587355
3.95,0.435647831050372
3.96666666666667,0.43558467193371
3.98333333333333,0.435522895707238
4,0.435462529029751
4.01666666666667,0.435403465199437
4.03333333333333,0.435345756400981
4.05,0.435289307587255
4.06666666666666,0.435234113719886
4.08333333333334,0.43518016627199
4.1,0.435127396374039
4.11666666666667,0.435075806252242
4.13333333333333,0.4350253831115
4.15,0.434976070836446
4.16666666666666,0.434927846641476
4.18333333333333,0.4348806903679
4.2,0.434834591374035
4.21666666666667,0.434789525721444
4.23333333333333,0.434745448843203
4.25,0.434702372740052
4.26666666666667,0.434660235441609
4.28333333333333,0.434619026712616
4.3,0.434578764895861
4.31666666666666,0.434539387354958
4.33333333333334,0.434500875455088
4.35,0.434463210898678
4.36666666666667,0.434426411969924
4.38333333333333,0.434390424220877
4.4,0.434355229198705
4.41666666666666,0.434320810273064
4.43333333333333,0.434287154763134
4.45,0.434254267622256
4.46666666666667,0.434222109766446
4.48333333333333,0.434190656299694
4.5,0.434159901703096
4.51666666666667,0.434129830420881
4.53333333333333,0.434100422362881
4.55,0.434071679257805
4.56666666666666,0.434043581249296
4.58333333333334,0.434016100288936
4.6,0.43398921825208
4.61666666666667,0.433962943351013
4.63333333333333,0.433937240326474
4.65,0.433912125856252
4.66666666666666,0.433887563995518
4.68333333333333,0.433863538072151
4.7,0.433840059248881
4.71666666666667,0.43381710210279
4.73333333333333,0.433794650054222
4.75,0.433772696594699
4.76666666666667,0.433751230641393
4.78333333333333,0.433730240814042
4.8,0.43370971704879
4.81666666666666,0.433689648913451
4.83333333333334,0.43367002590636
4.85,0.433650838459618
4.86666666666667,0.433632076591692
4.88333333333333,0.433613730344537
4.9,0.433595791030215
4.91666666666666,0.433578248911963
4.93333333333333,0.433561101005767
4.95,0.433544335052527
4.96666666666667,0.433527940857491
4.98333333333333,0.433511909568851
5,0.433496232776826
5.01666666666667,0.433480903557656
5.03333333333333,0.433465910398408
5.05,0.433451246500362
5.06666666666666,0.433436916512961
5.08333333333334,0.433422906905886
5.1,0.433409204554324
5.11666666666667,0.433395802700313
5.13333333333333,0.43338269397
5.15,0.433369883976772
5.16666666666666,0.433357356542277
5.18333333333333,0.433345106779825
5.2,0.433333127275892
5.21666666666667,0.433321413214922
5.23333333333333,0.433309959998154
5.25,0.43329875822377
5.26666666666667,0.433287802996935
5.28333333333333,0.433277088975508
5.3,0.433266621510238
5.31666666666666,0.433256383512238
5.33333333333334,0.433246367654822
5.35,0.433236568888464
5.36666666666667,0.433226998999637
5.38333333333333,0.433217637589472
5.4,0.433208478574129
5.41666666666666,0.433199520966797
5.43333333333333,0.433190770927616
5.45,0.433182209227344
5.46666666666667,0.433173831786834
5.48333333333333,0.433165647389927
5.5,0.433157643745282
5.51666666666667,0.433149811959183
5.53333333333333,0.43314215420412
5.55,0.433134671757475
5.56666666666666,0.433127349202661
5.58333333333334,0.433120185755058
5.6,0.433113189939198
5.61666666666667,0.433106342802937
5.63333333333333,0.433099643058107
5.65,0.43309310136722
5.66666666666666,0.433086698037733
5.68333333333333,0.433080433237946
5.7,0.433074315438008
5.71666666666667,0.433068325870942
5.73333333333333,0.433062470011287
5.75,0.433056746495364
5.76666666666667,0.433051142525078
5.78333333333333,0.433045670727092
5.8,0.43304031396391
5.81666666666666,0.433035075463325
5.83333333333334,0.433029956115548
5.85,0.433024947312132
5.86666666666667,0.433020046801185
5.88333333333333,0.433015259185284
5.9,0.433010575677938
5.91666666666666,0.433005991081086
5.93333333333333,0.433001514562127
5.95,0.43299713267315
5.96666666666667,0.432992846867687
5.98333333333333,0.432988658571069
6,0.432984556287963
6.01666666666667,0.432980552972154
6.03333333333333,0.432976630965776
6.05,0.43297279984879
6.06666666666666,0.432969050498075
6.08333333333334,0.432965384190969
6.1,0.432961799556645
6.11666666666667,0.432958291100557
6.13333333333333,0.432954863989022
6.15,0.432951506889177
6.16666666666666,0.432948229967538
6.18333333333333,0.432945018642378
6.2,0.43294188454895
6.21666666666667,0.432938813314673
6.23333333333333,0.432935815001276
6.25,0.432932877808383
6.26666666666667,0.432930009467142
6.28333333333333,0.432927199916559
6.3,0.432924456245098
6.31666666666666,0.432921768797699
6.33333333333334,0.432919144418474
6.35,0.432916573327572
6.36666666666667,0.432914063281537
6.38333333333333,0.432911603500335
6.4,0.432909202841634
6.41666666666666,0.43290684955748
6.43333333333333,0.432904553243992
6.45,0.432902302766267
6.46666666666667,0.432900105595113
6.48333333333333,0.432897954133217
6.5,0.432895849179891
6.51666666666667,0.432893793222906
6.53333333333333,0.432891778957944
6.55,0.432889810976702
6.56666666666666,0.432887885329044
6.58333333333334,0.432886000844847
6.6,0.432884160010676
6.61666666666667,0.432882358789673
6.63333333333333,0.432880597224988
6.65,0.432878871819594
6.66666666666666,0.432877187805724
6.68333333333333,0.432875537613256
6.7,0.432873925362088
6.71666666666667,0.432872348000109
6.73333333333333,0.432870803204758
6.75,0.43286929555526
6.76666666666667,0.432867818309283
6.78333333333333,0.432866374135416
6.8,0.432864962245613
6.81666666666666,0.432863578895196
6.83333333333334,0.432862228646777
6.85,0.432860906556352
6.86666666666667,0.432859612045397
6.88333333333333,0.432858348504162
6.9,0.43285711063197
6.91666666666666,0.432855899747645
6.93333333333333,0.432854716743936
6.95,0.43285355781743
6.96666666666667,0.432852424899932
6.98333333333333,0.432851317392082
7,0.432850232551466
7.01666666666667,0.432849172042773
7.03333333333333,0.432848135404215
7.05,0.432847120029851
7.06666666666666,0.432846127047683
7.08333333333334,0.432845156811609
7.1,0.432844206495695
7.11666666666667,0.432843276459214
7.13333333333333,0.43284236840129
7.15,0.432841479046695
7.16666666666666,0.432840608019383
7.18333333333333,0.432839757816156
7.2,0.432838925576643
7.21666666666667,0.432838110502538
7.23333333333333,0.432837313495567
7.25,0.432836534724459
7.26666666666667,0.432835772051567
7.28333333333333,0.432835025221329
7.3,0.432834295916615
7.31666666666666,0.432833582337873
7.33333333333334,0.432832883573103
7.35,0.432832199320177
7.36666666666667,0.43283153155002
7.38333333333333,0.432830877791279
7.4,0.432830237645929
7.41666666666666,0.432829610834777
7.43333333333333,0.432828999011251
7.45,0.432828400110243
7.46666666666667,0.432827813795748
7.48333333333333,0.432827239805507
7.5,0.432826678168968
7.51666666666667,0.43282612974034
7.53333333333333,0.432825592820185
7.55,0.432825067400256
7.56666666666666,0.432824553034216
7.58333333333334,0.432824049682645
7.6,0.432823557108367
7.61666666666667,0.432823075189191
7.63333333333333,0.43282260428196
7.65,0.432822143604832
7.66666666666666,0.432821692389349
7.68333333333333,0.432821250444822
7.7,0.432820819053902
7.71666666666667,0.432820396748216
7.73333333333333,0.432819983152618
7.75,0.432819578234214
7.76666666666667,0.432819182318415
7.78333333333333,0.432818795346609
7.8,0.432818416525684
7.81666666666666,0.432818045636398
7.83333333333334,0.432817682583121
7.85,0.432817327200228
7.86666666666667,0.432816979733327
7.88333333333333,0.432816640060583
7.9,0.432816307530105
7.91666666666666,0.432815982041946
7.93333333333333,0.432815663446344
7.95,0.432815351596737
7.96666666666667,0.43281504634969
7.98333333333333,0.432814747590142
8,0.432814455742454
8.01666666666667,0.432814170092406
8.03333333333333,0.432813890488689
8.05,0.432813616802527
8.06666666666666,0.432813348922487
8.08333333333334,0.432813086708352
8.1,0.432812830052045
8.11666666666667,0.432812578834833
8.13333333333333,0.43281233301576
8.15,0.432812092786354
8.16666666666666,0.4328118576099
8.18333333333333,0.432811627423303
8.2,0.432811402119497
8.21666666666667,0.432811181593737
8.23333333333333,0.432810965743537
8.25,0.432810754491969
8.26666666666667,0.432810547710519
8.28333333333333,0.432810345320239
8.3,0.432810147226592
8.31666666666666,0.432809953337096
8.33333333333334,0.432809763561277
8.35,0.432809577826978
8.36666666666667,0.432809396144784
8.38333333333333,0.43280921838604
8.4,0.432809044393677
8.41666666666666,0.432808874086664
8.43333333333333,0.432808707391725
8.45,0.432808544209785
8.46666666666667,0.432808384485185
8.48333333333333,0.432808228143432
8.5,0.432808075111659
8.51666666666667,0.432807925318591
8.53333333333333,0.432807778710938
8.55,0.43280763518648
8.56666666666666,0.432807494699461
8.58333333333334,0.432807357184405
8.6,0.432807222577258
8.61666666666667,0.432807090815375
8.63333333333333,0.432806961848752
8.65,0.432806835595417
8.66666666666666,0.432806712007742
8.68333333333333,0.432806591028361
8.7,0.432806472601151
8.71666666666667,0.432806356671211
8.73333333333333,0.432806243190787
8.75,0.432806132094451
8.76666666666667,0.432806023337356
8.78333333333333,0.432805916869265
8.8,0.432805812641047
8.81666666666666,0.432805710604631
8.83333333333334,0.432805610721857
8.85,0.432805512921775
8.86666666666667,0.432805417173566
8.88333333333333,0.43280532343334
8.9,0.432805231658163
8.91666666666666,0.432805141806045
8.93333333333333,0.432805053839657
8.95,0.43280496769323
8.96666666666667,0.432804883346042
8.98333333333333,0.432804800770482
9,0.432804720015445
9.01666666666667,0.432804640942502
9.03333333333333,0.432804563516002
9.05,0.432804487856912
9.06666666666666,0.432804413596447
9.08333333333334,0.432804340711976
9.1,0.432804269483854
9.11666666666667,0.432804199735933
9.13333333333333,0.432804131435851
9.15,0.432804064659353
9.16666666666666,0.432803999260078
9.18333333333333,0.432803935209165
9.2,0.43280387247842
9.21666666666667,0.432803811040206
9.23333333333333,0.432803750867456
9.25,0.432803691977068
9.26666666666667,0.432803634289667
9.28333333333333,0.432803577799614
9.3,0.432803522481486
9.31666666666666,0.43280346831039
9.33333333333334,0.432803415261954
9.35,0.432803363332571
9.36666666666667,0.432803312462629
9.38333333333333,0.432803262640954
9.4,0.432803213845509
9.41666666666666,0.432803166054744
9.43333333333333,0.432803119247563
9.45,0.432803073415643
9.46666666666667,0.432803028469765
9.48333333333333,0.432802984504213
9.5,0.432802941517532
9.51666666666667,0.432802899390978
9.53333333333333,0.432802858107601
9.55,0.432802817650774
9.56666666666666,0.432802778005216
9.58333333333334,0.432802739148326
9.6,0.43280270114843
9.61666666666667,0.432802663983719
9.63333333333333,0.432802627557275
9.65,0.432802591854719
9.66666666666666,0.432802556861945
9.68333333333333,0.43280252256693
9.7,0.432802488940941
9.71666666666667,0.432802456134069
9.73333333333333,0.432802423975732
9.75,0.432802392447797
9.76666666666667,0.432802361538358
9.78333333333333,0.432802331235712
9.8,0.432802301528367
9.81666666666666,0.43280227255123
9.83333333333334,0.432802244136729
9.85,0.432802216272999
9.86666666666667,0.432802188949915
9.88333333333333,0.432802162157517
9.9,0.432802135946385
9.91666666666666,0.432802110322921
9.93333333333333,0.432802085202229
9.95,0.432802060552195
9.96666666666667,0.432802036368543
9.98333333333333,0.43280201270796
10,0.432801989587599
10.0166666666667,0.432801966901894
10.0333333333333,0.432801944643519
10.05,0.43280192280523
10.0666666666667,0.432801901470335
10.0833333333333,0.432801880594848
10.1,0.432801860101278
10.1166666666667,0.432801839984961
10.1333333333333,0.432801820273899
10.15,0.432801801043724
10.1666666666667,0.432801782165207
10.1833333333333,0.432801763632933
10.2,0.432801745441524
10.2166666666667,0.432801727708017
10.2333333333333,0.432801710318515
10.25,0.432801693236799
10.2666666666667,0.432801676460414
10.2833333333333,0.432801660105821
10.3,0.432801644067154
10.3166666666667,0.432801628313291
10.3333333333333,0.432801612840335
10.35,0.432801597759953
10.3666666666667,0.432801582965575
10.3833333333333,0.432801568435504
10.4,0.432801554153223
10.4166666666667,0.432801540260812
10.4333333333333,0.432801526604631
10.45,0.432801513182072
10.4666666666667,0.432801500040944
10.4833333333333,0.432801487208457
10.5,0.432801474594129
10.5166666666667,0.432801462195534
10.5333333333333,0.432801450101563
10.55,0.432801438248533
10.5666666666667,0.432801426589952
10.5833333333333,0.43280141515692
10.6,0.432801404010273
10.6166666666667,0.432801393046444
10.6333333333333,0.432801382263834
10.65,0.432801371758056
10.6666666666667,0.432801361446501
10.6833333333333,0.432801351304413
10.7,0.432801341373246
10.7166666666667,0.43280133167411
10.7333333333333,0.432801322134531
10.75,0.432801312747971
10.7666666666667,0.432801303624192
10.7833333333333,0.432801294644677
10.8,0.432801285808496
10.8166666666667,0.432801277191675
10.8333333333333,0.432801268739629
10.85,0.43280126042182
10.8666666666667,0.432801252281546
10.8833333333333,0.432801244325017
10.9,0.43280123649524
10.9166666666667,0.432801228807023
10.9333333333333,0.43280122131569
10.95,0.432801213937403
10.9666666666667,0.432801206683068
10.9833333333333,0.432801199624832
11,0.432801192672716
11.0166666666667,0.432801185826919
11.0333333333333,0.43280117917585
11.05,0.432801172625732
11.0666666666667,0.432801166168916
11.0833333333333,0.432801159898995
11.1,0.432801153719726
11.1166666666667,0.432801147632749
11.1333333333333,0.432801141719946
11.15,0.432801135890886
11.1666666666667,0.432801130153377
11.1833333333333,0.432801124575041
11.2,0.432801119077418
11.2166666666667,0.432801113672681
11.2333333333333,0.432801108407688
11.25,0.432801103208547
11.2666666666667,0.432801098128222
11.2833333333333,0.432801093150385
11.3,0.432801088235206
11.3166666666667,0.432801083459115
11.3333333333333,0.432801078752363
11.35,0.432801074121213
11.3666666666667,0.432801069615375
11.3833333333333,0.432801065162797
11.4,0.432801060811071
11.4166666666667,0.432801056546475
11.4333333333333,0.432801052332903
11.45,0.432801048244062
11.4666666666667,0.432801044207619
11.4833333333333,0.43280104024398
11.5,0.432801036377515
11.5166666666667,0.432801032556947
11.5333333333333,0.432801028832805
11.55,0.432801025171181
11.5666666666667,0.432801021562448
11.5833333333333,0.432801018054098
11.6,0.432801014584698
11.6166666666667,0.432801011195759
11.6333333333333,0.432801007870902
11.65,0.432801004586576
11.6666666666667,0.432801001400435
11.6833333333333,0.432800998249811
11.7,0.432800995166091
11.7166666666667,0.432800992144525
11.7333333333333,0.432800989158199
11.75,0.432800986261341
11.7666666666667,0.432800983393036
11.7833333333333,0.432800980592017
11.8,0.432800977841511
11.8166666666667,0.432800975128611
11.8333333333333,0.432800972491126
11.85,0.432800969879659
11.8666666666667,0.432800967334433
11.8833333333333,0.432800964830585
11.9,0.432800962366765
11.9166666666667,0.432800959963047
11.9333333333333,0.432800957579516
11.95,0.432800955272695
11.9666666666667,0.432800952983912
11.9833333333333,0.432800950752911
12,0.432800948555896
12.0166666666667,0.432800946397297
12.0333333333333,0.432800944288342
12.05,0.432800942199695
12.0666666666667,0.432800940175272
12.0833333333333,0.432800938166868
12.1,0.43280093621225
12.1166666666667,0.432800934281741
12.1333333333333,0.432800932392336
12.15,0.432800930537504
12.1666666666667,0.432800928711059
12.1833333333333,0.432800926928893
12.2,0.432800925163225
12.2166666666667,0.432800923450815
12.2333333333333,0.432800921748752
12.25,0.432800920098364
12.2666666666667,0.43280091846257
12.2833333333333,0.432800916866865
12.3,0.432800915294717
12.3166666666667,0.432800913751793
12.3333333333333,0.432800912241772
12.35,0.432800910751429
12.3666666666667,0.432800909296982
12.3833333333333,0.432800907858952
12.4,0.432800906458547
12.4166666666667,0.432800905070913
12.4333333333333,0.432800903722454
12.45,0.432800902383363
12.4666666666667,0.432800901084853
12.4833333333333,0.432800899792545
12.5,0.432800898542065
12.5166666666667,0.432800897294839
12.5333333333333,0.432800896090532
12.55,0.432800894888817
12.5666666666667,0.432800893727783
12.5833333333333,0.432800892567716
12.6,0.432800891448753
12.6166666666667,0.432800890329789
12.6333333333333,0.432800889251188
12.65,0.432800888172697
12.6666666666667,0.432800887132041
12.6833333333333,0.43280088609249
12.7,0.432800885088398
12.7166666666667,0.432800884086333
12.7333333333333,0.432800883117465
12.75,0.432800882151474
12.7666666666667,0.432800881216533
12.7833333333333,0.432800880285251
12.8,0.432800879383644
12.8166666666667,0.432800878486515
12.8333333333333,0.432800877614617
12.85,0.432800876751055
12.8666666666667,0.432800875907952
12.8833333333333,0.432800875076637
12.9,0.432800874261351
12.9166666666667,0.432800873461029
12.9333333333333,0.432800872672625
12.95,0.432800871902099
12.9666666666667,0.432800871139671
12.9833333333333,0.432800870397779
13,0.432800869660443
13.0166666666667,0.432800868946069
13.0333333333333,0.432800868232977
13.05,0.432800867545117
13.0666666666667,0.432800866857257
13.0833333333333,0.432800866192965
13.1,0.43280086553064
13.1166666666667,0.432800864887887
13.1333333333333,0.432800864250099
13.15,0.432800863628175
13.1666666666667,0.432800863013982
13.1833333333333,0.432800862412202
13.2,0.4328008618207
13.2166666666667,0.432800861238394
13.2333333333333,0.4328008606687
13.25,0.432800860105221
13.2666666666667,0.432800859556496
13.2833333333333,0.432800859011222
13.3,0.432800858482672
13.3166666666667,0.432800857955034
13.3333333333333,0.43280085744642
13.35,0.432800856937806
13.3666666666667,0.432800856444908
13.3833333333333,0.432800855955962
13.4,0.432800855477449
13.4166666666667,0.43280085500739
13.4333333333333,0.432800854542871
13.45,0.43280085409094
13.4666666666667,0.432800853640033
13.4833333333333,0.432800853205488
13.5,0.432800852770944
13.5166666666667,0.432800852349962
13.5333333333333,0.432800851932115
13.55,0.432800851523339
13.5666666666667,0.432800851121529
13.5833333333333,0.432800850724736
13.6,0.432800850338657
13.6166666666667,0.432800849952577
13.6333333333333,0.432800849581432
13.65,0.432800849210779
13.6666666666667,0.432800848849261
13.6833333333333,0.432800848493405
13.7,0.432800848141328
13.7166666666667,0.432800847799646
13.7333333333333,0.432800847457963
13.75,0.432800847128718
13.7666666666667,0.432800846800614
13.7833333333333,0.432800846479874
13.8,0.4328008461648
13.8166666666667,0.432800845852405
13.8333333333333,0.432800845549823
13.85,0.432800845247241
13.8666666666667,0.432800844954992
13.8833333333333,0.432800844664373
13.9,0.432800844379931
13.9166666666667,0.432800844101354
13.9333333333333,0.432800843822777
13.95,0.432800843555372
13.9666666666667,0.432800843288867
13.9833333333333,0.432800843026255
14,0.432800842771266
14.0166666666667,0.432800842516278
14.0333333333333,0.432800842269547
14.05,0.43280084202556
14.0666666666667,0.43280084178329
14.0833333333333,0.432800841549823
14.1,0.432800841316357
14.1166666666667,0.432800841088669
14.1333333333333,0.432800840865241
14.15,0.432800840641813
14.1666666666667,0.432800840427856
14.1833333333333,0.432800840214013
14.2,0.432800840003932
14.2166666666667,0.432800839799477
14.2333333333333,0.432800839595022
14.25,0.432800839396866
14.2666666666667,0.432800839201578
14.2833333333333,0.432800839006289
14.3,0.432800838819499
14.3166666666667,0.432800838632939
14.3333333333333,0.432800838448546
14.35,0.43280083827032
14.3666666666667,0.432800838092093
14.3833333333333,0.432800837918214
14.4,0.432800837747942
14.4166666666667,0.43280083757767
14.4333333333333,0.432800837413704
14.45,0.432800837251003
14.4666666666667,0.432800837089165
14.4833333333333,0.432800836933689
14.5,0.432800836778212
14.5166666666667,0.432800836625567
14.5333333333333,0.432800836477064
14.55,0.432800836328562
14.5666666666667,0.432800836184332
14.5833333333333,0.432800836042534
14.6,0.432800835900736
14.6166666666667,0.432800835764486
14.6333333333333,0.432800835629076
14.65,0.432800835494274
14.6666666666667,0.43280083536496
14.6833333333333,0.432800835235645
14.7,0.432800835108255
14.7166666666667,0.432800834984754
14.7333333333333,0.432800834861252
14.75,0.432800834740865
14.7666666666667,0.4328008346229
14.7833333333333,0.432800834504936
14.8,0.43280083439127
14.8166666666667,0.432800834278721
14.8333333333333,0.432800834166172
14.85,0.432800834058286
14.8666666666667,0.432800833951028
14.8833333333333,0.43280083384377
14.9,0.432800833741384
14.9166666666667,0.432800833639155
14.9333333333333,0.432800833537195
14.95,0.43280083343975
14.9666666666667,0.432800833342305
14.9833333333333,0.432800833245514
15,0.432800833152625
15.0166666666667,0.432800833059736
15.0333333333333,0.43280083296785
15.05,0.432800832879299
15.0666666666667,0.432800832790748
15.0833333333333,0.432800832703512
15.1,0.432800832619085
15.1166666666667,0.432800832534658
15.1333333333333,0.432800832451918
15.15,0.432800832371641
15.1666666666667,0.432800832291364
15.1833333333333,0.432800832211708
15.2,0.432800832135593
15.2166666666667,0.432800832059478
15.2333333333333,0.432800831983363
15.25,0.43280083191076
15.2666666666667,0.43280083183858
15.2833333333333,0.4328008317664
15.3,0.432800831696586
15.3166666666667,0.432800831628129
15.3333333333333,0.432800831559672
15.35,0.432800831492551
15.3666666666667,0.432800831427625
15.3833333333333,0.432800831362699
15.4,0.432800831298178
15.4166666666667,0.432800831236594
15.4333333333333,0.43280083117501
15.45,0.432800831113426
15.4666666666667,0.432800831054573
15.4833333333333,0.432800830996149
15.5,0.432800830937725
15.5166666666667,0.432800830881121
15.5333333333333,0.432800830825694
15.55,0.432800830770267
15.5666666666667,0.432800830715842
15.5833333333333,0.432800830663275
15.6,0.432800830610708
15.6166666666667,0.432800830558274
15.6333333333333,0.432800830508428
15.65,0.432800830458582
15.6666666666667,0.432800830408736
15.6833333333333,0.432800830360817
15.7,0.432800830313548
15.7166666666667,0.43280083026628
15.7333333333333,0.432800830220102
15.75,0.432800830175278
15.7666666666667,0.432800830130454
15.7833333333333,0.432800830085965
15.8,0.432800830043452
15.8166666666667,0.432800830000939
15.8333333333333,0.432800829958426
15.85,0.432800829917756
15.8666666666667,0.432800829877428
15.8833333333333,0.4328008298371
15.9,0.432800829797899
15.9166666666667,0.432800829759648
15.9333333333333,0.432800829721398
15.95,0.432800829683637
15.9666666666667,0.432800829647418
15.9833333333333,0.4328008296112
16,0.432800829574982
16.0166666666667,0.432800829540174
16.0333333333333,0.432800829505933
16.05,0.432800829471691
16.0666666666667,0.432800829437799
16.0833333333333,0.432800829405428
16.1,0.432800829373057
16.1166666666667,0.432800829340686
16.1333333333333,0.432800829309482
16.15,0.43280082927888
16.1666666666667,0.432800829248279
16.1833333333333,0.432800829217897
16.2,0.43280082918896
16.2166666666667,0.432800829160022
16.2333333333333,0.432800829131085
16.25,0.432800829103098
16.2666666666667,0.432800829075732
16.2833333333333,0.432800829048366
16.3,0.432800829021116
16.3166666666667,0.432800828995241
16.3333333333333,0.432800828969365
16.35,0.432800828943489
16.3666666666667,0.432800828918389
16.3833333333333,0.43280082889392
16.4,0.432800828869452
16.4166666666667,0.432800828844991
16.4333333333333,0.432800828821852
16.45,0.432800828798712
16.4666666666667,0.432800828775572
16.4833333333333,0.432800828753013
16.5,0.432800828731133
16.5166666666667,0.432800828709253
16.5333333333333,0.432800828687373
16.55,0.432800828666585
16.5666666666667,0.432800828645895
16.5833333333333,0.432800828625206
16.6,0.432800828604933
16.6166666666667,0.432800828585363
16.6333333333333,0.432800828565792
16.65,0.432800828546222
16.6666666666667,0.432800828527529
16.6833333333333,0.432800828509018
16.7,0.432800828490508
16.7166666666667,0.432800828472282
16.7333333333333,0.432800828454779
16.75,0.432800828437276
16.7666666666667,0.432800828419772
16.7833333333333,0.432800828402965
16.8,0.432800828386405
16.8166666666667,0.432800828369845
16.8333333333333,0.432800828353461
16.85,0.432800828337817
16.8666666666667,0.432800828322173
16.8833333333333,0.432800828306529
16.9,0.432800828291277
16.9166666666667,0.432800828276529
16.9333333333333,0.432800828261781
16.95,0.432800828247034
16.9666666666667,0.43280082823286
16.9833333333333,0.432800828218953
17,0.432800828205047
17.0166666666667,0.432800828191141
17.0333333333333,0.432800828177963
17.05,0.432800828164843
17.0666666666667,0.432800828151724
17.0833333333333,0.432800828138732
17.1,0.43280082812636
17.1166666666667,0.432800828113988
17.1333333333333,0.432800828101617
17.15,0.432800828089538
17.1666666666667,0.432800828077873
17.1833333333333,0.432800828066207
17.2,0.432800828054542
17.2166666666667,0.432800828043311
17.2333333333333,0.432800828032304
17.25,0.432800828021296
17.2666666666667,0.432800828010289
17.2833333333333,0.432800827999869
17.3,0.43280082798951
17.3166666666667,0.432800827979152
17.3333333333333,0.432800827968794
17.35,0.432800827958961
17.3666666666667,0.432800827949245
17.3833333333333,0.43280082793953
17.4,0.432800827929815
17.4166666666667,0.432800827920531
17.4333333333333,0.432800827911407
17.45,0.432800827902283
17.4666666666667,0.43280082789316
17.4833333333333,0.432800827884394
17.5,0.432800827875829
17.5166666666667,0.432800827867263
17.5333333333333,0.432800827858698
17.55,0.432800827850426
17.5666666666667,0.432800827842393
17.5833333333333,0.432800827834359
17.6,0.432800827826325
17.6166666666667,0.432800827818519
17.6333333333333,0.432800827810974
17.65,0.43280082780343
17.6666666666667,0.432800827795885
17.6833333333333,0.43280082778852
17.7,0.432800827781452
17.7166666666667,0.432800827774385
17.7333333333333,0.432800827767317
17.75,0.432800827760249
17.7666666666667,0.432800827753618
17.7833333333333,0.432800827747025
17.8,0.432800827740432
17.8166666666667,0.432800827733839
17.8333333333333,0.432800827727451
17.85,0.432800827721298
17.8666666666667,0.432800827715145
17.8833333333333,0.432800827708992
17.9,0.432800827702843
17.9166666666667,0.432800827697091
17.9333333333333,0.432800827691339
17.95,0.432800827685586
17.9666666666667,0.432800827679834
17.9833333333333,0.432800827674295
18,0.432800827668925
18.0166666666667,0.432800827663555
18.0333333333333,0.432800827658186
18.05,0.432800827652852
18.0666666666667,0.432800827647844
18.0833333333333,0.432800827642837
18.1,0.432800827637829
18.1166666666667,0.432800827632821
18.1333333333333,0.432800827628028
18.15,0.432800827623353
18.1666666666667,0.432800827618678
18.1833333333333,0.432800827614003
18.2,0.432800827609329
18.2166666666667,0.43280082760497
18.2333333333333,0.432800827600614
18.25,0.432800827596258
18.2666666666667,0.432800827591902
18.2833333333333,0.43280082758765
18.3,0.432800827583601
18.3166666666667,0.432800827579552
18.3333333333333,0.432800827575503
18.35,0.432800827571454
18.3666666666667,0.432800827567596
18.3833333333333,0.432800827563825
18.4,0.432800827560054
18.4166666666667,0.432800827556283
18.4333333333333,0.43280082755252
18.45,0.432800827549001
18.4666666666667,0.432800827545482
18.4833333333333,0.432800827541964
18.5,0.432800827538445
18.5166666666667,0.43280082753502
18.5333333333333,0.432800827531747
18.55,0.432800827528475
18.5666666666667,0.432800827525203
18.5833333333333,0.432800827521931
18.6,0.432800827518832
18.6166666666667,0.432800827515798
18.6333333333333,0.432800827512763
18.65,0.432800827509729
18.6666666666667,0.432800827506695
18.6833333333333,0.432800827503784
18.7,0.432800827500978
18.7166666666667,0.432800827498173
18.7333333333333,0.432800827495367
18.75,0.432800827492561
18.7666666666667,0.432800827489831
18.7833333333333,0.43280082748724
18.8,0.432800827484649
18.8166666666667,0.432800827482058
18.8333333333333,0.432800827479467
18.85,0.43280082747691
18.8666666666667,0.432800827474518
18.8833333333333,0.432800827472126
18.9,0.432800827469734
18.9166666666667,0.432800827467342
18.9333333333333,0.43280082746495
18.95,0.432800827462733
18.9666666666667,0.43280082746052
18.9833333333333,0.432800827458307
19,0.432800827456093
19.0166666666667,0.43280082745388
19.0333333333333,0.4328008274518
19.05,0.432800827449754
19.0666666666667,0.432800827447709
19.0833333333333,0.432800827445663
19.1,0.432800827443617
19.1166666666667,0.43280082744167
19.1333333333333,0.432800827439786
19.15,0.432800827437902
19.1666666666667,0.432800827436018
19.1833333333333,0.432800827434134
19.2,0.432800827432278
19.2166666666667,0.432800827430541
19.2333333333333,0.432800827428805
19.25,0.432800827427069
19.2666666666667,0.432800827425333
19.2833333333333,0.432800827423597
19.3,0.432800827421963
19.3166666666667,0.432800827420362
19.3333333333333,0.432800827418761
19.35,0.432800827417159
19.3666666666667,0.432800827415558
19.3833333333333,0.432800827414
19.4,0.432800827412529
19.4166666666667,0.432800827411057
19.4333333333333,0.432800827409585
19.45,0.432800827408114
19.4666666666667,0.432800827406642
19.4833333333333,0.432800827405277
19.5,0.432800827403923
19.5166666666667,0.432800827402568
19.5333333333333,0.432800827401213
19.55,0.432800827399859
19.5666666666667,0.432800827398555
19.5833333333333,0.432800827397303
19.6,0.432800827396052
19.6166666666667,0.432800827394801
19.6333333333333,0.43280082739355
19.65,0.432800827392306
19.6666666666667,0.432800827391168
19.6833333333333,0.43280082739003
19.7,0.432800827388892
19.7166666666667,0.432800827387754
19.7333333333333,0.432800827386616
19.75,0.432800827385477
19.7666666666667,0.432800827384356
19.7833333333333,0.432800827383334
19.8,0.432800827382312
19.8166666666667,0.432800827381291
19.8333333333333,0.432800827380269
19.85,0.432800827379247
19.8666666666667,0.432800827378225
19.8833333333333,0.432800827377225
19.9,0.432800827376302
19.9166666666667,0.432800827375379
19.9333333333333,0.432800827374456
19.95,0.432800827373532
19.9666666666667,0.432800827372609
19.9833333333333,0.432800827371686
20,0.432800827370779
20.0166666666667,0.432800827369909
