-9.98333333333333,0.8268196
-9.96666666666667,0.826641205104347
-9.95,0.826641066774109
-9.93333333333333,0.826640931594078
-9.91666666666667,0.826640799278543
-9.9,0.826640670004916
-9.88333333333333,0.826640543472139
-9.86666666666667,0.826640420036862
-9.85,0.826640299080451
-9.83333333333333,0.826640180800147
-9.81666666666667,0.826640065136521
-9.8,0.826639952031461
-9.78333333333333,0.826639841428149
-9.76666666666667,0.826639733461752
-9.75,0.82663962761889
-9.73333333333333,0.82663952398248
-9.71666666666667,0.826639422856219
-9.7,0.826639324162455
-9.68333333333333,0.826639227516037
-9.66666666666667,0.826639132878786
-9.65,0.826639040213069
-9.63333333333333,0.826638949744544
-9.61666666666667,0.826638861951705
-9.6,0.826638774906088
-9.58333333333333,0.826638690815417
-9.56666666666667,0.826638607898417
-9.55,0.826638527061754
-9.53333333333333,0.826638448083244
-9.51666666666667,0.826638370374069
-9.5,0.826638295152489
-9.48333333333333,0.826638220624435
-9.46666666666667,0.826638148811186
-9.45,0.826638077813513
-9.43333333333333,0.826638008776933
-9.41666666666667,0.826637941151825
-9.4,0.826637874792798
-9.38333333333333,0.826637810366427
-9.36666666666667,0.826637746589124
-9.35,0.826637685218186
-9.33333333333333,0.826637624377297
-9.31666666666667,0.826637565465093
-9.3,0.826637507497247
-9.28333333333333,0.826637450875479
-9.26666666666667,0.826637395648469
-9.25,0.826637341227575
-9.23333333333333,0.826637288615158
-9.21666666666667,0.826637236468113
-9.2,0.826637186246384
-9.18333333333333,0.826637136443892
-9.16666666666667,0.826637088272732
-9.15,0.826637040756006
-9.13333333333333,0.826636994551168
-9.11666666666667,0.826636949215926
-9.1,0.826636904896638
-9.08333333333333,0.826636861643326
-9.06666666666667,0.826636819132147
-9.05,0.826636777865726
-9.03333333333333,0.826636737088406
-9.01666666666667,0.826636697718149
-9,0.826636658603502
-8.98333333333333,0.826636621080029
-8.96666666666667,0.826636583614807
-8.95,0.82663654773412
-8.93333333333333,0.826636511924497
-8.91666666666667,0.826636477576012
-8.9,0.826636443348394
-8.88333333333333,0.826636410466216
-8.86666666666667,0.826636377750291
-8.85,0.826636346271372
-8.83333333333333,0.826636314999965
-8.81666666666667,0.826636284863978
-8.8,0.826636254972909
-8.78333333333333,0.826636226122134
-8.76666666666667,0.826636197557154
-8.75,0.82663616996754
-8.73333333333333,0.826636142575717
-8.71666666666667,0.826636116221929
-8.7,0.826636089978453
-8.68333333333333,0.826636064804698
-8.66666666666667,0.826636039661274
-8.65,0.826636015614292
-8.63333333333333,0.826635991567205
-8.61666666666667,0.826635968553604
-8.6,0.826635945582455
-8.58333333333333,0.826635923529776
-8.56666666666667,0.826635901586028
-8.55,0.826635880454017
-8.53333333333333,0.826635859491334
-8.51666666666667,0.826635839260468
-8.5,0.826635819259646
-8.48333333333333,0.826635799805193
-8.46666666666667,0.826635780745938
-8.45,0.826635762045173
-8.43333333333333,0.826635743882769
-8.41666666666667,0.826635725907595
-8.4,0.826635708599464
-8.38333333333333,0.826635691322756
-8.36666666666667,0.826635674828352
-8.35,0.8266356583339
-8.33333333333333,0.826635642504648
-8.31666666666667,0.826635626785318
-8.3,0.826635611566325
-8.28333333333333,0.826635596585351
-8.26666666666667,0.826635581963823
-8.25,0.826635567705957
-8.23333333333333,0.826635553582291
-8.21666666666667,0.826635540031382
-8.2,0.826635526480441
-8.18333333333333,0.826635513522263
-8.16666666666667,0.826635500642885
-8.15,0.826635488130586
-8.13333333333333,0.826635475889157
-8.11666666666667,0.826635463810235
-8.1,0.826635452174835
-8.08333333333333,0.826635440539412
-8.06666666666667,0.826635429457242
-8.05,0.82663541839754
-8.03333333333333,0.82663540769538
-8.01666666666667,0.826635397182613
-8,0.826635386855219
-7.98333333333333,0.826635376877483
-7.96666666666667,0.82663536689973
-7.95,0.826635357390717
-7.93333333333333,0.826635347935349
-7.91666666666667,0.826635338701663
-7.9,0.826635329741028
-7.88333333333333,0.82663532078038
-7.86666666666667,0.826635312287786
-7.85,0.826635303795699
-7.83333333333333,0.826635295547557
-7.81666666666667,0.826635287499251
-7.8,0.826635279493178
-7.78333333333333,0.826635271865195
-7.76666666666667,0.826635264237202
-7.75,0.826635256868504
-7.73333333333333,0.826635249638626
-7.71666666666667,0.826635242487353
-7.7,0.82663523564643
-7.68333333333333,0.826635228805499
-7.66666666666667,0.826635222189385
-7.65,0.826635215727643
-7.63333333333333,0.826635209265894
-7.61666666666667,0.826635203156217
-7.6,0.826635197052381
-7.58333333333333,0.826635191075044
-7.56666666666667,0.826635185309049
-7.55,0.826635179543049
-7.53333333333333,0.826635174021081
-7.51666666666667,0.826635168573984
-7.5,0.826635163173843
-7.48333333333333,0.826635158027784
-7.46666666666667,0.82663515288172
-7.45,0.826635147891039
-7.43333333333333,0.826635143029157
-7.41666666666667,0.826635138167271
-7.4,0.826635133565324
-7.38333333333333,0.826635128980688
-7.36666666666667,0.826635124435639
-7.35,0.826635120120833
-7.33333333333333,0.826635115806025
-7.31666666666667,0.826635111581514
-7.3,0.826635107520436
-7.28333333333333,0.826635103459355
-7.26666666666667,0.826635099533095
-7.25,0.826635095710614
-7.23333333333333,0.82663509188813
-7.21666666666667,0.826635088239367
-7.2,0.826635084641264
-7.18333333333333,0.826635081043158
-7.16666666666667,0.826635077652567
-7.15,0.826635074265479
-7.13333333333333,0.826635070916605
-7.11666666666667,0.826635067727975
-7.1,0.826635064539343
-7.08333333333333,0.826635061428371
-7.06666666666667,0.826635058433052
-7.05,0.826635055437733
-7.03333333333333,0.82663505251811
-7.01666666666667,0.826635049710573
-7,0.826635046903035
-6.98333333333333,0.826635044166616
-6.96666666666667,0.826635041534904
-6.95,0.826635038903192
-6.93333333333333,0.826635036338301
-6.91666666666667,0.826635033871228
-6.9,0.826635031404154
-6.88333333333333,0.826635028999867
-6.86666666666667,0.826635026686966
-6.85,0.826635024374065
-6.83333333333333,0.826635022120162
-6.81666666666667,0.82663501995164
-6.8,0.826635017783117
-6.78333333333333,0.826635015670036
-6.76666666666667,0.826635013636729
-6.75,0.826635011603422
-6.73333333333333,0.826635009624207
-6.71666666666667,0.826635007722383
-6.7,0.826635005820559
-6.68333333333333,0.826635003940747
-6.66666666666667,0.826635002166373
-6.65,0.826635000392
-6.63333333333333,0.826634998617625
-6.61666666666667,0.826634996954174
-6.6,0.826634995298558
-6.58333333333333,0.826634993642941
-6.56666666666667,0.826634992064276
-6.55,0.826634990519326
-6.53333333333333,0.826634988974375
-6.51666666666667,0.826634987476521
-6.5,0.826634986034704
-6.48333333333333,0.826634984592887
-6.46666666666667,0.826634983172021
-6.45,0.826634981826324
-6.43333333333333,0.826634980480627
-6.41666666666667,0.826634979134929
-6.4,0.826634977876966
-6.38333333333333,0.826634976620858
-6.36666666666667,0.82663497536475
-6.35,0.826634974173038
-6.33333333333333,0.82663497300388
-6.31666666666667,0.826634971834722
-6.3,0.826634970684199
-6.28333333333333,0.826634969599121
-6.26666666666667,0.826634968514041
-6.25,0.826634967428962
-6.23333333333333,0.82663496639863
-6.21666666666667,0.826634965391462
-6.2,0.826634964384294
-6.18333333333333,0.826634963390392
-6.16666666666667,0.826634962455426
-6.15,0.82663496152046
-6.13333333333333,0.826634960585494
-6.11666666666667,0.826634959695014
-6.1,0.826634958826966
-6.08333333333333,0.826634957958918
-6.06666666666667,0.826634957099916
-6.05,0.826634956293894
-6.03333333333333,0.826634955487873
-6.01666666666667,0.826634954681852
-6,0.826634953911875
-5.98333333333333,0.826634953163352
-5.96666666666667,0.82663495241483
-5.95,0.826634951672316
-5.93333333333333,0.826634950979476
-5.91666666666667,0.826634950286635
-5.9,0.826634949593795
-5.88333333333333,0.826634948914815
-5.86666666666667,0.826634948275668
-5.85,0.82663494763652
-5.83333333333333,0.826634946997373
-5.81666666666667,0.826634946378415
-5.8,0.826634945788705
-5.78333333333333,0.826634945198994
-5.76666666666667,0.826634944609284
-5.75,0.826634944045004
-5.73333333333333,0.826634943500818
-5.71666666666667,0.826634942956631
-5.7,0.826634942412445
-5.68333333333333,0.826634941897977
-5.66666666666667,0.826634941395718
-5.65,0.826634940893457
-5.63333333333333,0.826634940391197
-5.61666666666667,0.826634939922112
-5.6,0.82663493945847
-5.58333333333333,0.826634938994827
-5.56666666666667,0.826634938531516
-5.55,0.826634938103449
-5.53333333333333,0.826634937675382
-5.51666666666667,0.826634937247315
-5.5,0.82663493682473
-5.48333333333333,0.826634936431033
-5.46666666666667,0.826634936037334
-5.45,0.826634935643636
-5.43333333333333,0.826634935249938
-5.41666666666667,0.826634934886418
-5.4,0.826634934525758
-5.38333333333333,0.826634934165096
-5.36666666666667,0.826634933804435
-5.35,0.826634933463925
-5.33333333333333,0.826634933133456
-5.31666666666667,0.826634932802988
-5.3,0.826634932472519
-5.28333333333333,0.826634932153679
-5.26666666666667,0.826634931850808
-5.25,0.826634931547937
-5.23333333333333,0.826634931245067
-5.21666666666667,0.826634930946619
-5.2,0.826634930668979
-5.18333333333333,0.826634930391339
-5.16666666666667,0.826634930113699
-5.15,0.826634929836059
-5.13333333333333,0.826634929579858
-5.11666666666667,0.826634929325289
-5.1,0.82663492907072
-5.08333333333333,0.826634928816152
-5.06666666666667,0.826634928575998
-5.05,0.82663492834253
-5.03333333333333,0.826634928109061
-5.01666666666667,0.826634927875592
-5,0.826634927651011
-4.98333333333333,0.826634927437873
-4.96666666666667,0.826634927224736
-4.95,0.826634927011598
-4.93333333333333,0.826634926798461
-4.91666666666667,0.826634926599119
-4.9,0.826634926405453
-4.88333333333333,0.826634926211788
-4.86666666666667,0.826634926018122
-4.85,0.826634925824456
-4.83333333333333,0.826634925648076
-4.81666666666667,0.82663492547205
-4.8,0.826634925296025
-4.78333333333333,0.82663492512
-4.76666666666667,0.826634924947991
-4.75,0.826634924787951
-4.73333333333333,0.826634924627911
-4.71666666666667,0.826634924467871
-4.7,0.826634924307831
-4.68333333333333,0.826634924155364
-4.66666666666667,0.826634924009813
-4.65,0.826634923864263
-4.63333333333333,0.826634923718712
-4.61666666666667,0.826634923573162
-4.6,0.826634923438042
-4.58333333333333,0.826634923305628
-4.56666666666667,0.826634923173214
-4.55,0.826634923040801
-4.53333333333333,0.826634922909166
-4.51666666666667,0.826634922788665
-4.5,0.826634922668165
-4.48333333333333,0.826634922547665
-4.46666666666667,0.826634922427165
-4.45,0.826634922310519
-4.43333333333333,0.826634922201464
-4.41666666666667,0.82663492209241
-4.4,0.826634921983355
-4.38333333333333,0.8266349218743
-4.36666666666667,0.826634921765347
-4.35,0.826634921667208
-4.33333333333333,0.826634921569069
-4.31666666666667,0.826634921470929
-4.3,0.82663492137279
-4.28333333333333,0.826634921274651
-4.26666666666667,0.826634921183185
-4.25,0.826634921094832
-4.23333333333333,0.82663492100648
-4.21666666666667,0.826634920918128
-4.2,0.826634920829775
-4.18333333333333,0.826634920744534
-4.16666666666667,0.82663492066496
-4.15,0.826634920585385
-4.13333333333333,0.826634920505811
-4.11666666666667,0.826634920426236
-4.1,0.826634920346874
-4.08333333333333,0.826634920275176
-4.06666666666667,0.826634920203478
-4.05,0.826634920131779
-4.03333333333333,0.826634920060081
-4.01666666666667,0.826634919988382
-4,0.82663491992163
-3.98333333333333,0.826634919857001
-3.96666666666667,0.826634919792372
-3.95,0.826634919727743
-3.93333333333333,0.826634919663115
-3.91666666666667,0.826634919600848
-3.9,0.826634919542567
-3.88333333333333,0.826634919484286
-3.86666666666667,0.826634919426006
-3.85,0.826634919367725
-3.83333333333333,0.826634919309711
-3.81666666666667,0.826634919257388
-3.8,0.826634919205066
-3.78333333333333,0.826634919152744
-3.76666666666667,0.826634919100422
-3.75,0.8266349190481
-3.73333333333333,0.826634918996894
-3.71666666666667,0.826634918950136
-3.7,0.826634918903378
-3.68333333333333,0.82663491885662
-3.66666666666667,0.826634918809862
-3.65,0.826634918763104
-3.63333333333333,0.826634918718112
-3.61666666666667,0.826634918676305
-3.6,0.826634918634498
-3.58333333333333,0.826634918592691
-3.56666666666667,0.826634918550885
-3.55,0.826634918509078
-3.53333333333333,0.826634918469529
-3.51666666666667,0.82663491843213
-3.5,0.82663491839473
-3.48333333333333,0.826634918357331
-3.46666666666667,0.826634918319931
-3.45,0.826634918282532
-3.43333333333333,0.826634918247756
-3.41666666666667,0.826634918214282
-3.4,0.826634918180808
-3.38333333333333,0.826634918147334
-3.36666666666667,0.82663491811386
-3.35,0.826634918080386
-3.33333333333333,0.826634918049795
-3.31666666666667,0.826634918019819
-3.3,0.826634917989844
-3.28333333333333,0.826634917959868
-3.26666666666667,0.826634917929892
-3.25,0.826634917899916
-3.23333333333333,0.826634917872996
-3.21666666666667,0.826634917846139
-3.2,0.826634917819281
-3.18333333333333,0.826634917792424
-3.16666666666667,0.826634917765566
-3.15,0.826634917739104
-3.13333333333333,0.826634917715155
-3.11666666666667,0.826634917691206
-3.1,0.826634917667256
-3.08333333333333,0.826634917643307
-3.06666666666667,0.826634917619358
-3.05,0.826634917595409
-3.03333333333333,0.826634917573389
-3.01666666666667,0.826634917552137
-3,0.826634917530885
-2.98333333333333,0.826634917509633
-2.96666666666667,0.826634917488382
-2.95,0.82663491746713
-2.93333333333333,0.82663491744658
-2.91666666666667,0.82663491742771
-2.9,0.82663491740884
-2.88333333333333,0.82663491738997
-2.86666666666667,0.826634917371101
-2.85,0.826634917352231
-2.83333333333333,0.826634917333361
-2.81666666666667,0.82663491731633
-2.8,0.826634917299565
-2.78333333333333,0.8266349172828
-2.76666666666667,0.826634917266034
-2.75,0.826634917249269
-2.73333333333333,0.826634917232503
-2.71666666666667,0.826634917216582
-2.7,0.826634917201677
-2.68333333333333,0.826634917186773
-2.66666666666667,0.826634917171868
-2.65,0.826634917156963
-2.63333333333333,0.826634917142058
-2.61666666666667,0.826634917127208
-2.6,0.826634917113949
-2.58333333333333,0.82663491710069
-2.56666666666667,0.826634917087432
-2.55,0.826634917074173
-2.53333333333333,0.826634917060914
-2.51666666666667,0.826634917047655
-2.5,0.826634917035289
-2.48333333333333,0.826634917023487
-2.46666666666667,0.826634917011686
-2.45,0.826634916999884
-2.43333333333333,0.826634916988082
-2.41666666666667,0.826634916976281
-2.4,0.826634916964739
-2.38333333333333,0.826634916954293
-2.36666666666667,0.826634916943848
-2.35,0.826634916933402
-2.33333333333333,0.826634916922957
-2.31666666666667,0.826634916912511
-2.3,0.826634916902065
-2.28333333333333,0.826634916891699
-2.26666666666667,0.826634916882507
-2.25,0.826634916873315
-2.23333333333333,0.826634916864123
-2.21666666666667,0.826634916854931
-2.2,0.826634916845739
-2.18333333333333,0.826634916836547
-2.16666666666667,0.826634916827355
-2.15,0.82663491681919
-2.13333333333333,0.826634916811095
-2.11666666666667,0.826634916803
-2.1,0.826634916794905
-2.08333333333333,0.82663491678681
-2.06666666666667,0.826634916778716
-2.05,0.826634916770621
-2.03333333333333,0.826634916763302
-2.01666666666667,0.826634916756169
-2,0.826634916749035
-1.98333333333333,0.826634916741901
-1.96666666666667,0.826634916734768
-1.95,0.826634916727634
-1.93333333333333,0.826634916720501
-1.91666666666667,0.82663491671394
-1.9,0.826634916707649
-1.88333333333333,0.826634916701358
-1.86666666666667,0.826634916695067
-1.85,0.826634916688776
-1.83333333333333,0.826634916682486
-1.81666666666667,0.826634916676195
-1.8,0.826634916670312
-1.78333333333333,0.82663491666476
-1.76666666666667,0.826634916659208
-1.75,0.826634916653657
-1.73333333333333,0.826634916648105
-1.71666666666667,0.826634916642553
-1.7,0.826634916637002
-1.68333333333333,0.826634916631725
-1.66666666666667,0.826634916626823
-1.65,0.82663491662192
-1.63333333333333,0.826634916617018
-1.61666666666667,0.826634916612115
-1.6,0.826634916607213
-1.58333333333333,0.82663491660231
-1.56666666666667,0.826634916597586
-1.55,0.826634916593286
-1.53333333333333,0.826634916588985
-1.51666666666667,0.826634916584685
-1.5,0.826634916580385
-1.48333333333333,0.826634916576085
-1.46666666666667,0.826634916571785
-1.45,0.826634916567485
-1.43333333333333,0.826634916563345
-1.41666666666667,0.8266349165596
-1.4,0.826634916555855
-1.38333333333333,0.826634916552109
-1.36666666666667,0.826634916548364
-1.35,0.826634916544619
-1.33333333333333,0.826634916540873
-1.31666666666667,0.826634916537128
-1.3,0.826634916533518
-1.28333333333333,0.826634916530253
-1.26666666666667,0.826634916526988
-1.25,0.826634916523723
-1.23333333333333,0.826634916520459
-1.21666666666667,0.826634916517194
-1.2,0.826634916513929
-1.18333333333333,0.826634916510664
-1.16666666666667,0.826634916507513
-1.15,0.826634916504665
-1.13333333333333,0.826634916501817
-1.11666666666667,0.826634916498969
-1.1,0.826634916496121
-1.08333333333333,0.826634916493273
-1.06666666666667,0.826634916490425
-1.05,0.826634916487577
-1.03333333333333,0.826634916484825
-1.01666666666667,0.826634916482339
-1,0.826634916479852
-0.983333333333333,0.826634916477366
-0.966666666666665,0.826634916474879
-0.949999999999999,0.826634916472393
-0.933333333333332,0.826634916469907
-0.916666666666666,0.82663491646742
-0.899999999999999,0.826634916465015
-0.883333333333333,0.826634916462843
-0.866666666666665,0.82663491646067
-0.85,0.826634916458498
-0.833333333333332,0.826634916456326
-0.816666666666666,0.826634916454153
-0.799999999999999,0.826634916451981
-0.783333333333333,0.826634916449809
-0.766666666666666,0.826634916447705
-0.75,0.826634916445806
-0.733333333333333,0.826634916443907
-0.716666666666665,0.826634916442007
-0.699999999999999,0.826634916440108
-0.683333333333332,0.826634916438209
-0.666666666666666,0.82663491643631
-0.649999999999999,0.826634916434411
-0.633333333333333,0.826634916432573
-0.616666666666665,0.826634916430927
-0.6,0.82663491642928
-0.583333333333332,0.826634916427634
-0.566666666666666,0.826634916425987
-0.549999999999999,0.82663491642434
-0.533333333333333,0.826634916422694
-0.516666666666666,0.826634916421047
-0.5,0.826634916419401
-0.483333333333333,0.826634916417782
-0.466666666666665,0.826634916416366
-0.449999999999999,0.826634916414951
-0.433333333333332,0.826634916413536
-0.416666666666666,0.826634916412121
-0.399999999999999,0.826634916410706
-0.383333333333333,0.826634916409291
-0.366666666666665,0.826634916407876
-0.35,0.826634916406461
-0.333333333333332,0.826634916405046
-0.316666666666666,0.826634916403827
-0.299999999999999,0.82663491640261
-0.283333333333333,0.826634916401392
-0.266666666666666,0.826634916400176
-0.25,0.826634916398958
-0.233333333333333,0.826634916397741
-0.216666666666665,0.826634916396524
-0.199999999999999,0.826634916395307
-0.183333333333332,0.82663491639409
-0.166666666666666,0.826634916393019
-0.149999999999999,0.826634916391972
-0.133333333333333,0.826634916390924
-0.116666666666665,0.826634916389876
-0.0999999999999996,0.826634916388828
-0.0833333333333321,0.826634916387781
-0.0666666666666664,0.826634916386733
-0.0499999999999989,0.826634916385685
-0.0333333333333332,0.826634916384637
-0.0166666666666657,0.826634916383661
0,0.826634916382712
0.0166666666666675,0.826634916381762
0.033333333333335,0.072008120937286
0.0500000000000007,0.0752557926204943
0.0666666666666682,0.0762248800282665
0.0833333333333339,0.076683617979095
0.100000000000001,0.0769621572793826
0.116666666666667,0.0771659244962269
0.133333333333335,0.077336553279212
0.15,0.0774921579670019
0.166666666666668,0.0776409985607876
0.183333333333334,0.0777869228015679
0.200000000000001,0.0779317436942567
0.216666666666667,0.0780763200900903
0.233333333333334,0.0782210608661061
0.25,0.0783661613068137
0.266666666666667,0.0785117159412782
0.283333333333335,0.0786577705779421
0.300000000000001,0.0788043489693106
0.316666666666668,0.0789514645035491
0.333333333333334,0.0790991236183576
0.350000000000001,0.0792473315884412
0.366666666666667,0.079396092559433
0.383333333333335,0.079545410402666
0.4,0.0796952859692264
0.416666666666668,0.079845727011044
0.433333333333334,0.0799967303846304
0.450000000000001,0.0801483028106505
0.466666666666667,0.0803004522049612
0.483333333333334,0.080453172609409
0.5,0.0806064707584152
0.516666666666667,0.0807603479004232
0.533333333333335,0.0809148183247066
0.550000000000001,0.0810698664738735
0.566666666666668,0.0812255142870616
0.583333333333334,0.0813817225043046
0.600000000000001,0.0815386062933375
0.616666666666667,0.0816960337875737
0.633333333333335,0.0818540602254177
0.65,0.0820126887445176
0.666666666666668,0.0821719225008461
0.683333333333334,0.0823317646687712
0.700000000000001,0.082492305306775
0.716666666666667,0.0826534132696659
0.733333333333334,0.0828151038663219
0.75,0.0829773796361794
0.766666666666667,0.0831403583725886
0.783333333333335,0.0833040109003904
0.800000000000001,0.0834682590436881
0.816666666666668,0.0836331054066796
0.833333333333334,0.0837985636058287
0.850000000000001,0.0839648782402507
0.866666666666667,0.0841316534754673
0.883333333333335,0.0842990581864354
0.9,0.0844672835556076
0.916666666666668,0.0846358838132165
0.933333333333334,0.0848054797022332
0.950000000000001,0.0849755529289609
0.966666666666667,0.0851462680471733
0.983333333333334,0.0853178308158721
1,0.0854897782588856
1.01666666666667,0.0856627440749486
1.03333333333333,0.0858362045623356
1.05,0.0860103195868958
1.06666666666667,0.0861853101743006
1.08333333333333,0.0863606954814318
1.1,0.0865371224510619
1.11666666666667,0.0867140620377972
1.13333333333333,0.086891669031749
1.15,0.0870701804432896
1.16666666666667,0.0872490968804881
1.18333333333333,0.0874290788177565
1.2,0.0876095919447871
1.21666666666667,0.0877907855661586
1.23333333333333,0.0879729134232269
1.25,0.088155456872301
1.26666666666667,0.0883390902050901
1.28333333333333,0.0885232739408658
1.3,0.0887081514659968
1.31666666666667,0.0888939940275467
1.33333333333333,0.0890802630064815
1.35,0.0892676467940533
1.36666666666667,0.0894556008507921
1.38333333333333,0.089644262188418
1.4,0.0898339203628645
1.41666666666667,0.0900240160362175
1.43333333333333,0.0902152519764095
1.45,0.0904070787156543
1.46666666666667,0.0905996264099824
1.48333333333333,0.0907932037555614
1.5,0.0909872299330661
1.51666666666667,0.0911824223571865
1.53333333333333,0.0913782267826691
1.55,0.0915747660034244
1.56666666666667,0.0917722789032354
1.58333333333333,0.0919705154021772
1.6,0.0921694534810544
1.61666666666667,0.0923695009757565
1.63333333333333,0.0925702872155745
1.65,0.0927717873600743
1.66666666666667,0.0929741445919254
1.68333333333333,0.0931775224520472
1.7,0.0933816267246029
1.71666666666667,0.0935864593005082
1.73333333333333,0.0937923394186493
1.75,0.0939991128398528
1.76666666666667,0.0942065677961745
1.78333333333333,0.0944149357814627
1.8,0.0946243500469546
1.81666666666667,0.0948344654050758
1.83333333333333,0.0950453902972469
1.85,0.0952574963384427
1.86666666666667,0.0954703150060751
1.88333333333333,0.0956838469642392
1.9,0.0958986770974197
1.91666666666667,0.0961142425024988
1.93333333333333,0.096330532866431
1.95,0.0965480191651738
1.96666666666667,0.0967663752367769
1.98333333333333,0.0969854680626795
2,0.0972056507827383
2.01666666666667,0.0974268419290586
2.03333333333333,0.0976487817448834
2.05,0.0978717015238297
2.06666666666667,0.0980957726069309
2.08333333333333,0.0983206043861048
2.1,0.0985463022183768
2.11666666666667,0.0987732985254389
2.13333333333333,0.0990010676569853
2.15,0.0992296102199272
2.16666666666667,0.099459552076538
2.18333333333333,0.0996902342306342
2.2,0.0999219196670187
2.21666666666667,0.100154558971941
2.23333333333333,0.100388210978548
2.25,0.100623018608845
2.26666666666667,0.100858796064713
2.28333333333333,0.101095547601494
2.3,0.101333277476371
2.31666666666667,0.101571989947983
2.33333333333333,0.101811764925761
2.35,0.102052865884319
2.36666666666667,0.102294504030083
2.38333333333333,0.102537454376429
2.4,0.102781446802507
2.41666666666667,0.103026486230475
2.43333333333333,0.103272577583996
2.45,0.10351974910249
2.46666666666667,0.103768016033888
2.48333333333333,0.104017347875609
2.5,0.104267749627136
2.51666666666667,0.104519223201117
2.53333333333333,0.104771800568132
2.55,0.105025503884298
2.56666666666667,0.105280298615256
2.58333333333333,0.10553615887382
2.6,0.105793188805408
2.61666666666667,0.106051267829237
2.63333333333333,0.106310546094567
2.65,0.106571018171728
2.66666666666667,0.106832519886889
2.68333333333333,0.107095149212784
2.7,0.10735891097947
2.71666666666667,0.107623810000618
2.73333333333333,0.107889831516883
2.75,0.108157091469106
2.76666666666667,0.108425500818792
2.78333333333333,0.108695018469141
2.8,0.108965678787429
2.81666666666667,0.109237637831341
2.83333333333333,0.109510699191474
2.85,0.109784980091603
2.86666666666667,0.110060468963619
2.88333333333333,0.110337112243332
2.9,0.110614957766994
2.91666666666667,0.11089405890566
2.93333333333333,0.111174319659442
2.95,0.111455788426287
2.96666666666667,0.111738531438397
2.98333333333333,0.112022452347504
3,0.112307571324654
3.01666666666667,0.11259396589696
3.03333333333333,0.112881595986732
3.05,0.113170465851828
3.06666666666667,0.113460580119179
3.08333333333333,0.113751942358366
3.1,0.114044556692587
3.11666666666667,0.11433842712974
3.13333333333333,0.114633544827567
3.15,0.114929913815194
3.16666666666667,0.115227595644448
3.18333333333333,0.115526540490615
3.2,0.115826749386707
3.21666666666667,0.116128232988278
3.23333333333333,0.1164310092929
3.25,0.11673507230778
3.26666666666667,0.11704042021508
3.28333333333333,0.117347039864151
3.3,0.117654950799396
3.31666666666667,0.117964204741528
3.33333333333333,0.11827473690771
3.35,0.118586573088313
3.36666666666667,0.118899715898751
3.38333333333333,0.119214174214181
3.4,0.119529946444108
3.41666666666667,0.11984701972546
3.43333333333333,0.120165436756273
3.45,0.120485126274191
3.46666666666667,0.120806136937265
3.48333333333333,0.12112850359875
3.5,0.121452193576086
3.51666666666667,0.121777192981752
3.53333333333333,0.122103503977518
3.55,0.122431139360031
3.56666666666667,0.122760135624904
3.58333333333333,0.123090453599274
3.6,0.123422099675239
3.61666666666667,0.123755060461003
3.63333333333333,0.124089348919718
3.65,0.124424964833677
3.66666666666667,0.124761907764425
3.68333333333333,0.125100180310568
3.7,0.125439747465178
3.71666666666667,0.125780698996495
3.73333333333333,0.126122965294321
3.75,0.126466538481836
3.76666666666667,0.126811416606824
3.78333333333333,0.127157597458106
3.8,0.127505111082783
3.81666666666667,0.127853937660475
3.83333333333333,0.12820408917798
3.85,0.12855555472376
3.86666666666667,0.128908288437379
3.88333333333333,0.12926235385125
3.9,0.129617689928082
3.91666666666667,0.129974326131602
3.93333333333333,0.130332242795784
3.95,0.130691447976007
3.96666666666667,0.131051889034476
3.98333333333333,0.131413641328093
4,0.131776638897139
4.01666666666667,0.13214090689938
4.03333333333333,0.132506400071872
4.05,0.132873130843707
4.06666666666667,0.133241090874166
4.08333333333333,0.133610278159047
4.1,0.13398066908893
4.11666666666667,0.134352255515821
4.13333333333333,0.134725027261917
4.15,0.135099035691574
4.16666666666667,0.135474127926429
4.18333333333333,0.135850481664541
4.2,0.136227893853911
4.21666666666667,0.136606425018588
4.23333333333333,0.136986170094184
4.25,0.137366934608314
4.26666666666667,0.13774878238931
4.28333333333333,0.138131790989346
4.3,0.138515774756038
4.31666666666667,0.138900800070156
4.33333333333333,0.139286927221134
4.35,0.13967397959129
4.36666666666667,0.140062025248255
4.38333333333333,0.140451107459619
4.4,0.140841058826479
4.41666666666667,0.14123194811327
4.43333333333333,0.141623801942791
4.45,0.142016462282925
4.46666666666667,0.142409997469
4.48333333333333,0.142804418009583
4.5,0.143199575345312
4.51666666666667,0.143595536108635
4.53333333333333,0.143992295396794
4.55,0.144389714180588
4.56666666666667,0.144787855955348
4.58333333333333,0.145186701302598
4.6,0.145586083099505
4.61666666666667,0.145986179861545
4.63333333333333,0.146386791682076
4.65,0.146787948763485
4.66666666666667,0.147189631418751
4.68333333333333,0.147591726291244
4.7,0.14799431496493
4.71666666666667,0.148397220112214
4.73333333333333,0.148800552165548
4.75,0.149204126421042
4.76666666666667,0.149608019611964
4.78333333333333,0.150012092233613
4.8,0.150416374118977
4.81666666666667,0.150820764004566
4.83333333333333,0.15122525193436
4.85,0.15162976721304
4.86666666666667,0.152034267940335
4.88333333333333,0.152438705560964
4.9,0.15284301484978
4.91666666666667,0.153247160167663
4.93333333333333,0.153651062400366
4.95,0.154054688764211
4.96666666666667,0.154457956550248
4.98333333333333,0.154860824891398
5,0.155263218580839
5.01666666666667,0.155665077105645
5.03333333333333,0.15606634024188
5.05,0.156466928197736
5.06666666666667,0.156866789418617
5.08333333333333,0.157265834429775
5.1,0.157664008585957
5.11666666666667,0.158061224796358
5.13333333333333,0.158457412583009
5.15,0.158852500316576
5.16666666666667,0.159246387923559
5.18333333333333,0.159639033364084
5.2,0.160030292148616
5.21666666666667,0.16042016704319
5.23333333333333,0.160808453229343
5.25,0.16119521461957
5.26666666666667,0.161580169029357
5.28333333333333,0.161963434666094
5.3,0.162344706836141
5.31666666666667,0.162724088209825
5.33333333333333,0.163101302972041
5.35,0.163476402102872
5.36666666666667,0.163849162496077
5.38333333333333,0.164219565394001
5.4,0.164587459008541
5.41666666666667,0.164952735613996
5.43333333333333,0.165315334571085
5.45,0.165675038760143
5.46666666666667,0.166031899755723
5.48333333333333,0.166385569416828
5.5,0.166736233836828
5.51666666666667,0.167083391026671
5.53333333333333,0.167427377043789
5.55,0.1677675363272
5.56666666666667,0.168104284930406
5.58333333333333,0.168437007968562
5.6,0.16876600352953
5.61666666666667,0.16909077932821
5.63333333333333,0.169411491658382
5.65,0.169727795538726
5.66666666666667,0.170039680498189
5.68333333333333,0.170346974745159
5.7,0.170649474975759
5.71666666666667,0.170947209608132
5.73333333333333,0.171239755399227
5.75,0.171527369068844
5.76666666666667,0.171809379363858
5.78333333333333,0.172086300391547
5.8,0.172357183943188
5.81666666666667,0.172622771480948
5.83333333333333,0.17288198817996
5.85,0.173135572065685
5.86666666666667,0.173382595890155
5.88333333333333,0.173623565838041
5.9,0.173857798791975
5.91666666666667,0.17408553958711
5.93333333333333,0.174306379969776
5.95,0.174520273367927
5.96666666666667,0.174727117680802
5.98333333333333,0.174926544486936
6,0.175118789510046
6.01666666666667,0.175303129513484
6.03333333333333,0.175480141722996
6.05,0.175648821377473
6.06666666666667,0.175809990364159
6.08333333333333,0.175962588858987
6.1,0.176106910064228
6.11666666666667,0.176242829454614
6.13333333333333,0.176370206549371
6.15,0.176488902564734
6.16666666666667,0.176598425868357
6.18333333333334,0.17669890041167
6.2,0.176790273005964
6.21666666666667,0.176872413855832
6.23333333333333,0.176945195826635
6.25,0.17700841040865
6.26666666666667,0.17706162369779
6.28333333333333,0.17710537294552
6.3,0.177138952152326
6.31666666666667,0.177162441812883
6.33333333333333,0.177175816630674
6.35,0.177178987436313
6.36666666666667,0.177171808599323
6.38333333333333,0.177154184441179
6.4,0.177126024273458
6.41666666666667,0.17708713869439
6.43333333333334,0.177037648928439
6.45,0.176977159474705
6.46666666666667,0.17690599424698
6.48333333333333,0.176823805098323
6.5,0.176730621592506
6.51666666666667,0.176626566519075
6.53333333333333,0.17651116337096
6.55,0.176384974002343
6.56666666666667,0.176247305932077
6.58333333333333,0.176098703172697
6.6,0.175938849516079
6.61666666666667,0.175767776095244
6.63333333333333,0.175585713901241
6.65,0.175392175411827
6.66666666666667,0.175187815403904
6.68333333333334,0.174972010762321
6.7,0.174745316722688
6.71666666666667,0.174507522847783
6.73333333333333,0.174258666203108
6.75,0.173999086705341
6.76666666666667,0.173728308305241
6.78333333333333,0.173447063084811
6.8,0.173154825103403
6.81666666666667,0.172852147361733
6.83333333333333,0.172538937206685
6.85,0.172215243097815
6.86666666666667,0.171881503612494
6.88333333333333,0.171537279415039
6.9,0.171183351051472
6.91666666666667,0.170819324287079
6.93333333333334,0.170445705409908
6.95,0.170062643797817
6.96666666666667,0.169669945695493
6.98333333333333,0.169268134950454
7,0.168857366931959
7.01666666666667,0.168437826816807
7.03333333333333,0.168009683616533
7.05,0.167573072197094
7.06666666666667,0.167128051046806
7.08333333333333,0.166675342252061
7.1,0.166214816940955
7.11666666666667,0.165746876659649
7.13333333333333,0.165271377243958
7.15,0.16478891977772
7.16666666666667,0.164299765022143
7.18333333333334,0.163804059779146
7.2,0.163301891341341
7.21666666666667,0.162793780271406
7.23333333333333,0.162279977107661
7.25,0.16176053611574
7.26666666666667,0.161235926567563
7.28333333333333,0.160706278493919
7.3,0.160171850613005
7.31666666666667,0.159633122336824
7.33333333333333,0.159090034647706
7.35,0.158543204388658
7.36666666666667,0.157992556234206
7.38333333333333,0.157438685643873
7.4,0.156881552932271
7.41666666666667,0.156321701257734
7.43333333333334,0.155759140939209
7.45,0.155194328063104
7.46666666666667,0.154627444742117
7.48333333333333,0.154058720724775
7.5,0.153488396673894
7.51666666666667,0.152916781886974
7.53333333333333,0.152344067323921
7.55,0.151770501539383
7.56666666666667,0.151196316847166
7.58333333333333,0.150621750784762
7.6,0.150047013290311
7.61666666666667,0.149472331491598
7.63333333333333,0.148897907071752
7.65,0.148323951380215
7.66666666666667,0.147750662367892
7.68333333333334,0.147178233323421
7.7,0.146606852187934
7.71666666666667,0.146036701739973
7.73333333333333,0.145467960693797
7.75,0.144900788777948
7.76666666666667,0.14433535297731
7.78333333333333,0.143771834313303
7.8,0.14321033735341
7.81666666666667,0.142651026333944
7.83333333333333,0.142094038770638
7.85,0.141539506035882
7.86666666666667,0.140987553422154
7.88333333333333,0.140438300216837
7.9,0.139891859787462
7.91666666666667,0.139348339676484
7.93333333333334,0.138807836873315
7.95,0.138270499059533
7.96666666666667,0.13773632025986
7.98333333333333,0.137205458871214
8,0.13667800045625
8.01666666666667,0.136153938481655
8.03333333333333,0.135633435455957
8.05,0.135116535959367
8.06666666666667,0.134603223881343
8.08333333333333,0.134093666836766
8.1,0.133587870885343
8.11666666666667,0.133085813255002
8.13333333333333,0.132587667859412
8.15,0.132093401316881
8.16666666666667,0.131602987775242
8.18333333333334,0.131116608370683
8.2,0.13063419011404
8.21666666666667,0.130155708206914
8.23333333333333,0.129681347560411
8.25,0.129211003160693
8.26666666666667,0.128744680797116
8.28333333333333,0.128282421302044
8.3,0.127824286603319
8.31666666666667,0.127370242135624
8.33333333333333,0.126920268265518
8.35,0.12647441906296
8.36666666666667,0.126032672896398
8.38333333333333,0.12559498693499
8.4,0.12516140787797
8.41666666666667,0.124731924059703
8.43333333333334,0.12430649706551
8.45,0.123885126221328
8.46666666666667,0.12346783379615
8.48333333333333,0.123054612859398
8.5,0.122645370154738
8.51666666666667,0.122240190588951
8.53333333333333,0.121838966164331
8.55,0.121441724065409
8.56666666666667,0.121048462336389
8.58333333333333,0.120659141188567
8.6,0.120273721550887
8.61666666666667,0.119892203844514
8.63333333333333,0.119514558832377
8.65,0.119140759776762
8.66666666666667,0.118770811357408
8.68333333333334,0.118404612145309
8.7,0.118042224722776
8.71666666666667,0.11768361605265
8.73333333333333,0.117328719611114
8.75,0.1169773382268
8.76666666666667,0.116629871379237
8.78333333333333,0.116285910314514
8.8,0.115945542383593
8.81666666666667,0.115608805752602
8.83333333333333,0.11527551391076
8.85,0.114945879622255
8.86666666666667,0.114619639775631
8.88333333333333,0.1142968259487
8.9,0.113977602290776
8.91666666666667,0.113661588883588
8.93333333333334,0.113348938075762
8.95,0.113039814723881
8.96666666666667,0.112733813345296
8.98333333333333,0.112431049249993
9,0.112131747494655
9.01666666666667,0.111835479045
9.03333333333333,0.111542323925334
9.05,0.111252564188762
9.06666666666667,0.110965749205837
9.08333333333333,0.11068192549335
9.1,0.110401428856203
9.11666666666667,0.110123788960037
9.13333333333333,0.109849020596836
9.15,0.109577510076155
9.16666666666667,0.109308769175606
9.18333333333334,0.109042782732905
9.2,0.108779984343606
9.21666666666667,0.108519869635953
9.23333333333333,0.108262412651221
9.25,0.108008038867046
9.26666666666667,0.107756281658209
9.28333333333333,0.107507098141998
9.3,0.107260873856237
9.31666666666667,0.107017210226027
9.33333333333333,0.106776037916598
9.35,0.10653770436981
9.36666666666667,0.106301875703672
9.38333333333333,0.106068457785178
9.4,0.105837761783936
9.41666666666667,0.105609515190016
9.43333333333334,0.105383600677065
9.45,0.105160294935793
9.46666666666667,0.104939383563774
9.48333333333333,0.104720727592517
9.5,0.104504570988703
9.51666666666667,0.104290754264786
9.53333333333333,0.104079118304272
9.55,0.103869876059883
9.56666666666667,0.103662919850396
9.58333333333333,0.103458071846146
9.6,0.103255515646362
9.61666666666667,0.103055192360869
9.63333333333333,0.102856906821057
9.65,0.102660814879984
9.66666666666667,0.102466903523293
9.68333333333334,0.102274961556529
9.7,0.10208511863827
9.71666666666667,0.101897404819507
9.73333333333333,0.101711594132007
9.75,0.101527791534322
9.76666666666667,0.101346067440108
9.78333333333333,0.101166182298977
9.8,0.100988217805803
9.81666666666667,0.100812282386698
9.83333333333333,0.100638124022538
9.85,0.100465799747725
9.86666666666667,0.100295458831789
9.88333333333333,0.100126835344887
9.9,0.099959961528231
9.91666666666667,0.0997950273762745
9.93333333333334,0.099631765587364
9.95,0.0994701585698336
9.96666666666667,0.099310415032321
9.98333333333333,0.0991523447503213
10,0.0989958824046592
10.0166666666667,0.0988410811319634
10.0333333333333,0.0986880399515113
10.05,0.0985364922920901
10.0666666666667,0.0983866249210452
10.0833333333333,0.098238295747342
10.1,0.0980915335976492
10.1166666666667,0.0979463692497714
10.1333333333333,0.0978027378349609
10.15,0.0976606028468201
10.1666666666667,0.0975199750064404
10.1833333333333,0.0973808462785709
10.2,0.0972431713533368
10.2166666666667,0.097106927941312
10.2333333333333,0.0969721559292029
10.25,0.0968387633386949
10.2666666666667,0.0967067981740117
10.2833333333333,0.0965762119150628
10.3,0.0964469789616225
10.3166666666667,0.0963190988273692
10.3333333333333,0.0961925871155475
10.35,0.0960673868882384
10.3666666666667,0.0959434862292523
10.3833333333333,0.0958208706544906
10.4,0.0956995289835381
10.4166666666667,0.0955794745612681
10.4333333333333,0.0954606751295345
10.45,0.0953431059289319
10.4666666666667,0.0952267534069226
10.4833333333333,0.0951116045756505
10.5,0.0949976515176141
10.5166666666667,0.0948848775450741
10.5333333333333,0.0947732706430879
10.55,0.0946628196463184
10.5666666666667,0.0945535259322643
10.5833333333333,0.0944453607619157
10.6,0.0943383115472398
10.6166666666667,0.0942323649497862
10.6333333333333,0.0941275080473716
10.65,0.0940237311767533
10.6666666666667,0.0939210223106148
10.6833333333333,0.0938193695653211
10.7,0.0937187597406278
10.7166666666667,0.0936191768347871
10.7333333333333,0.0935206137680675
10.75,0.0934230631289666
10.7666666666667,0.093326526579765
10.7833333333333,0.0932309791747272
10.8,0.0931364063959773
10.8166666666667,0.093042794589609
10.8333333333333,0.0929501332566325
10.85,0.0928584120212942
10.8666666666667,0.092767620894048
10.8833333333333,0.0926777565116412
10.9,0.0925888303497499
10.9166666666667,0.0925008006015211
10.9333333333333,0.0924136575889315
10.95,0.0923273916990366
10.9666666666667,0.092241992920966
10.9833333333333,0.0921574668871196
11,0.0920738166253831
11.0166666666667,0.0919910071524928
11.0333333333333,0.0919090221922067
11.05,0.0918278536847533
11.0666666666667,0.0917475128941865
11.0833333333333,0.0916680075260993
11.1,0.0915892841726863
11.1166666666667,0.0915113297211003
11.1333333333333,0.0914341943295622
11.15,0.0913578302473602
11.1666666666667,0.0912822100960013
11.1833333333333,0.0912073564107892
11.2,0.0911332755197259
11.2166666666667,0.0910599136761477
11.2333333333333,0.090987270822097
11.25,0.0909153988358193
11.2666666666667,0.0908442226979992
11.2833333333333,0.0907737354591941
11.3,0.0907039867724599
11.3166666666667,0.0906349277324929
11.3333333333333,0.090566520898761
11.35,0.0904988466317164
11.3666666666667,0.0904318177437475
11.3833333333333,0.0903654462590616
11.4,0.0902997644067842
11.4166666666667,0.0902346906434754
11.4333333333333,0.0901703095394581
11.45,0.0901065364530197
11.4666666666667,0.0900434015909359
11.4833333333333,0.0899809005707417
11.5,0.0899189866830192
11.5166666666667,0.0898577307580632
11.5333333333333,0.0897970441220419
11.55,0.0897369668216488
11.5666666666667,0.0896774815463561
11.5833333333333,0.0896185816661938
11.6,0.0895602597013063
11.6166666666667,0.0895025105900971
11.6333333333333,0.0894453284785856
11.65,0.0893887404851241
11.6666666666667,0.0893326615650522
11.6833333333333,0.0892771684961676
11.7,0.0892221923038684
11.7166666666667,0.0891677714811219
11.7333333333333,0.0891138737553458
11.75,0.0890605104418283
11.7666666666667,0.0890076586373906
11.7833333333333,0.0889553204220539
11.8,0.0889035078081031
11.8166666666667,0.0888521963767603
11.8333333333333,0.0888013812233707
11.85,0.0887510558061795
11.8666666666667,0.0887012196573335
11.8833333333333,0.0886518857274917
11.9,0.0886030370457958
11.9166666666667,0.0885546267414563
11.9333333333333,0.0885067258968122
11.95,0.0884592599426103
11.9666666666667,0.0884122734294167
11.9833333333333,0.0883657345133819
12,0.0883196342678912
12.0166666666667,0.0882740069463183
12.0333333333333,0.0882287834232932
12.05,0.0881840391717
12.0666666666667,0.0881397006148876
12.0833333333333,0.088095794210708
12.1,0.0880523223922403
12.1166666666667,0.0880092366093189
12.1333333333333,0.0879666142481507
12.15,0.0879243718936676
12.1666666666667,0.0878825375741747
12.1833333333333,0.0878411402124608
12.2,0.0878001116630599
12.2166666666667,0.0877594765432449
12.2333333333333,0.0877192308518624
12.25,0.0876793706318471
12.2666666666667,0.0876398738503357
12.2833333333333,0.0876007535982875
12.3,0.0875620510822416
12.3166666666667,0.0875236868303335
12.3333333333333,0.0874857064877689
12.35,0.0874480838990375
12.3666666666667,0.0874108077242793
12.3833333333333,0.0873739081306609
12.4,0.0873373582044942
12.4166666666667,0.0873011433028708
12.4333333333333,0.0872652819406566
12.45,0.0872297672259194
12.4666666666667,0.0871945665544095
12.4833333333333,0.0871597382854617
12.5,0.0871252245524774
12.5166666666667,0.0870910224477485
12.5333333333333,0.0870571646276409
12.55,0.087023637418992
12.5666666666667,0.0869904136610438
12.5833333333333,0.0869574994170631
12.6,0.0869248916834364
12.6166666666667,0.0868925985638491
12.6333333333333,0.0868606319387838
12.65,0.0868289465622642
12.6666666666667,0.0867975648568482
12.6833333333333,0.0867664914296681
12.7,0.0867357026547712
12.7166666666667,0.086705192658399
12.7333333333333,0.0866749843483963
12.75,0.086645070480763
12.7666666666667,0.0866154330013556
12.7833333333333,0.0865860692618219
12.8,0.0865569766408903
12.8166666666667,0.0865281525439948
12.8333333333333,0.0864996128636245
12.85,0.0864713536154304
12.8666666666667,0.0864433483238381
12.8833333333333,0.0864156060042456
12.9,0.0863881240643585
12.9166666666667,0.0863608999393207
12.9333333333333,0.0863339310913983
12.95,0.0863072150096637
12.9666666666667,0.0862807802879379
12.9833333333333,0.0862545240582358
13,0.0862286020433497
13.0166666666667,0.0862028484183543
13.0333333333333,0.0861773494217532
13.05,0.0861521336547059
13.0666666666667,0.0861270817901283
13.0833333333333,0.0861023171717481
13.1,0.0860777875665764
13.1166666666667,0.0860534175031714
13.1333333333333,0.0860293651451262
13.15,0.0860055058437892
13.1666666666667,0.0859818091745802
13.1833333333333,0.0859584415131189
13.2,0.0859352093918892
13.2166666666667,0.085912218776375
13.2333333333333,0.085889467274749
13.25,0.0858668483167468
13.2666666666667,0.0858445418112654
13.2833333333333,0.085822389773282
13.3,0.0858004181491231
13.3166666666667,0.0857787237293139
13.3333333333333,0.0857571565328147
13.35,0.0857358444288804
13.3666666666667,0.0857147121042248
13.3833333333333,0.0856937331446591
13.4,0.0856730323819874
13.4166666666667,0.0856524335701081
13.4333333333333,0.0856321032547943
13.45,0.0856119240584975
13.4666666666667,0.0855919108851277
13.4833333333333,0.0855721428998883
13.5,0.0855524722684147
13.5166666666667,0.0855330766973082
13.5333333333333,0.0855138082264091
13.55,0.0854947201841236
13.5666666666667,0.0854758353575033
13.5833333333333,0.0854570552718295
13.6,0.0854385496757592
13.6166666666667,0.0854201191271867
13.6333333333333,0.0854019384066049
13.65,0.0853838770005591
13.6666666666667,0.0853659890252071
13.6833333333333,0.0853482893848086
13.7,0.0853306892512058
13.7166666666667,0.0853133441515124
13.7333333333333,0.0852960697606421
13.75,0.0852790336699309
13.7666666666667,0.0852620972349905
13.7833333333333,0.085245342055159
13.8,0.0852287399907615
13.8166666666667,0.0852122609132215
13.8333333333333,0.085195986568974
13.85,0.0851797788724613
13.8666666666667,0.0851638257348914
13.8833333333333,0.0851479260517408
13.9,0.085132246473297
13.9166666666667,0.0851166598104757
13.9333333333333,0.0851012379838816
13.95,0.0850859607676977
13.9666666666667,0.0850707969866532
13.9833333333333,0.0850558121699163
14,0.0850409065923752
14.0166666666667,0.0850262104933615
14.0333333333333,0.0850115585700548
14.05,0.0849971455200195
14.0666666666667,0.0849827658225591
14.0833333333333,0.0849686072323906
14.1,0.0849545038688528
14.1166666666667,0.0849405858092584
14.1333333333333,0.0849267533722405
14.15,0.0849130716215598
14.1666666666667,0.0848995069743993
14.1833333333333,0.0848860617535079
14.2,0.0848727482957883
14.2166666666667,0.0848595396956445
14.2333333333333,0.0848464748187411
14.25,0.0848334985437174
14.2666666666667,0.0848206774796028
14.2833333333333,0.0848079293160287
14.3,0.0847953473923623
14.3166666666667,0.0847828232068451
14.3333333333333,0.0847704758449196
14.35,0.084758171582701
14.3666666666667,0.0847460542954341
14.3833333333333,0.0847339659787797
14.4,0.0847220870266828
14.4166666666667,0.084710224369675
14.4333333333333,0.0846985348387225
14.45,0.0846869069354457
14.4666666666667,0.084675404839871
14.4833333333333,0.0846640069157072
14.5,0.084652689329509
14.5166666666667,0.0846415167112826
14.5333333333333,0.0846303807521066
14.55,0.0846194288657879
14.5666666666667,0.0846084773698492
14.5833333333333,0.0845977360628087
14.6,0.0845870008058835
14.6166666666667,0.0845764311231372
14.6333333333333,0.0845659077234684
14.65,0.0845555070020669
14.6666666666667,0.0845451911704577
14.6833333333333,0.0845349567867458
14.7,0.0845248443244808
14.7166666666667,0.0845147736935851
14.7333333333333,0.0845048604904027
14.75,0.0844949510657221
14.7666666666667,0.0844852330978349
14.7833333333333,0.0844755154349099
14.8,0.0844659556987002
14.8166666666667,0.0844564293195626
14.8333333333333,0.0844470219648467
14.85,0.084437683013413
14.8666666666667,0.0844284256857129
14.8833333333333,0.0844192703866982
14.9,0.0844101607660406
14.9166666666667,0.084401185423165
14.9333333333333,0.0843922212236349
14.95,0.0843834222178724
14.9666666666667,0.0843746234605643
14.9833333333333,0.0843659753006623
15,0.0843573497009744
15.0166666666667,0.0843488379392227
15.0333333333333,0.0843403823819
15.05,0.0843320050009037
15.0666666666667,0.0843237160596539
15.0833333333333,0.0843154710214348
15.1,0.0843073453415207
15.1166666666667,0.0842992306368456
15.1333333333333,0.0842912649335069
15.15,0.0842832994325713
15.1666666666667,0.0842754696384636
15.1833333333333,0.0842676608896628
15.2,0.0842599543542469
15.2166666666667,0.0842522992085208
15.2333333333333,0.0842447153737492
15.25,0.08423721354695
15.2666666666667,0.0842297395175713
15.2833333333333,0.0842223906374349
15.3,0.0842150419287647
15.3166666666667,0.0842078274207353
15.3333333333333,0.0842006284716674
15.35,0.0841935193779011
15.3666666666667,0.0841864670770696
15.3833333333333,0.0841794620682869
15.4,0.0841725533710554
15.4166666666667,0.0841656511282007
15.4333333333333,0.0841588830551592
15.45,0.0841521151268823
15.4666666666667,0.0841454519050718
15.4833333333333,0.0841388216793457
15.5,0.0841322570171591
15.5166666666667,0.0841257642573878
15.5333333333333,0.0841192856988061
15.55,0.084112930082357
15.5666666666667,0.0841065745931321
15.5833333333333,0.0841003168298375
15.6,0.0840940955306751
15.6166666666667,0.0840879208257581
15.6333333333333,0.084081830834311
15.65,0.0840757409594141
15.6666666666667,0.0840697769513644
15.6833333333333,0.0840638155605446
15.7,0.0840579303845874
15.7166666666667,0.0840520947216425
15.7333333333333,0.0840462876914044
15.75,0.0840405750609157
15.7666666666667,0.0840348625326437
15.7833333333333,0.0840292552171232
15.8,0.0840236653741619
15.8166666666667,0.0840181234952857
15.8333333333333,0.0840126559198493
15.85,0.0840071884378434
15.8666666666667,0.0840018315880709
15.8833333333333,0.0839964836533783
15.9,0.0839911895000832
15.9166666666667,0.0839859584587286
15.9333333333333,0.0839807275027109
15.95,0.0839756100732489
15.9666666666667,0.0839704934132505
15.9833333333333,0.0839654357522894
16,0.0839604308539377
16.0166666666667,0.0839554327869836
16.0333333333333,0.0839505371735024
16.05,0.0839456416345289
16.0666666666667,0.0839408110203915
16.0833333333333,0.083936024466327
16.1,0.0839312412515097
16.1166666666667,0.0839265633130302
16.1333333333333,0.0839218854424371
16.15,0.0839172568586985
16.1666666666667,0.0839126851020071
16.1833333333333,0.0839081134100885
16.2,0.0839036348388562
16.2166666666667,0.0838991668182517
16.2333333333333,0.0838947325473984
16.25,0.0838903658159915
16.2666666666667,0.0838859991435573
16.2833333333333,0.083881708371714
16.3,0.0838774406596209
16.3166666666667,0.0838731924708179
16.3333333333333,0.0838690214476319
16.35,0.0838648504781438
16.3666666666667,0.0838607407611638
16.3833333333333,0.0838566661433457
16.4,0.0838525915767215
16.4166666666667,0.0838486096607325
16.4333333333333,0.0838446310432909
16.45,0.0838406802015819
16.4666666666667,0.0838367952466666
16.4833333333333,0.0838329103381973
16.5,0.0838290827062531
16.5166666666667,0.0838252892270548
16.5333333333333,0.0838214957920982
16.55,0.083817787714632
16.5666666666667,0.083814083530111
16.5833333333333,0.0838104043737669
16.6,0.0838067873158889
16.6166666666667,0.0838031702981561
16.6333333333333,0.0837996057740695
16.65,0.0837960738087991
16.6666666666667,0.0837925418817718
16.6833333333333,0.083789090177954
16.7,0.0837856429508609
16.7166666666667,0.083782209944094
16.7333333333333,0.0837788470072922
16.75,0.0837754841050949
16.7666666666667,0.0837721532142777
16.7833333333333,0.0837688725179626
16.8,0.0837655918545496
16.8166666666667,0.0837623601064072
16.8333333333333,0.0837591596170164
16.85,0.0837559591589099
16.8666666666667,0.0837528236663613
16.8833333333333,0.0837497014015977
16.9,0.0837465831269953
16.9166666666667,0.0837435371262056
16.9333333333333,0.0837404911537019
16.95,0.0837374654899418
16.9666666666667,0.0837344938990646
16.9833333333333,0.0837315223350845
17,0.0837285873415319
17.0166666666667,0.0837256898430819
17.0333333333333,0.0837227923701821
17.05,0.0837199388272588
17.0666666666667,0.083717115047928
17.0833333333333,0.0837142912928422
17.1,0.0837115176892674
17.1166666666667,0.0837087657351275
17.1333333333333,0.0837060138039946
17.15,0.0837033178982741
17.1666666666667,0.083700635924889
17.1833333333333,0.0836979539733371
17.2,0.0836953335874139
17.2166666666667,0.0836927197985089
17.2333333333333,0.0836901064212398
17.25,0.0836875590477439
17.2666666666667,0.0836850116939113
17.2833333333333,0.0836824713650944
17.3,0.0836799887238752
17.3166666666667,0.0836775061013174
17.3333333333333,0.0836750370296136
17.35,0.083672618654463
17.3666666666667,0.0836702002970055
17.3833333333333,0.0836677947935415
17.4,0.0836654401783827
17.4166666666667,0.0836630855799825
17.4333333333333,0.0836607429194742
17.45,0.0836584503691761
17.4666666666667,0.083656157834752
17.4833333333333,0.0836538763618467
17.5,0.0836516442270104
17.5166666666667,0.0836494121072104
17.5333333333333,0.0836471902107972
17.55,0.0836450168864906
17.5666666666667,0.0836428435764271
17.5833333333333,0.0836406796884252
17.6,0.0836385636129544
17.6166666666667,0.083636447550976
17.6333333333333,0.0836343401451565
17.65,0.0836322797988729
17.6666666666667,0.0836302194653706
17.6833333333333,0.0836281672075723
17.7,0.0836261621488687
17.7166666666667,0.0836241571022604
17.7333333333333,0.0836221531309174
17.75,0.0836202028831716
17.7666666666667,0.0836182526468602
17.7833333333333,0.083616302421983
17.8,0.0836143997702516
17.8166666666667,0.0836125028352083
17.8333333333333,0.0836106059109748
17.85,0.0836087486966751
17.8666666666667,0.0836069035959412
17.8833333333333,0.0836050585054268
17.9,0.083603245658519
17.9166666666667,0.083601450966007
17.9333333333333,0.0835996562831568
17.95,0.0835978867583975
17.9666666666667,0.0835961410877284
17.9833333333333,0.083594395426194
18,0.0835926682025723
18.0166666666667,0.0835909702059466
18.0333333333333,0.0835892722179574
18.05,0.0835875865322672
18.0666666666667,0.0835859357989717
18.0833333333333,0.0835842850738329
18.1,0.0835826348249991
18.1166666666667,0.0835810309135229
18.1333333333333,0.0835794270097418
18.15,0.0835778231136558
18.1666666666667,0.0835762537657248
18.1833333333333,0.0835746953471905
18.2,0.0835731369359161
18.2166666666667,0.0835716010349855
18.2333333333333,0.0835700868041229
18.25,0.0835685725801097
18.2666666666667,0.083567069487146
18.2833333333333,0.0835655981837835
18.3,0.0835641268868832
18.3166666666667,0.0835626559722142
18.3333333333333,0.0835612263724861
18.35,0.0835597967788551
18.3666666666667,0.0835583671913214
18.3833333333333,0.0835569683374405
18.4,0.0835555792584751
18.4166666666667,0.0835541901852625
18.4333333333333,0.0835528215166683
18.45,0.0835514725688915
18.4666666666667,0.0835501236265365
18.4833333333333,0.0835487797863526
18.5,0.0835474705597513
18.5166666666667,0.0835461613382539
18.5333333333333,0.0835448521218605
18.55,0.0835435717392617
18.5666666666667,0.0835423010630169
18.5833333333333,0.0835410303915769
18.6,0.0835397734867251
18.6166666666667,0.0835385402152358
18.6333333333333,0.0835373069482697
18.65,0.083536073685827
18.6666666666667,0.0835348762736053
18.6833333333333,0.0835336793046761
18.7,0.0835324823400053
18.7166666666667,0.0835313067795461
18.7333333333333,0.0835301450352268
18.75,0.0835289832949167
18.7666666666667,0.0835278293356809
18.7833333333333,0.0835267017745554
18.8,0.0835255742172043
18.8166666666667,0.0835244466636277
18.8333333333333,0.083523347781449
18.85,0.0835222540638897
18.8666666666667,0.0835211603498797
18.8833333333333,0.083520077630404
18.9,0.0835190173858969
18.9166666666667,0.083517957144723
18.9333333333333,0.0835168969068827
18.95,0.0835158629271167
18.9666666666667,0.0835148351299596
18.9833333333333,0.0835138073359333
19,0.0835127886776469
19.0166666666667,0.083511792327548
19.0333333333333,0.0835107959803895
19.05,0.0835097996361716
19.0666666666667,0.0835088268046999
19.0833333333333,0.0835078609383237
19.1,0.0835068950747092
19.1166666666667,0.0835059366729616
19.1333333333333,0.0835050003511747
19.15,0.0835040640319819
19.1666666666667,0.0835031277153832
19.1833333333333,0.0835022124028734
19.2,0.0835013047208758
19.2166666666667,0.0835003970413148
19.2333333333333,0.0834994954455775
19.25,0.083498616111572
19.2666666666667,0.0834977367798521
19.2833333333333,0.0834968574504178
19.3,0.0834959933366257
19.3166666666667,0.0834951420413575
19.3333333333333,0.0834942907482304
19.35,0.0834934394572442
19.3666666666667,0.083492611799433
19.3833333333333,0.0834917876455245
19.4,0.0834909634936216
19.4166666666667,0.0834901445734504
19.4333333333333,0.0834893466905571
19.45,0.0834885488095426
19.4666666666667,0.083487750930407
19.4833333333333,0.0834869664595676
19.5,0.0834861940091909
19.5166666666667,0.0834854215605745
19.5333333333333,0.0834846491137183
19.55,0.0834838977235226
19.5666666666667,0.0834831498922174
19.5833333333333,0.0834824020625613
19.6,0.0834816586099838
19.6166666666667,0.0834809346089375
19.6333333333333,0.0834802106094361
19.65,0.0834794866114796
19.6666666666667,0.0834787746697301
19.6833333333333,0.083478074227179
19.7,0.0834773737860733
19.7166666666667,0.0834766733464128
19.7333333333333,0.0834759887482367
19.75,0.0834753115727002
19.7666666666667,0.0834746343985139
19.7833333333333,0.083473957225678
19.8,0.0834732991698847
19.8166666666667,0.0834726444861241
19.8333333333333,0.0834719898036251
19.85,0.0834713355405183
19.8666666666667,0.0834707025980885
19.8833333333333,0.0834700696568373
19.9,0.0834694367167647
19.9166666666667,0.0834688077362874
19.9333333333333,0.0834681958122711
19.95,0.0834675838893559
19.9666666666667,0.0834669719675419
19.9833333333333,0.0834663659380742
20,0.0834657704969641
20.0166666666667,0.0834651750568963
20.0333333333333,0.444635476629162
20.05,0.452130650810755
20.0666666666667,0.45847861519278
20.0833333333333,0.464869404040486
20.1,0.471312797605414
20.1166666666667,0.477805062227533
20.1333333333333,0.484342035202286
20.15,0.490919149282283
20.1666666666667,0.49753160731159
20.1833333333333,0.504174265201822
20.2,0.510841685121146
20.2166666666667,0.517528135763486
20.2333333333333,0.52422760887737
20.25,0.530933723290545
20.2666666666667,0.537639963495801
20.2833333333333,0.544339688450197
20.3,0.551026031417171
20.3166666666667,0.557691976724963
20.3333333333333,0.564330426648111
20.35,0.570934128461192
20.3666666666667,0.577496195044181
20.3833333333333,0.584009537563753
20.4,0.59046672994057
20.4166666666667,0.59686093839624
20.4333333333333,0.603185606637161
20.45,0.609434299232863
20.4666666666667,0.615600905498984
20.4833333333333,0.621679465297573
20.5,0.627664552140403
20.5166666666667,0.6335511296755
20.5333333333333,0.639334055917473
20.55,0.645009313583458
20.5666666666667,0.650573872882059
20.5833333333333,0.656023379273861
20.6,0.661355006169509
20.6166666666667,0.666567128125214
20.6333333333333,0.671657357360263
20.65,0.676623531459689
20.6666666666667,0.681466045960983
20.6833333333333,0.686182826563333
20.7,0.690774111941461
20.7166666666667,0.695240346487603
20.7333333333333,0.699581969072796
20.75,0.70379899264679
20.7666666666667,0.707894270577598
20.7833333333333,0.711866291203346
20.8,0.715719813191809
20.8166666666667,0.719454742405972
20.8333333333333,0.723072960207536
20.85,0.726577095898952
20.8666666666667,0.729969443945085
20.8833333333333,0.733252097605022
20.9,0.736427678437566
20.9166666666667,0.73949891832642
20.9333333333333,0.742468091428677
20.95,0.745337990246176
20.9666666666667,0.748111114918455
20.9833333333333,0.750790640083431
21,0.75337853794927
21.0166666666667,0.755877627677718
21.0333333333333,0.7582911159874
21.05,0.760621256287175
21.0666666666667,0.76287062525908
21.0833333333333,0.765041472825481
21.1,0.767136503146298
21.1166666666667,0.769158515227039
21.1333333333333,0.771110041004584
21.15,0.772992132257882
21.1666666666667,0.774808840043594
21.1833333333333,0.776560794996802
21.2,0.778251549489411
21.2166666666667,0.779882453912694
21.2333333333333,0.781455334455206
21.25,0.782972873059313
21.2666666666667,0.784436742393015
21.2833333333333,0.785848797485118
21.3,0.787211041403287
21.3166666666667,0.788525151754188
21.3333333333333,0.789792601353696
21.35,0.791015155076589
21.3666666666667,0.79219449809707
21.3833333333333,0.793332124927699
21.4,0.794429482436882
21.4166666666667,0.795488161945598
21.4333333333333,0.796509554564543
21.45,0.797494927762527
21.4666666666667,0.798445600026904
21.4833333333333,0.799362836302882
21.5,0.800247849220713
21.5166666666667,0.801101808549989
21.5333333333333,0.801925842510171
21.55,0.80272101577989
21.5666666666667,0.803488393356894
21.5833333333333,0.804229002244121
21.6,0.804943818119068
21.6166666666667,0.805633802402782
21.6333333333333,0.80629978223787
21.65,0.806942700639922
21.6666666666667,0.807563408360791
21.6833333333333,0.808162632380179
21.7,0.808741213942971
21.7166666666667,0.809299873101263
21.7333333333333,0.809839452042143
21.75,0.810360395891042
21.7666666666667,0.810863603917682
21.7833333333333,0.811349700239061
21.8,0.811819179929871
21.8166666666667,0.812272743193757
21.8333333333333,0.812710988871177
21.85,0.813134333873709
21.8666666666667,0.813543466609137
21.8833333333333,0.813938801945145
21.9,0.814320865294156
21.9166666666667,0.814690054947445
21.9333333333333,0.815047054528494
21.95,0.815392229604718
21.9666666666667,0.815726001080714
21.9833333333333,0.816048575684671
22,0.816360467155228
22.0166666666667,0.816662145070924
22.0333333333333,0.81695396969687
22.05,0.817236288902716
22.0666666666667,0.817509430294291
22.0833333333333,0.817773498416796
22.1,0.81802905583058
22.1166666666667,0.818276372649494
22.1333333333333,0.818515738617759
22.15,0.818747417666616
22.1666666666667,0.818971689554138
22.1833333333333,0.819188806867073
22.2,0.819399007067429
22.2166666666667,0.81960253434892
22.2333333333333,0.81979962703667
22.25,0.819990509105895
22.2666666666667,0.820175373973418
22.2833333333333,0.820354455862413
22.3,0.820527952765042
22.3166666666667,0.820696046724544
22.3333333333333,0.82085893631207
22.35,0.821016804692109
22.3666666666667,0.821169823212578
22.3833333333333,0.821318156727953
22.4,0.821461983240451
22.4166666666667,0.821601447415934
22.4333333333333,0.821736606607014
22.45,0.8218676463352
22.4666666666667,0.821994774467717
22.4833333333333,0.822118118918959
22.5,0.822237802698197
22.5166666666667,0.82235388279115
22.5333333333333,0.822466456230966
22.55,0.82257574830579
22.5666666666667,0.822681862576753
22.5833333333333,0.822784821791109
22.6,0.822884716060569
22.6166666666667,0.822981764640899
22.6333333333333,0.823076036299121
22.65,0.823167436404286
22.6666666666667,0.823256291410433
22.6833333333333,0.823342630333658
22.7,0.823426383688203
22.7166666666667,0.823507833603669
22.7333333333333,0.823586946669253
22.75,0.823663786092025
22.7666666666667,0.823738559283942
22.7833333333333,0.823811081897905
22.8,0.82388167979187
22.8166666666667,0.823950252953083
22.8333333333333,0.824016937775289
22.85,0.824081794411486
22.8666666666667,0.8241448074411
22.8833333333333,0.82420615399661
22.9,0.824265743490612
22.9166666666667,0.824323785849594
22.9333333333333,0.824380155672219
22.95,0.824435083202813
22.9666666666667,0.824488449139435
22.9833333333333,0.824540437017014
23,0.824590984171023
23.0166666666667,0.824640203119059
23.0333333333333,0.82468810967892
23.05,0.824734717373048
23.0666666666667,0.824780150800502
23.0833333333333,0.824824297606011
23.1,0.824867365069556
23.1166666666667,0.824909233838723
23.1333333333333,0.824950038794819
23.15,0.824989808919853
23.1666666666667,0.825028480467135
23.1833333333333,0.82506621124497
23.2,0.825102937740607
23.2166666666667,0.825138705210797
23.2333333333333,0.825173606376642
23.25,0.825207569514945
23.2666666666667,0.825240667084222
23.2833333333333,0.82527297030209
23.3,0.825304403011033
23.3166666666667,0.825335051147302
23.3333333333333,0.825364970126229
23.35,0.825394082591872
23.3666666666667,0.825422481296973
23.3833333333333,0.825450209049314
23.4,0.825477196193872
23.4166666666667,0.825503525960623
23.4333333333333,0.825529239224385
23.45,0.825554273752453
23.4666666666667,0.825578699943523
23.4833333333333,0.825602557815829
23.5,0.825625801221193
23.5166666666667,0.825648474143193
23.5333333333333,0.825670624024361
23.55,0.825692217470367
23.5666666666667,0.825713291247114
23.5833333333333,0.82573385385181
23.6,0.82575393839297
23.6166666666667,0.825773520486159
23.6333333333333,0.825792636969299
23.65,0.825811295993828
23.6666666666667,0.825829509954766
23.6833333333333,0.825847291756771
23.7,0.825864644086754
23.7166666666667,0.825881594538432
23.7333333333333,0.825898139323438
23.75,0.825914295544444
23.7666666666667,0.825930072179481
23.7833333333333,0.825945481315035
23.8,0.825960522420557
23.8166666666667,0.825975219177895
23.8333333333333,0.825989576243947
23.85,0.826003588899257
23.8666666666667,0.82601727990222
23.8833333333333,0.826030660771957
23.9,0.826043724371535
23.9166666666667,0.826056490322835
23.9333333333333,0.826068961402641
23.95,0.826081146116844
23.9666666666667,0.826093050403217
23.9833333333333,0.826104686381051
24,0.826116050285274
24.0166666666667,0.826127162476148
24.0333333333333,0.826138014471968
24.05,0.826148624390134
24.0666666666667,0.82615899400822
24.0833333333333,0.826169125702799
24.1,0.826179032680265
24.1166666666667,0.826188715286637
24.1333333333333,0.82619817654503
24.15,0.826207427224496
24.1666666666667,0.826216472057383
24.1833333333333,0.826225315270262
24.2,0.826233959353027
24.2166666666667,0.826242409149725
24.2333333333333,0.826250673162732
24.25,0.826258749740571
24.2666666666667,0.826266650437209
24.2833333333333,0.826274377522254
24.3,0.826281928142497
24.3166666666667,0.82628931388498
24.3333333333333,0.826296538450166
24.35,0.826303605457202
24.3666666666667,0.826310511983935
24.3833333333333,0.826317268058899
24.4,0.82632387727027
24.4166666666667,0.826330342863995
24.4333333333333,0.826336667366315
24.45,0.826342850148677
24.4666666666667,0.826348898409307
24.4833333333333,0.826354816803767
24.5,0.826360606524702
24.5166666666667,0.826366270539016
24.5333333333333,0.826371812608278
24.55,0.826377232599697
24.5666666666667,0.826382534209996
24.5833333333333,0.826387722584376
24.6,0.826392801092661
24.6166666666667,0.826397768406927
24.6333333333333,0.826402630928834
24.65,0.826407385805275
24.6666666666667,0.826412039544762
24.6833333333333,0.826416595217631
24.7,0.826421050928573
24.7166666666667,0.82642541129288
24.7333333333333,0.826429679345476
24.75,0.826433856320237
24.7666666666667,0.826437944261122
24.7833333333333,0.826441945259979
24.8,0.826445861169213
24.8166666666667,0.826449693902477
24.8333333333333,0.82645344538174
24.85,0.82645711735848
24.8666666666667,0.826460711654327
24.8833333333333,0.826464230083769
24.9,0.826467674230784
24.9166666666667,0.826471045864431
24.9333333333333,0.826474345540812
24.95,0.826477575474744
24.9666666666667,0.826480737509897
24.9833333333333,0.826483833247439
25,0.826486864207638
25.0166666666667,0.826489831641928
25.0333333333333,0.826492737625689
25.05,0.82649558338598
25.0666666666667,0.826498368085169
25.0833333333333,0.826501094156151
25.1,0.826503763961677
25.1166666666667,0.826506378716869
25.1333333333333,0.826508939747593
25.15,0.82651144602947
25.1666666666667,0.826513900476179
25.1833333333333,0.826516303960721
25.2,0.826518657812935
25.2166666666667,0.826520962891739
25.2333333333333,0.826523220015651
25.25,0.826525430875722
25.2666666666667,0.826527596345242
25.2833333333333,0.826529717378279
25.3,0.826531792978397
25.3166666666667,0.826533826238561
25.3333333333333,0.826535818477051
25.35,0.826537770597241
25.3666666666667,0.826539680418499
25.3833333333333,0.82654155164931
25.4,0.826543385383784
25.4166666666667,0.826545181780776
25.4333333333333,0.826546939680933
25.45,0.826548662593746
25.4666666666667,0.826550351248363
25.4833333333333,0.826552003999091
25.5,0.826553623084682
25.5166666666667,0.826555210123866
25.5333333333333,0.826556764689941
25.55,0.826558286516347
25.5666666666667,0.826559778434444
25.5833333333333,0.826561240566085
25.6,0.82656267129648
25.6166666666667,0.826564074124148
25.6333333333333,0.826565449265774
25.65,0.826566794701508
25.6666666666667,0.826568114081441
25.6833333333333,0.826569407350633
25.7,0.826570672891835
25.7166666666667,0.826571914197397
25.7333333333333,0.826573130214142
25.75,0.826574321168492
25.7666666666667,0.826575489445838
25.7833333333333,0.826576632636585
25.8,0.826577753948909
25.8166666666667,0.826578852748656
25.8333333333333,0.826579928837639
25.85,0.826580983822266
25.8666666666667,0.826582018105801
25.8833333333333,0.826583030784832
25.9,0.826584023505525
25.9166666666667,0.826584997237116
25.9333333333333,0.826585950199647
25.95,0.826586884940455
25.9666666666667,0.82658780115797
25.9833333333333,0.826588698550973
26,0.826589579307803
26.0166666666667,0.826590440905968
26.0333333333333,0.826591286727766
26.05,0.826592114898163
26.0666666666667,0.826592927157731
26.0833333333333,0.82659372323638
26.1,0.826594503374924
26.1166666666667,0.826595268620613
26.1333333333333,0.826596017941414
26.15,0.826596753528301
26.1666666666667,0.826597473368668
26.1833333333333,0.826598180297355
26.2,0.826598872007791
26.2166666666667,0.826599551303472
26.2333333333333,0.826600216180874
26.25,0.826600868946196
26.2666666666667,0.82660150805014
26.2833333333333,0.826602135463452
26.3,0.826602749759142
26.3166666666667,0.826603352834984
26.3333333333333,0.82660394330791
26.35,0.826604523108471
26.3666666666667,0.826605090666327
26.3833333333333,0.826605648120314
26.4,0.826606193673506
26.4166666666667,0.826606729668293
26.4333333333333,0.826607254152396
26.45,0.826607769353989
26.4666666666667,0.826608273743428
26.4833333333333,0.826608768841412
26.5,0.826609254468358
26.5166666666667,0.826609730099793
26.5333333333333,0.826610197206494
26.55,0.826610654833923
26.5666666666667,0.826611103772214
26.5833333333333,0.826611544245609
26.6,0.826611975725147
26.6166666666667,0.826612399024198
26.6333333333333,0.826612814118126
26.65,0.826613221714657
26.6666666666667,0.826613620713242
26.6833333333333,0.826614012669395
26.7,0.826614396710756
26.7166666666667,0.826614773457947
26.7333333333333,0.8266151433821
26.75,0.826615505508662
26.7666666666667,0.826615861237306
26.7833333333333,0.826616209993007
26.8,0.826616551927048
26.8166666666667,0.82661688781702
26.8333333333333,0.826617216682536
26.85,0.826617539558148
26.8666666666667,0.826617856554677
26.8833333333333,0.826618166935438
26.9,0.826618471818995
26.9166666666667,0.826618770910989
26.9333333333333,0.826619064006399
26.95,0.826619351910668
26.9666666666667,0.826619634195312
26.9833333333333,0.826619910976902
27,0.826620182837678
27.0166666666667,0.826620449404632
27.0333333333333,0.826620710765765
27.05,0.826620967478177
27.0666666666667,0.826621219284301
27.0833333333333,0.826621466094583
27.1,0.826621708518746
27.1166666666667,0.826621946467649
27.1333333333333,0.82662217955464
27.15,0.82662240849336
27.1666666666667,0.82662263335814
27.1833333333333,0.826622853582746
27.2,0.826623069793782
27.2166666666667,0.826623282160618
27.2333333333333,0.826623490471675
27.25,0.826623694678486
27.2666666666667,0.826623895252693
27.2833333333333,0.826624092243659
27.3,0.826624285260606
27.3166666666667,0.826624474701947
27.3333333333333,0.826624660766603
27.35,0.826624843515545
27.3666666666667,0.826625022488562
27.3833333333333,0.826625198242632
27.4,0.826625370861534
27.4166666666667,0.826625540402106
27.4333333333333,0.826625706473208
27.45,0.826625869544363
27.4666666666667,0.826626029686163
27.4833333333333,0.826626186952309
27.5,0.826626341328602
27.5166666666667,0.826626492606421
27.5333333333333,0.826626641176686
27.55,0.826626787034247
27.5666666666667,0.826626930277446
27.5833333333333,0.82662707090889
27.6,0.826627208977835
27.6166666666667,0.826627344506383
27.6333333333333,0.826627477402082
27.65,0.826627607844441
27.6666666666667,0.826627736011652
27.6833333333333,0.826627861943916
27.7,0.826627985324511
27.7166666666667,0.826628106501833
27.7333333333333,0.826628225561189
27.75,0.826628342504889
27.7666666666667,0.826628457247382
27.7833333333333,0.82662856979641
27.8,0.826628680340412
27.8166666666667,0.826628788928003
27.8333333333333,0.826628895577415
27.85,0.826629000324205
27.8666666666667,0.826629103101708
27.8833333333333,0.826629203934228
27.9,0.826629302978955
27.9166666666667,0.826629400255937
27.9333333333333,0.8266294957978
27.95,0.826629589636448
27.9666666666667,0.826629681803297
27.9833333333333,0.82662977232272
28,0.82662986108129
28.0166666666667,0.826629948255908
28.0333333333333,0.826630033880719
28.05,0.826630117984159
28.0666666666667,0.826630200590433
28.0833333333333,0.82663028173139
28.1,0.826630361430603
28.1166666666667,0.826630439714604
28.1333333333333,0.826630516589826
28.15,0.826630592001453
28.1666666666667,0.826630666085665
28.1833333333333,0.826630738855127
28.2,0.826630810334058
28.2166666666667,0.826630880546175
28.2333333333333,0.826630949514871
28.25,0.826631017256781
28.2666666666667,0.82663108380238
28.2833333333333,0.826631149169159
28.3,0.826631213378903
28.3166666666667,0.826631276452843
28.3333333333333,0.8266313384119
28.35,0.826631399272223
28.3666666666667,0.826631459027222
28.3833333333333,0.826631517708357
28.4,0.826631575355342
28.4166666666667,0.826631631987138
28.4333333333333,0.82663168762062
28.45,0.826631742280097
28.4666666666667,0.826631795977929
28.4833333333333,0.82663184873167
28.5,0.826631900558641
28.5166666666667,0.826631951475888
28.5333333333333,0.826632001495349
28.55,0.826632050642929
28.5666666666667,0.826632098928807
28.5833333333333,0.826632146368742
28.6,0.826632192978127
28.6166666666667,0.826632238772181
28.6333333333333,0.826632283762576
28.65,0.826632327970179
28.6666666666667,0.826632371406136
28.6833333333333,0.826632414084575
28.7,0.826632456019255
28.7166666666667,0.826632497223633
28.7333333333333,0.82663253770928
28.75,0.826632577493045
28.7666666666667,0.826632616585707
28.7833333333333,0.826632654999775
28.8,0.826632692747607
28.8166666666667,0.826632729841231
28.8333333333333,0.826632766289732
28.85,0.826632802112261
28.8666666666667,0.826632837316013
28.8833333333333,0.82663287191205
28.9,0.826632905911272
28.9166666666667,0.82663293932449
28.9333333333333,0.826632972160978
28.95,0.826633004438929
28.9666666666667,0.826633036162852
28.9833333333333,0.826633067339316
29,0.82663309795104
29.0166666666667,0.826633128039048
29.0333333333333,0.826633157612679
29.05,0.826633186632001
29.0666666666667,0.826633215210984
29.0833333333333,0.826633243355765
29.1,0.826633270976013
29.1166666666667,0.826633298125697
29.1333333333333,0.826633324813295
29.15,0.826633351012941
29.1666666666667,0.826633376769864
29.1833333333333,0.826633402091637
29.2,0.826633426985963
29.2166666666667,0.826633451460348
29.2333333333333,0.826633475521983
29.25,0.826633499163914
29.2666666666667,0.826633522410652
29.2833333333333,0.826633545262594
29.3,0.826633567726755
29.3166666666667,0.826633589810005
29.3333333333333,0.826633611519035
29.35,0.826633632853646
29.3666666666667,0.826633653832496
29.3833333333333,0.826633674458072
29.4,0.826633694736514
29.4166666666667,0.82663371467387
29.4333333333333,0.826633734276099
29.45,0.826633753544789
29.4666666666667,0.826633772509401
29.4833333333333,0.82663379113633
29.5,0.826633809424645
29.5166666666667,0.826633827414232
29.5333333333333,0.826633845109947
29.55,0.826633862516585
29.5666666666667,0.826633879638509
29.5833333333333,0.826633896482698
29.6,0.826633913023883
29.6166666666667,0.826633929268466
29.6333333333333,0.826633945249853
29.65,0.826633960972276
29.6666666666667,0.826633976439887
29.6833333333333,0.826633991656115
29.7,0.826634006630503
29.7166666666667,0.826634021307497
29.7333333333333,0.826634035747942
29.75,0.826634049957653
29.7666666666667,0.826634063940229
29.7833333333333,0.82663407769922
29.8,0.826634091238111
29.8166666666667,0.826634104505753
29.8333333333333,0.826634117563435
29.85,0.826634130414921
29.8666666666667,0.826634143063324
29.8833333333333,0.826634155511704
29.9,0.826634167740118
29.9166666666667,0.826634179745144
29.9333333333333,0.826634191558266
29.95,0.826634203191128
29.9666666666667,0.826634214644807
29.9833333333333,0.826634225896766
30,0.826634236939422
30.0166666666667,0.826634247812955
30.0333333333333,0.826634258519687
30.05,0.826634269061924
30.0666666666667,0.826634279406261
30.0833333333333,0.826634289569109
30.1,0.826634299580477
30.1166666666667,0.826634309441786
30.1333333333333,0.826634319141367
30.15,0.826634328648134
30.1666666666667,0.826634338013203
30.1833333333333,0.826634347238378
30.2,0.826634356325463
30.2166666666667,0.826634365226151
30.2333333333333,0.826634373986059
30.25,0.82663438261963
30.2666666666667,0.826634391127567
30.2833333333333,0.826634399461163
30.3,0.82663440766348
30.3166666666667,0.826634415747089
30.3333333333333,0.82663442371331
30.35,0.826634431514723
30.3666666666667,0.826634439195455
30.3833333333333,0.826634446764316
30.4,0.826634454228047
30.4166666666667,0.826634461525499
30.4333333333333,0.826634468721691
30.45,0.82663447581753
30.4666666666667,0.826634482792067
30.4833333333333,0.826634489632837
30.5,0.826634496378685
30.5166666666667,0.826634503030478
30.5333333333333,0.826634509548882
30.55,0.826634515961179
30.5666666666667,0.826634522287599
30.5833333333333,0.826634528514153
30.6,0.826634534613259
30.6166666666667,0.826634540630628
30.6333333333333,0.826634546566835
30.65,0.826634552378433
30.6666666666667,0.826634558102186
30.6833333333333,0.826634563749091
30.7,0.826634569300018
30.7166666666667,0.826634574744801
30.7333333333333,0.826634580116322
30.75,0.826634585417487
30.7666666666667,0.826634590597135
30.7833333333333,0.826634595709687
30.8,0.826634600755499
30.8166666666667,0.826634605698752
30.8333333333333,0.826634610564546
30.85,0.826634615367079
30.8666666666667,0.826634620085665
30.8833333333333,0.826634624716889
30.9,0.826634629287644
30.9166666666667,0.826634633790742
30.9333333333333,0.826634638199199
30.95,0.826634642553059
30.9666666666667,0.826634646846983
30.9833333333333,0.826634651045587
31,0.826634655192335
31.0166666666667,0.826634659287097
31.0333333333333,0.826634663286119
31.05,0.826634667235227
31.0666666666667,0.826634671138198
31.0833333333333,0.826634674948224
31.1,0.826634678712913
31.1166666666667,0.826634682431443
31.1333333333333,0.826634686062358
31.15,0.826634689650912
31.1666666666667,0.826634693193142
31.1833333333333,0.826634696654384
31.2,0.826634700074343
31.2166666666667,0.826634703446767
31.2333333333333,0.826634706747235
31.25,0.826634710013672
31.2666666666667,0.826634713218569
31.2833333333333,0.826634716370076
31.3,0.826634719488908
31.3166666666667,0.826634722534828
31.3333333333333,0.826634725544179
31.35,0.826634728513658
31.3666666666667,0.826634731416679
31.3833333333333,0.826634734291333
31.4,0.826634737112172
31.4166666666667,0.826634739886218
31.4333333333333,0.826634742632847
31.45,0.826634745312116
31.4666666666667,0.826634747962922
31.4833333333333,0.826634750574183
31.5,0.826634753132311
31.5166666666667,0.826634755665272
31.5333333333333,0.826634758145198
31.55,0.826634760590555
31.5666666666667,0.826634763006666
31.5833333333333,0.826634765366903
31.6,0.826634767705362
31.6166666666667,0.826634769998744
31.6333333333333,0.826634772256041
31.65,0.826634774490517
31.6666666666667,0.826634776669375
31.6833333333333,0.826634778827984
31.7,0.826634780948426
31.7166666666667,0.826634783033239
31.7333333333333,0.826634785097851
31.75,0.826634787110783
31.7666666666667,0.826634789107161
31.7833333333333,0.8266347910645
31.8,0.826634792992344
31.8166666666667,0.826634794898227
31.8333333333333,0.82663479675976
31.85,0.826634798605943
31.8666666666667,0.826634800412965
31.8833333333333,0.826634802195388
31.9,0.826634803954015
31.9166666666667,0.826634805676656
31.9333333333333,0.826634807387211
31.95,0.826634809051551
31.9666666666667,0.826634810704967
31.9833333333333,0.82663481232339
32,0.826634813921092
32.0166666666667,0.826634815495373
32.0333333333333,0.826634817039178
32.05,0.826634818570516
32.0666666666667,0.826634820062219
32.0833333333333,0.826634821543989
32.1,0.826634822992371
32.1166666666667,0.826634824425679
32.1333333333333,0.826634825833287
32.15,0.826634827219145
32.1666666666667,0.826634828587146
32.1833333333333,0.826634829927142
32.2,0.826634831256704
32.2166666666667,0.826634832552353
32.2333333333333,0.826634833841392
32.25,0.826634835097301
32.2666666666667,0.826634836343804
32.2833333333333,0.82663483756447
32.3,0.826634838769863
32.3166666666667,0.826634839956309
32.3333333333333,0.826634841121263
32.35,0.826634842273362
32.3666666666667,0.826634843401892
32.3833333333333,0.826634844519642
32.4,0.826634845612527
32.4166666666667,0.826634846696972
32.4333333333333,0.826634847755341
32.45,0.826634848807474
32.4666666666667,0.826634849832432
32.4833333333333,0.826634850853235
32.5,0.826634851845864
32.5166666666667,0.826634852836301
32.5333333333333,0.826634853797631
32.55,0.826634854757194
32.5666666666667,0.826634855688986
32.5833333333333,0.826634856620113
32.6,0.826634857523014
32.6166666666667,0.826634858425916
32.6333333333333,0.826634859300921
32.65,0.826634860175849
32.6666666666667,0.826634861024445
32.6833333333333,0.826634861872271
32.7,0.826634862695267
32.7166666666667,0.826634863516843
32.7333333333333,0.826634864315032
32.75,0.826634865111194
32.7666666666667,0.826634865885334
32.7833333333333,0.826634866656878
32.8,0.826634867407239
32.8166666666667,0.826634868154403
32.8333333333333,0.826634868883446
32.85,0.826634869606501
32.8666666666667,0.826634870314766
32.8833333333333,0.82663487101451
32.9,0.826634871702589
32.9166666666667,0.826634872379778
32.9333333333333,0.826634873048237
32.95,0.826634873703602
32.9666666666667,0.826634874353001
32.9833333333333,0.826634874987267
33,0.826634875618154
33.0166666666667,0.826634876232013
33.0333333333333,0.826634876844915
33.05,0.826634877438983
33.0666666666667,0.826634878033049
33.0833333333333,0.826634878609415
33.1,0.826634879184304
33.1166666666667,0.826634879744408
33.1333333333333,0.826634880300761
33.15,0.826634880845054
33.1666666666667,0.826634881383468
33.1833333333333,0.826634881912383
33.2,0.826634882433431
33.2166666666667,0.826634882947403
33.2333333333333,0.826634883451671
33.25,0.826634883951131
33.2666666666667,0.826634884439172
33.2833333333333,0.826634884924525
33.3,0.826634885396845
33.3166666666667,0.826634885868451
33.3333333333333,0.826634886325157
33.35,0.826634886781863
33.3666666666667,0.826634887226168
33.3833333333333,0.826634887667354
33.4,0.826634888100269
33.4166666666667,0.826634888526482
33.4333333333333,0.826634888948274
33.45,0.826634889360024
33.4666666666667,0.826634889770951
33.4833333333333,0.826634890168732
33.5,0.826634890566513
33.5166666666667,0.826634890953341
33.5333333333333,0.826634891337639
33.55,0.82663489171457
33.5666666666667,0.826634892085844
33.5833333333333,0.826634892453014
33.6,0.82663489281142
33.6166666666667,0.826634893169826
33.6333333333333,0.826634893515951
33.65,0.826634893861672
33.6666666666667,0.826634894199841
33.6833333333333,0.826634894533331
33.7,0.826634894863673
33.7166666666667,0.826634895185358
33.7333333333333,0.826634895507043
33.75,0.826634895818311
33.7666666666667,0.826634896128623
33.7833333333333,0.82663489643274
33.8,0.826634896732091
33.8166666666667,0.826634897029172
33.8333333333333,0.826634897317939
33.85,0.826634897606706
33.8666666666667,0.82663489788666
33.8833333333333,0.826634898165224
33.9,0.8266348984385
33.9166666666667,0.826634898706755
33.9333333333333,0.826634898975009
33.95,0.826634899233641
33.9666666666667,0.826634899491497
33.9833333333333,0.82663489974597
34,0.826634899993817
34.0166666666667,0.826634900241663
34.0333333333333,0.826634900482307
34.05,0.826634900720558
34.0666666666667,0.826634900957306
34.0833333333333,0.826634901186342
34.1,0.826634901415377
34.1166666666667,0.826634901639299
34.1333333333333,0.826634901859451
34.15,0.826634902079604
34.1666666666667,0.826634902291334
34.1833333333333,0.826634902502963
34.2,0.826634902711241
34.2166666666667,0.826634902914507
34.2333333333333,0.826634903117774
34.25,0.826634903315375
34.2666666666667,0.826634903510397
34.2833333333333,0.826634903705419
34.3,0.826634903892735
34.3166666666667,0.826634904079842
34.3333333333333,0.826634904264984
34.35,0.826634904444534
34.3666666666667,0.826634904624084
34.3833333333333,0.826634904799665
34.4,0.826634904971954
34.4166666666667,0.826634905144242
34.4333333333333,0.826634905310704
34.45,0.826634905475998
34.4666666666667,0.826634905640495
34.4833333333333,0.826634905799112
34.5,0.826634905957729
34.5166666666667,0.826634906113724
34.5333333333333,0.826634906265884
34.55,0.826634906418044
34.5666666666667,0.826634906566194
34.5833333333333,0.82663490671206
34.6,0.826634906857926
34.6166666666667,0.82663490699858
34.6333333333333,0.826634907138443
34.65,0.826634907277732
34.6666666666667,0.826634907411831
34.6833333333333,0.826634907545929
34.7,0.826634907678196
34.7166666666667,0.826634907806763
34.7333333333333,0.826634907935328
34.75,0.826634908060921
34.7666666666667,0.8266349081842
34.7833333333333,0.826634908307478
34.8,0.826634908426637
34.8166666666667,0.826634908544725
34.8333333333333,0.826634908662813
34.85,0.826634908776392
34.8666666666667,0.826634908889364
34.8833333333333,0.826634909002335
34.9,0.82663490911057
34.9166666666667,0.826634909218652
34.9333333333333,0.826634909326471
34.95,0.826634909429899
34.9666666666667,0.826634909533326
34.9833333333333,0.826634909636109
35,0.826634909735054
35.0166666666667,0.826634909833999
35.0333333333333,0.826634909931956
35.05,0.826634910026635
35.0666666666667,0.826634910121313
35.0833333333333,0.826634910214692
35.1,0.826634910305295
35.1166666666667,0.826634910395898
35.1333333333333,0.826634910484812
35.15,0.82663491057126
35.1666666666667,0.826634910657708
35.1833333333333,0.826634910743536
35.2,0.826634910825831
35.2166666666667,0.826634910908126
35.2333333333333,0.82663491099042
35.25,0.826634911069193
35.2666666666667,0.826634911147541
35.2833333333333,0.826634911225889
35.3,0.826634911301834
35.3166666666667,0.826634911376401
35.3333333333333,0.826634911450968
35.35,0.826634911524175
35.3666666666667,0.826634911595147
35.3833333333333,0.82663491166612
35.4,0.826634911736681
35.4166666666667,0.826634911804257
35.4333333333333,0.826634911871833
35.45,0.82663491193941
35.4666666666667,0.826634912004179
35.4833333333333,0.826634912068509
35.5,0.826634912132838
35.5166666666667,0.82663491219528
35.5333333333333,0.826634912256501
35.55,0.826634912317722
35.5666666666667,0.826634912377909
35.5833333333333,0.826634912436177
35.6,0.826634912494445
35.6166666666667,0.826634912552575
35.6333333333333,0.826634912608022
35.65,0.82663491266347
35.6666666666667,0.826634912718918
35.6833333333333,0.826634912772337
35.7,0.826634912825072
35.7166666666667,0.826634912877807
35.7333333333333,0.826634912929393
35.75,0.826634912979554
35.7666666666667,0.826634913029716
35.7833333333333,0.826634913079526
35.8,0.826634913127269
35.8166666666667,0.826634913175011
35.8333333333333,0.826634913222754
35.85,0.826634913268525
35.8666666666667,0.826634913313931
35.8833333333333,0.826634913359337
35.9,0.826634913403548
35.9166666666667,0.826634913446751
35.9333333333333,0.826634913489953
35.95,0.826634913532636
35.9666666666667,0.826634913573682
35.9833333333333,0.826634913614728
36,0.826634913655775
36.0166666666667,0.826634913695298
36.0333333333333,0.82663491373421
36.05,0.826634913773122
36.0666666666667,0.826634913811656
36.0833333333333,0.82663491384854
36.1,0.826634913885423
36.1166666666667,0.826634913922307
36.1333333333333,0.826634913957938
36.15,0.826634913992923
36.1666666666667,0.826634914027908
36.1833333333333,0.826634914062654
36.2,0.826634914095833
36.2166666666667,0.826634914129013
36.2333333333333,0.826634914162192
36.25,0.826634914194323
36.2666666666667,0.82663491422577
36.2833333333333,0.826634914257216
36.3,0.826634914288535
36.3166666666667,0.826634914318355
36.3333333333333,0.826634914348174
36.35,0.826634914377993
36.3666666666667,0.826634914406969
36.3833333333333,0.826634914435256
36.4,0.826634914463544
36.4166666666667,0.826634914491822
36.4333333333333,0.826634914518631
36.45,0.826634914545439
36.4666666666667,0.826634914572247
36.4833333333333,0.826634914598407
36.5,0.826634914623809
36.5166666666667,0.826634914649211
36.5333333333333,0.826634914674613
36.55,0.826634914698819
36.5666666666667,0.826634914722916
36.5833333333333,0.826634914747013
36.6,0.826634914770646
36.6166666666667,0.826634914793496
36.6333333333333,0.826634914816346
36.65,0.826634914839196
36.6666666666667,0.826634914861048
36.6833333333333,0.826634914882692
36.7,0.826634914904336
36.7166666666667,0.826634914925667
36.7333333333333,0.826634914946202
36.75,0.826634914966736
36.7666666666667,0.826634914987271
36.7833333333333,0.826634915007017
36.8,0.826634915026483
36.8166666666667,0.826634915045948
36.8333333333333,0.826634915065211
36.85,0.826634915083622
36.8666666666667,0.826634915102033
36.8833333333333,0.826634915120445
36.9,0.826634915138417
36.9166666666667,0.826634915155826
36.9333333333333,0.826634915173234
36.95,0.826634915190641
36.9666666666667,0.826634915207406
36.9833333333333,0.826634915223871
37,0.826634915240335
37.0166666666667,0.8266349152568
37.0333333333333,0.826634915272415
37.05,0.826634915287963
37.0666666666667,0.82663491530351
37.0833333333333,0.82663491531891
37.1,0.826634915333598
37.1166666666667,0.826634915348285
37.1333333333333,0.826634915362973
37.15,0.826634915377333
37.1666666666667,0.826634915391231
37.1833333333333,0.826634915405128
37.2,0.826634915419026
37.2166666666667,0.826634915432419
37.2333333333333,0.826634915445552
37.25,0.826634915458684
37.2666666666667,0.826634915471817
37.2833333333333,0.826634915484256
37.3,0.826634915496621
37.3166666666667,0.826634915508987
37.3333333333333,0.826634915521352
37.35,0.826634915533132
37.3666666666667,0.826634915544779
37.3833333333333,0.826634915556426
37.4,0.826634915568074
37.4166666666667,0.826634915579205
37.4333333333333,0.826634915590142
37.45,0.826634915601081
37.4666666666667,0.826634915612019
37.4833333333333,0.826634915622541
37.5,0.82663491563283
37.5166666666667,0.826634915643119
37.5333333333333,0.826634915653407
37.55,0.826634915663366
37.5666666666667,0.826634915673057
37.5833333333333,0.826634915682748
37.6,0.826634915692439
37.6166666666667,0.826634915701858
37.6333333333333,0.826634915710963
37.65,0.826634915720069
37.6666666666667,0.826634915729174
37.6833333333333,0.826634915738062
37.7,0.82663491574659
37.7166666666667,0.826634915755118
37.7333333333333,0.826634915763646
37.75,0.826634915772174
37.7666666666667,0.826634915780207
37.7833333333333,0.826634915788196
37.8,0.826634915796186
37.8166666666667,0.826634915804177
37.8333333333333,0.826634915811928
37.85,0.826634915819406
37.8666666666667,0.826634915826884
37.8833333333333,0.826634915834362
37.9,0.826634915841834
37.9166666666667,0.826634915848811
37.9333333333333,0.826634915855788
37.95,0.826634915862765
37.9666666666667,0.826634915869742
37.9833333333333,0.82663491587647
38,0.826634915883001
38.0166666666667,0.826634915889531
38.0333333333333,0.826634915896061
38.05,0.826634915902551
38.0666666666667,0.826634915908673
38.0833333333333,0.826634915914796
38.1,0.826634915920919
38.1166666666667,0.826634915927041
38.1333333333333,0.826634915932894
38.15,0.826634915938599
38.1666666666667,0.826634915944304
38.1833333333333,0.826634915950009
38.2,0.826634915955714
38.2166666666667,0.82663491596103
38.2333333333333,0.826634915966343
38.25,0.826634915971656
38.2666666666667,0.826634915976968
38.2833333333333,0.826634915982166
38.3,0.826634915987138
38.3166666666667,0.82663491599211
38.3333333333333,0.826634915997083
38.35,0.826634916002055
38.3666666666667,0.826634916006795
38.3833333333333,0.826634916011429
38.4,0.826634916016063
38.4166666666667,0.826634916020698
38.4333333333333,0.826634916025321
38.45,0.826634916029626
38.4666666666667,0.826634916033932
38.4833333333333,0.826634916038237
38.5,0.826634916042543
38.5166666666667,0.826634916046743
38.5333333333333,0.82663491605077
38.55,0.826634916054798
38.5666666666667,0.826634916058826
38.5833333333333,0.826634916062853
38.6,0.826634916066673
38.6166666666667,0.826634916070414
38.6333333333333,0.826634916074155
38.65,0.826634916077896
38.6666666666667,0.826634916081637
38.6833333333333,0.826634916085225
38.7,0.826634916088684
38.7166666666667,0.826634916092143
38.7333333333333,0.826634916095602
38.75,0.826634916099061
38.7666666666667,0.826634916102429
38.7833333333333,0.826634916105632
38.8,0.826634916108834
38.8166666666667,0.826634916112037
38.8333333333333,0.826634916115239
38.85,0.826634916118402
38.8666666666667,0.826634916121367
38.8833333333333,0.826634916124331
38.9,0.826634916127296
38.9166666666667,0.82663491613026
38.9333333333333,0.826634916133225
38.95,0.826634916135967
38.9666666666667,0.826634916138705
38.9833333333333,0.826634916141443
39,0.82663491614418
39.0166666666667,0.826634916146918
39.0333333333333,0.826634916149494
39.05,0.826634916152028
39.0666666666667,0.826634916154562
39.0833333333333,0.826634916157096
39.1,0.826634916159629
39.1166666666667,0.826634916162048
39.1333333333333,0.826634916164392
39.15,0.826634916166737
39.1666666666667,0.826634916169081
39.1833333333333,0.826634916171425
39.2,0.826634916173735
39.2166666666667,0.826634916175892
39.2333333333333,0.82663491617805
39.25,0.826634916180208
39.2666666666667,0.826634916182365
39.2833333333333,0.826634916184523
39.3,0.826634916186551
39.3166666666667,0.826634916188538
39.3333333333333,0.826634916190526
39.35,0.826634916192513
39.3666666666667,0.8266349161945
39.3833333333333,0.826634916196437
39.4,0.826634916198274
39.4166666666667,0.826634916200111
39.4333333333333,0.826634916201949
39.45,0.826634916203785
39.4666666666667,0.826634916205623
39.4833333333333,0.826634916207328
39.5,0.826634916209019
39.5166666666667,0.826634916210712
39.5333333333333,0.826634916212404
39.55,0.826634916214096
39.5666666666667,0.826634916215722
39.5833333333333,0.826634916217278
39.6,0.826634916218834
39.6166666666667,0.82663491622039
39.6333333333333,0.826634916221947
39.65,0.826634916223494
39.6666666666667,0.826634916224917
39.6833333333333,0.826634916226341
39.7,0.826634916227764
39.7166666666667,0.826634916229187
39.7333333333333,0.82663491623061
39.75,0.826634916232033
39.7666666666667,0.826634916233437
39.7833333333333,0.826634916234721
39.8,0.826634916236005
39.8166666666667,0.826634916237289
39.8333333333333,0.826634916238573
39.85,0.826634916239857
39.8666666666667,0.826634916241141
39.8833333333333,0.826634916242396
39.9,0.826634916243548
39.9166666666667,0.8266349162447
39.9333333333333,0.826634916245852
39.95,0.826634916247003
39.9666666666667,0.826634916248155
39.9833333333333,0.826634916249307
40,0.826634916250443
40.0166666666667,0.826634916251539
