-9.98333333333333,25.128839391825
-9.96666666666667,25.1211504945651
-9.95,25.1212480094938
-9.93333333333333,25.1213432835701
-9.91666666666667,25.1214365202109
-9.9,25.1215275938086
-9.88333333333333,25.1216167185918
-9.86666666666667,25.121703641702
-9.85,25.1217888027927
-9.83333333333333,25.1218720621648
-9.81666666666667,25.1219534623682
-9.8,25.1220330450007
-9.78333333333333,25.1221108507285
-9.76666666666667,25.1221867840167
-9.75,25.1222612093853
-9.73333333333333,25.1223340682681
-9.71666666666667,25.1224051456062
-9.7,25.1224744968539
-9.68333333333333,25.1225423953852
-9.66666666666667,25.1226088685081
-9.65,25.1226739431344
-9.63333333333333,25.1227374596274
-9.61666666666667,25.1227990793767
-9.6,25.1228601687737
-9.58333333333333,25.1229191641961
-9.56666666666667,25.1229773275844
-9.55,25.1230340169802
-9.53333333333333,25.1230893901077
-9.51666666666667,25.1231438638444
-9.5,25.1231965763032
-9.48333333333333,25.1232487972302
-9.46666666666667,25.1232990967021
-9.45,25.1233488186242
-9.43333333333333,25.1233971528093
-9.41666666666667,25.123444488315
-9.4,25.1234909279842
-9.38333333333333,25.1235360009044
-9.36666666666667,25.1235806144606
-9.35,25.1236235269685
-9.33333333333333,25.1236660644981
-9.31666666666667,25.123707239003
-9.3,25.123747746095
-9.28333333333333,25.1237873020855
-9.26666666666667,25.1238258729101
-9.25,25.1238638741926
-9.23333333333333,25.123900598643
-9.21666666666667,25.1239369942996
-9.2,25.123972031125
-9.18333333333333,25.1240067719047
-9.16666666666667,25.124040361695
-9.15,25.1240734897239
-9.13333333333333,25.124105692426
-9.11666666666667,25.1241372818873
-9.1,25.1241681549599
-9.08333333333333,25.1241982766513
-9.06666666666667,25.1242278751679
-9.05,25.1242565966554
-9.03333333333333,25.1242849734037
-9.01666666666667,25.1243123591678
-9,25.1243395647447
-8.98333333333333,25.1243656501218
-8.96666666666667,25.1243916943162
-8.95,25.1244166234186
-8.93333333333333,25.1244415023689
-8.91666666666667,25.1244653534613
-8.9,25.1244891194212
-8.88333333333333,25.1245119392816
-8.86666666666667,25.1245346421587
-8.85,25.1245564755305
-8.83333333333333,25.1245781629917
-8.81666666666667,25.1245990526725
-8.8,25.1246197702446
-8.78333333333333,25.124639757171
-8.76666666666667,25.1246595433776
-8.75,25.1246786448275
-8.73333333333333,25.1246976074005
-8.71666666666667,25.1247158415489
-8.7,25.1247339982423
-8.68333333333333,25.1247514046184
-8.66666666666667,25.1247687896508
-8.65,25.1247854059777
-8.63333333333333,25.1248020223046
-8.61666666666667,25.1248179143961
-8.6,25.1248337766732
-8.58333333333333,25.1248489956105
-8.56666666666667,25.1248641381927
-8.55,25.1248787124593
-8.53333333333333,25.124893168132
-8.51666666666667,25.124907111689
-8.5,25.1249208942309
-8.48333333333333,25.1249342946129
-8.46666666666667,25.1249474185616
-8.45,25.1249602918792
-8.43333333333333,25.1249727888384
-8.41666666666667,25.1249851549512
-8.4,25.1249970550038
-8.38333333333333,25.1250089330769
-8.36666666666667,25.1250202648581
-8.35,25.1250315966394
-8.33333333333333,25.1250424641507
-8.31666666666667,25.1250532549182
-8.3,25.1250636966665
-8.28333333333333,25.1250739723664
-8.26666666666667,25.1250839974632
-8.25,25.1250937690212
-8.23333333333333,25.1251034470566
-8.21666666666667,25.1251127260248
-8.2,25.1251220049929
-8.18333333333333,25.1251308712077
-8.16666666666667,25.1251396825353
-8.15,25.125148238409
-8.13333333333333,25.1251566057777
-8.11666666666667,25.1251648601178
-8.1,25.1251728060061
-8.08333333333333,25.1251807518944
-8.06666666666667,25.125188313268
-8.05,25.1251958590125
-8.03333333333333,25.1252031564178
-8.01666666666667,25.1252103222712
-8,25.1252173594507
-7.98333333333333,25.1252241539316
-7.96666666666667,25.1252309484125
-7.95,25.1252374177716
-7.93333333333333,25.1252438499131
-7.91666666666667,25.125250128399
-7.9,25.1252562176272
-7.88333333333333,25.1252623068554
-7.86666666666667,25.1252680719105
-7.85,25.125273836606
-7.83333333333333,25.1252794324676
-7.81666666666667,25.1252848900224
-7.8,25.1252903183636
-7.78333333333333,25.1252954852339
-7.76666666666667,25.1253006521043
-7.75,25.1253056397926
-7.73333333333333,25.1253105315497
-7.71666666666667,25.1253153690275
-7.7,25.1253199922164
-7.68333333333333,25.1253246154054
-7.66666666666667,25.1253290834923
-7.65,25.125333445075
-7.63333333333333,25.1253378066578
-7.61666666666667,25.1253419255578
-7.6,25.1253460404267
-7.58333333333333,25.1253500681742
-7.56666666666667,25.1253539503705
-7.55,25.1253578325667
-7.53333333333333,25.1253615468489
-7.51666666666667,25.1253652096111
-7.5,25.1253688400905
-7.48333333333333,25.1253722959009
-7.46666666666667,25.1253757517113
-7.45,25.1253791008018
-7.43333333333333,25.1253823614295
-7.41666666666667,25.1253856220571
-7.4,25.125388704328
-7.38333333333333,25.1253917747179
-7.36666666666667,25.1253948179713
-7.35,25.1253977034007
-7.33333333333333,25.1254005888301
-7.31666666666667,25.1254034124277
-7.3,25.1254061241152
-7.28333333333333,25.1254088358028
-7.26666666666667,25.1254114552699
-7.25,25.1254140037504
-7.23333333333333,25.1254165522309
-7.21666666666667,25.1254189820124
-7.2,25.1254213771788
-7.18333333333333,25.1254237723452
-7.16666666666667,25.1254260258802
-7.15,25.1254282770229
-7.13333333333333,25.1254305021126
-7.11666666666667,25.1254326179562
-7.1,25.1254347337997
-7.08333333333333,25.1254367967613
-7.06666666666667,25.1254387809683
-7.05,25.1254407651752
-7.03333333333333,25.1254426978999
-7.01666666666667,25.1254445543937
-7,25.1254464108876
-6.98333333333333,25.1254482190738
-6.96666666666667,25.1254499561395
-6.95,25.1254516932051
-6.93333333333333,25.1254533849414
-6.91666666666667,25.1254550103233
-6.9,25.1254566357053
-6.88333333333333,25.1254582185518
-6.86666666666667,25.1254597394896
-6.85,25.1254612604273
-6.83333333333333,25.1254627414508
-6.81666666666667,25.1254641647119
-6.8,25.125465587973
-6.78333333333333,25.1254669737789
-6.76666666666667,25.1254683056899
-6.75,25.1254696376009
-6.73333333333333,25.1254709330207
-6.71666666666667,25.1254721762318
-6.7,25.1254734194428
-6.68333333333333,25.1254746478266
-6.66666666666667,25.1254758051892
-6.65,25.1254769625519
-6.63333333333333,25.1254781199146
-6.61666666666667,25.1254792026798
-6.6,25.1254802801761
-6.58333333333333,25.1254813576724
-6.56666666666667,25.1254823835021
-6.55,25.1254833866945
-6.53333333333333,25.1254843898869
-6.51666666666667,25.1254853615101
-6.5,25.1254862955713
-6.48333333333333,25.1254872296324
-6.46666666666667,25.1254881496734
-6.45,25.1254890194134
-6.43333333333333,25.1254898891533
-6.41666666666667,25.1254907588932
-6.4,25.125491570025
-6.38333333333333,25.1254923799169
-6.36666666666667,25.1254931898089
-6.35,25.1254939567615
-6.33333333333333,25.1254947086741
-6.31666666666667,25.1254954605867
-6.3,25.1254962000965
-6.28333333333333,25.1254968960508
-6.26666666666667,25.125497592005
-6.25,25.1254982879593
-6.23333333333333,25.1254989475494
-6.21666666666667,25.1254995917538
-6.2,25.1255002359582
-6.18333333333333,25.1255008713688
-6.16666666666667,25.125501467713
-6.15,25.1255020640572
-6.13333333333333,25.1255026604013
-6.11666666666667,25.1255032273187
-6.1,25.1255037793976
-6.08333333333333,25.1255043314766
-6.06666666666667,25.1255048775849
-6.05,25.1255053887216
-6.03333333333333,25.1255058998583
-6.01666666666667,25.1255064109949
-6,25.1255068983912
-5.98333333333333,25.1255073716571
-5.96666666666667,25.125507844923
-5.95,25.1255083142397
-5.93333333333333,25.1255087509149
-5.91666666666667,25.12550918759
-5.9,25.1255096242652
-5.88333333333333,25.1255100518536
-5.86666666666667,25.1255104533301
-5.85,25.1255108548065
-5.83333333333333,25.125511256283
-5.81666666666667,25.1255116445578
-5.8,25.125512013708
-5.78333333333333,25.1255123828582
-5.76666666666667,25.1255127520084
-5.75,25.125513104573
-5.73333333333333,25.1255134440328
-5.71666666666667,25.1255137834926
-5.7,25.1255141229524
-5.68333333333333,25.125514443081
-5.66666666666667,25.1255147552695
-5.65,25.1255150674579
-5.63333333333333,25.1255153796464
-5.61666666666667,25.1255156703139
-5.6,25.1255159574511
-5.58333333333333,25.1255162445884
-5.56666666666667,25.1255165315114
-5.55,25.1255167956351
-5.53333333333333,25.1255170597588
-5.51666666666667,25.1255173238825
-5.5,25.1255175844695
-5.48333333333333,25.1255178264248
-5.46666666666667,25.1255180683801
-5.45,25.1255183103354
-5.43333333333333,25.1255185522907
-5.41666666666667,25.1255187748409
-5.4,25.1255189955532
-5.38333333333333,25.1255192162654
-5.36666666666667,25.1255194369776
-5.35,25.1255196447749
-5.33333333333333,25.1255198461366
-5.31666666666667,25.1255200474982
-5.3,25.1255202488598
-5.28333333333333,25.1255204427935
-5.26666666666667,25.1255206265265
-5.25,25.1255208102595
-5.23333333333333,25.1255209939925
-5.21666666666667,25.12552117491
-5.2,25.1255213425816
-5.18333333333333,25.1255215102532
-5.16666666666667,25.1255216779247
-5.15,25.1255218455963
-5.13333333333333,25.1255219996683
-5.11666666666667,25.1255221527047
-5.1,25.125522305741
-5.08333333333333,25.1255224587774
-5.06666666666667,25.1255226027022
-5.05,25.1255227424016
-5.03333333333333,25.1255228821009
-5.01666666666667,25.1255230218003
-5,25.1255231559036
-4.98333333333333,25.1255232828007
-4.96666666666667,25.1255234096979
-4.95,25.1255235365951
-4.93333333333333,25.1255236634923
-4.91666666666667,25.1255237817375
-4.9,25.1255238964228
-4.88333333333333,25.1255240111082
-4.86666666666667,25.1255241257936
-4.85,25.125524240479
-4.83333333333333,25.12552434437
-4.81666666666667,25.1255244480393
-4.8,25.1255245517086
-4.78333333333333,25.1255246553779
-4.76666666666667,25.12552475655
-4.75,25.1255248502804
-4.73333333333333,25.1255249440107
-4.71666666666667,25.125525037741
-4.7,25.1255251314714
-4.68333333333333,25.1255252205145
-4.66666666666667,25.1255253052763
-4.65,25.125525390038
-4.63333333333333,25.1255254747998
-4.61666666666667,25.1255255595616
-4.6,25.1255256378965
-4.58333333333333,25.1255257145641
-4.56666666666667,25.1255257912317
-4.55,25.1255258678992
-4.53333333333333,25.1255259440891
-4.51666666666667,25.1255260134504
-4.5,25.1255260828118
-4.48333333333333,25.1255261521731
-4.46666666666667,25.1255262215345
-4.45,25.1255262885437
-4.43333333333333,25.1255263509207
-4.41666666666667,25.1255264132976
-4.4,25.1255264756745
-4.38333333333333,25.1255265380514
-4.36666666666667,25.1255266003666
-4.35,25.1255266561178
-4.33333333333333,25.125526711869
-4.31666666666667,25.1255267676202
-4.3,25.1255268233715
-4.28333333333333,25.1255268791227
-4.26666666666667,25.1255269308458
-4.25,25.1255269806898
-4.23333333333333,25.1255270305339
-4.21666666666667,25.1255270803779
-4.2,25.1255271302219
-4.18333333333333,25.1255271781987
-4.16666666666667,25.1255272227748
-4.15,25.125527267351
-4.13333333333333,25.1255273119272
-4.11666666666667,25.1255273565034
-4.1,25.1255274009525
-4.08333333333333,25.1255274408299
-4.06666666666667,25.1255274807072
-4.05,25.1255275205846
-4.03333333333333,25.1255275604619
-4.01666666666667,25.1255276003393
-4,25.1255276372837
-3.98333333333333,25.1255276729687
-3.96666666666667,25.1255277086538
-3.95,25.1255277443388
-3.93333333333333,25.1255277800238
-3.91666666666667,25.1255278143165
-3.9,25.1255278462602
-3.88333333333333,25.125527878204
-3.86666666666667,25.1255279101477
-3.85,25.1255279420915
-3.83333333333333,25.1255279738791
-3.81666666666667,25.1255280023337
-3.8,25.1255280307882
-3.78333333333333,25.1255280592427
-3.76666666666667,25.1255280876973
-3.75,25.1255281161518
-3.73333333333333,25.1255281439571
-3.71666666666667,25.1255281691755
-3.7,25.1255281943938
-3.68333333333333,25.1255282196122
-3.66666666666667,25.1255282448306
-3.65,25.1255282700489
-3.63333333333333,25.1255282942481
-3.61666666666667,25.1255283166076
-3.6,25.1255283389671
-3.58333333333333,25.1255283613266
-3.56666666666667,25.1255283836861
-3.55,25.1255284060456
-3.53333333333333,25.1255284271106
-3.51666666666667,25.1255284469437
-3.5,25.1255284667767
-3.48333333333333,25.1255284866098
-3.46666666666667,25.1255285064429
-3.45,25.125528526276
-3.43333333333333,25.1255285446165
-3.41666666666667,25.1255285622161
-3.4,25.1255285798158
-3.38333333333333,25.1255285974154
-3.36666666666667,25.1255286150151
-3.35,25.1255286326147
-3.33333333333333,25.1255286485865
-3.31666666666667,25.1255286642111
-3.3,25.1255286798356
-3.28333333333333,25.1255286954602
-3.26666666666667,25.1255287110847
-3.25,25.1255287267093
-3.23333333333333,25.1255287406213
-3.21666666666667,25.1255287544986
-3.2,25.1255287683759
-3.18333333333333,25.1255287822531
-3.16666666666667,25.1255287961304
-3.15,25.1255288097879
-3.13333333333333,25.1255288220488
-3.11666666666667,25.1255288343097
-3.1,25.1255288465707
-3.08333333333333,25.1255288588316
-3.06666666666667,25.1255288710925
-3.05,25.1255288833535
-3.03333333333333,25.1255288945511
-3.01666666666667,25.1255289053255
-3,25.1255289160999
-2.98333333333333,25.1255289268744
-2.96666666666667,25.1255289376488
-2.95,25.1255289484233
-2.93333333333333,25.1255289588143
-2.91666666666667,25.1255289682878
-2.9,25.1255289777613
-2.88333333333333,25.1255289872349
-2.86666666666667,25.1255289967084
-2.85,25.1255290061819
-2.83333333333333,25.1255290156555
-2.81666666666667,25.1255290241333
-2.8,25.1255290324678
-2.78333333333333,25.1255290408022
-2.76666666666667,25.1255290491367
-2.75,25.1255290574711
-2.73333333333333,25.1255290658056
-2.71666666666667,25.1255290736875
-2.7,25.1255290810241
-2.68333333333333,25.1255290883607
-2.66666666666667,25.1255290956974
-2.65,25.125529103034
-2.63333333333333,25.1255291103706
-2.61666666666667,25.1255291176784
-2.6,25.1255291241404
-2.58333333333333,25.1255291306024
-2.56666666666667,25.1255291370645
-2.55,25.1255291435265
-2.53333333333333,25.1255291499885
-2.51666666666667,25.1255291564505
-2.5,25.1255291624429
-2.48333333333333,25.125529168138
-2.46666666666667,25.1255291738331
-2.45,25.1255291795281
-2.43333333333333,25.1255291852232
-2.41666666666667,25.1255291909183
-2.4,25.1255291964779
-2.38333333333333,25.1255292014663
-2.36666666666667,25.1255292064546
-2.35,25.125529211443
-2.33333333333333,25.1255292164314
-2.31666666666667,25.1255292214197
-2.3,25.1255292264081
-2.28333333333333,25.1255292313552
-2.26666666666667,25.1255292356969
-2.25,25.1255292400386
-2.23333333333333,25.1255292443803
-2.21666666666667,25.125529248722
-2.2,25.1255292530637
-2.18333333333333,25.1255292574054
-2.16666666666667,25.125529261747
-2.15,25.1255292655647
-2.13333333333333,25.1255292693464
-2.11666666666667,25.1255292731281
-2.1,25.1255292769098
-2.08333333333333,25.1255292806915
-2.06666666666667,25.1255292844732
-2.05,25.1255292882549
-2.03333333333333,25.1255292916446
-2.01666666666667,25.125529294941
-2,25.1255292982375
-1.98333333333333,25.125529301534
-1.96666666666667,25.1255293048304
-1.95,25.1255293081269
-1.93333333333333,25.1255293114234
-1.91666666666667,25.1255293144337
-1.9,25.1255293173094
-1.88333333333333,25.125529320185
-1.86666666666667,25.1255293230607
-1.85,25.1255293259364
-1.83333333333333,25.1255293288121
-1.81666666666667,25.1255293316878
-1.8,25.1255293343618
-1.78333333333333,25.1255293368724
-1.76666666666667,25.1255293393829
-1.75,25.1255293418934
-1.73333333333333,25.125529344404
-1.71666666666667,25.1255293469145
-1.7,25.125529349425
-1.68333333333333,25.125529351801
-1.66666666666667,25.1255293539945
-1.65,25.1255293561879
-1.63333333333333,25.1255293583813
-1.61666666666667,25.1255293605748
-1.6,25.1255293627682
-1.58333333333333,25.1255293649617
-1.56666666666667,25.1255293670689
-1.55,25.1255293689714
-1.53333333333333,25.1255293708738
-1.51666666666667,25.1255293727763
-1.5,25.1255293746788
-1.48333333333333,25.1255293765813
-1.46666666666667,25.1255293784837
-1.45,25.1255293803862
-1.43333333333333,25.1255293822123
-1.41666666666667,25.12552938385
-1.4,25.1255293854877
-1.38333333333333,25.1255293871254
-1.36666666666667,25.1255293887631
-1.35,25.1255293904008
-1.33333333333333,25.1255293920385
-1.31666666666667,25.1255293936763
-1.3,25.1255293952503
-1.28333333333333,25.1255293966615
-1.26666666666667,25.1255293980726
-1.25,25.1255293994838
-1.23333333333333,25.125529400895
-1.21666666666667,25.1255294023062
-1.2,25.1255294037174
-1.18333333333333,25.1255294051285
-1.16666666666667,25.1255294064866
-1.15,25.1255294077038
-1.13333333333333,25.1255294089209
-1.11666666666667,25.1255294101381
-1.1,25.1255294113553
-1.08333333333333,25.1255294125724
-1.06666666666667,25.1255294137896
-1.05,25.1255294150067
-1.03333333333333,25.1255294161796
-1.01666666666667,25.1255294172305
-1,25.1255294182813
-0.983333333333333,25.1255294193321
-0.966666666666665,25.1255294203829
-0.949999999999999,25.1255294214337
-0.933333333333332,25.1255294224845
-0.916666666666666,25.1255294235354
-0.899999999999999,25.1255294245493
-0.883333333333333,25.1255294254574
-0.866666666666665,25.1255294263654
-0.85,25.1255294272735
-0.833333333333332,25.1255294281816
-0.816666666666666,25.1255294290897
-0.799999999999999,25.1255294299977
-0.783333333333333,25.1255294309058
-0.766666666666666,25.1255294317831
-0.75,25.1255294325686
-0.733333333333333,25.125529433354
-0.716666666666665,25.1255294341395
-0.699999999999999,25.1255294349249
-0.683333333333332,25.1255294357104
-0.666666666666666,25.1255294364959
-0.649999999999999,25.1255294372813
-0.633333333333333,25.1255294380395
-0.616666666666665,25.1255294387129
-0.6,25.1255294393864
-0.583333333333332,25.1255294400598
-0.566666666666666,25.1255294407332
-0.549999999999999,25.1255294414066
-0.533333333333333,25.1255294420801
-0.516666666666666,25.1255294427535
-0.5,25.1255294434269
-0.483333333333333,25.1255294440885
-0.466666666666665,25.1255294446606
-0.449999999999999,25.1255294452327
-0.433333333333332,25.1255294458047
-0.416666666666666,25.1255294463768
-0.399999999999999,25.1255294469489
-0.383333333333333,25.125529447521
-0.366666666666665,25.1255294480931
-0.35,25.1255294486652
-0.333333333333332,25.1255294492373
-0.316666666666666,25.1255294497247
-0.299999999999999,25.1255294502113
-0.283333333333333,25.1255294506978
-0.266666666666666,25.1255294511844
-0.25,25.125529451671
-0.233333333333333,25.1255294521576
-0.216666666666665,25.1255294526442
-0.199999999999999,25.1255294531307
-0.183333333333332,25.1255294536173
-0.166666666666666,25.1255294540415
-0.149999999999999,25.1255294544558
-0.133333333333333,25.1255294548701
-0.116666666666665,25.1255294552845
-0.0999999999999996,25.1255294556988
-0.0833333333333321,25.1255294561131
-0.0666666666666664,25.1255294565274
-0.0499999999999989,25.1255294569418
-0.0333333333333332,25.1255294573561
-0.0166666666666657,25.12552945774
0,25.1255294581131
0.0166666666666675,25.1255294584861
0.033333333333335,0.00595530802127786
0.0500000000000007,0.00450578284861063
0.0666666666666682,0.00403906510106795
0.0833333333333339,0.00385772586035007
0.100000000000001,0.00378521412754745
0.116666666666667,0.00375954337762387
0.133333333333335,0.003755183811114
0.15,0.00376079716481428
0.166666666666668,0.00377115755405855
0.183333333333334,0.00378381632385614
0.200000000000001,0.00379761603052139
0.216666666666667,0.00381200790118226
0.233333333333334,0.00382673157821551
0.25,0.00384166329845544
0.266666666666667,0.00385674482259444
0.283333333333335,0.00387194867475999
0.300000000000001,0.00388726235289221
0.316666666666668,0.00390268045867548
0.333333333333334,0.00391820059821203
0.350000000000001,0.00393382223714271
0.366666666666667,0.00394954560981677
0.383333333333335,0.00396537137128211
0.4,0.00398129982952972
0.416666666666668,0.00399733272333002
0.433333333333334,0.00401346976416897
0.450000000000001,0.00402971258308451
0.466666666666667,0.00404606307065856
0.483333333333334,0.00406252044629046
0.5,0.00407908639179779
0.516666666666667,0.00409576153178135
0.533333333333335,0.00411254906039401
0.550000000000001,0.00412944631686735
0.566666666666668,0.00414645803084636
0.583333333333334,0.00416357682715499
0.600000000000001,0.00418082599307588
0.616666666666667,0.00419817974681109
0.633333333333335,0.00421564947832969
0.65,0.00423323624064932
0.666666666666668,0.00425094109875868
0.683333333333334,0.00426876512977867
0.700000000000001,0.00428672710076225
0.716666666666667,0.00430480087954449
0.733333333333334,0.00432298993015283
0.75,0.00434129513644199
0.766666666666667,0.00435974122089827
0.783333333333335,0.00437832282777761
0.800000000000001,0.00439702425607303
0.816666666666668,0.00441584643588528
0.833333333333334,0.00443479262110184
0.850000000000001,0.00445391473656898
0.866666666666667,0.00447313026747865
0.883333333333335,0.00449247487691042
0.9,0.00451199004612258
0.916666666666668,0.00453158119713241
0.933333333333334,0.00455138147394169
0.950000000000001,0.00457128068933977
0.966666666666667,0.00459131428266216
0.983333333333334,0.00461152776124711
1,0.0046318209529462
1.01666666666667,0.00465233251568408
1.03333333333333,0.0046729489168744
1.05,0.00469370528621026
1.06666666666667,0.00471465148057393
1.08333333333333,0.00473568135169489
1.1,0.0047569393763552
1.11666666666667,0.00477830854595319
1.13333333333333,0.004799823584548
1.15,0.00482153905003991
1.16666666666667,0.00484334240572386
1.18333333333333,0.00486538427309262
1.2,0.00488754403113505
1.21666666666667,0.00490985589107093
1.23333333333333,0.00493237949400168
1.25,0.00495499546935017
1.26666666666667,0.00497786093179496
1.28333333333333,0.00500085150553377
1.3,0.00502400076927605
1.31666666666667,0.00504737386320621
1.33333333333333,0.0050708441012583
1.35,0.00509457546425708
1.36666666666667,0.00511843967300544
1.38333333333333,0.00514246954016712
1.4,0.00516673615790297
1.41666666666667,0.00519110500349023
1.43333333333333,0.00521574732338584
1.45,0.00524053077993852
1.46666666666667,0.00526548727080202
1.48333333333333,0.00529069433369416
1.5,0.00531600904478925
1.51666666666667,0.00534161034442366
1.53333333333333,0.00536736167474685
1.55,0.00539329385225775
1.56666666666667,0.00541946860293964
1.58333333333333,0.00544582365936162
1.6,0.00547235398832332
1.61666666666667,0.00549916518211825
1.63333333333333,0.00552616367761766
1.65,0.00555334365451142
1.66666666666667,0.00558074304584063
1.68333333333333,0.0056084061627632
1.7,0.00563625723916211
1.71666666666667,0.00566429733920293
1.73333333333333,0.00569261219941307
1.75,0.00572116270892332
1.76666666666667,0.00574989310672113
1.78333333333333,0.00577886634545537
1.8,0.00580812043878836
1.81666666666667,0.00583756293008053
1.83333333333333,0.00586722396119322
1.85,0.00589720752159284
1.86666666666667,0.00592738609727409
1.88333333333333,0.00595776021407213
1.9,0.00598849488833377
1.91666666666667,0.00601943455189222
1.93333333333333,0.00605057669623757
1.95,0.00608205643219972
1.96666666666667,0.00611378325073455
1.98333333333333,0.00614571979682739
2,0.00617796915633636
2.01666666666667,0.0062105103145442
2.03333333333333,0.00624326877034038
2.05,0.00627631333013601
2.06666666666667,0.00630969718746329
2.08333333333333,0.00634330625280386
2.1,0.00637717265459901
2.11666666666667,0.00641142880577333
2.13333333333333,0.00644591843396118
2.15,0.00648064219788821
2.16666666666667,0.00651579377653317
2.18333333333333,0.00655117347724744
2.2,0.00658686365755064
2.21666666666667,0.00662285091995112
2.23333333333333,0.00665915561592768
2.25,0.00669582539921997
2.26666666666667,0.00673280395384381
2.28333333333333,0.00677009455817873
2.3,0.00680770052882923
2.31666666666667,0.0068456252210087
2.33333333333333,0.00688389684434734
2.35,0.00692260501917979
2.36666666666667,0.00696149206929494
2.38333333333333,0.00700081614723756
2.4,0.00704049064648498
2.41666666666667,0.00708051972611559
2.43333333333333,0.00712090760571263
2.45,0.00716166657874746
2.46666666666667,0.00720280474359178
2.48333333333333,0.0072443144186868
2.5,0.00728620009618288
2.51666666666667,0.00732846524527358
2.53333333333333,0.00737112406005242
2.55,0.00741418760561412
2.56666666666667,0.00745764671404691
2.58333333333333,0.00750149497754106
2.6,0.00754577347866124
2.61666666666667,0.0075904413913878
2.63333333333333,0.00763555736644319
2.65,0.00768112334318071
2.66666666666667,0.00772708153792255
2.68333333333333,0.0077734718229348
2.7,0.00782029959301177
2.71666666666667,0.00786757032529357
2.73333333333333,0.00791528194356106
2.75,0.00796348358231671
2.76666666666667,0.00801214472342156
2.78333333333333,0.00806125292299593
2.8,0.00811082562749019
2.81666666666667,0.00816092989911072
2.83333333333333,0.00821149110571301
2.85,0.00826256109122689
2.86666666666667,0.00831413998509163
2.88333333333333,0.00836621013394728
2.9,0.00841879598209083
2.91666666666667,0.00847192518255591
2.93333333333333,0.00852556198993307
2.95,0.00857973181641276
2.96666666666667,0.00863446880248429
2.98333333333333,0.0086897363871901
3,0.00874554836210828
3.01666666666667,0.00880194481120438
3.03333333333333,0.00885891376021415
3.05,0.00891646296394501
3.06666666666667,0.00897460050374786
3.08333333333333,0.00903333413623685
3.1,0.00909267203274296
3.11666666666667,0.00915262247939404
3.13333333333333,0.00921318777303762
3.15,0.00927437638001898
3.16666666666667,0.00933622508885208
3.18333333333333,0.0093987169465442
3.2,0.00946185956239958
3.21666666666667,0.00952566552786756
3.23333333333333,0.0095901515149476
3.25,0.00965532237371044
3.26666666666667,0.00972118512324593
3.28333333333333,0.00978774092084748
3.3,0.00985500819985091
3.31666666666667,0.00992302325413241
3.33333333333333,0.00999176044981405
3.35,0.0100612425930142
3.36666666666667,0.0101314804039472
3.38333333333333,0.0102024883738457
3.4,0.0102742754818304
3.41666666666667,0.0103468444101287
3.43333333333333,0.0104202300401766
3.45,0.0104944015539382
3.46666666666667,0.0105693978412277
3.48333333333333,0.0106452510855238
3.5,0.0107219535078812
3.51666666666667,0.0107995083257541
3.53333333333333,0.0108779286613542
3.55,0.0109572347305782
3.56666666666667,0.0110374626477497
3.58333333333333,0.011118600896845
3.6,0.0112006670577847
3.61666666666667,0.0112836660894321
3.63333333333333,0.0113676206772904
3.65,0.0114525453455321
3.66666666666667,0.0115384548876754
3.68333333333333,0.0116253666846084
3.7,0.011713271719232
3.71666666666667,0.011802250736231
3.73333333333333,0.0118922713545415
3.75,0.0119833448809177
3.76666666666667,0.012075487329588
3.78333333333333,0.0121687150064631
3.8,0.0122630700587968
3.81666666666667,0.0123585570848144
3.83333333333333,0.0124552061282199
3.85,0.0125530298156376
3.86666666666667,0.0126520118125916
3.88333333333333,0.0127522269401034
3.9,0.0128536470521869
3.91666666666667,0.0129563206803878
3.93333333333333,0.0130602554600612
3.95,0.0131654837651035
3.96666666666667,0.013271983638635
3.98333333333333,0.0133798513811967
4,0.0134890539380956
4.01666666666667,0.0135996440744333
4.03333333333333,0.0137116076028278
4.05,0.0138249870067522
4.06666666666667,0.013939805707394
4.08333333333333,0.0140560948163517
4.1,0.0141738636612376
4.11666666666667,0.0142931383412282
4.13333333333333,0.0144139438717011
4.15,0.0145363772043687
4.16666666666667,0.0146603028077199
4.18333333333333,0.0147859688343639
4.2,0.0149131758103523
4.21666666666667,0.0150420385233475
4.23333333333333,0.0151727238656597
4.25,0.015305030584026
4.26666666666667,0.0154390885793829
4.28333333333333,0.0155750562494674
4.3,0.0157127308110465
4.31666666666667,0.0158522586281125
4.33333333333333,0.0159937883373366
4.35,0.0161371159134125
4.36666666666667,0.0162824056543368
4.38333333333333,0.0164297950349848
4.4,0.0165790791189762
4.41666666666667,0.0167304417418483
4.43333333333333,0.0168840076678248
4.45,0.0170395714286137
4.46666666666667,0.0171973381459652
4.48333333333333,0.0173574181611135
4.5,0.0175196059068136
4.51666666666667,0.0176841296986199
4.53333333333333,0.0178510835619766
4.55,0.0180202623237071
4.56666666666667,0.0181919195748224
4.58333333333333,0.0183661309329388
4.6,0.0185425919546643
4.61666666666667,0.0187219028144907
4.63333333333333,0.0189036641270396
4.65,0.0190880975138253
4.66666666666667,0.0192753107776076
4.68333333333333,0.0194650980076264
4.7,0.019657919092772
4.71666666666667,0.019853327363981
4.73333333333333,0.020051950246186
4.75,0.0202532669161346
4.76666666666667,0.0204578423906602
4.78333333333333,0.0206652967101212
4.8,0.0208760536271082
4.81666666666667,0.0210898853912933
4.83333333333333,0.0213070630265284
4.85,0.0215275231199669
4.86666666666667,0.0217513717081565
4.88333333333333,0.0219787226797023
4.9,0.0222095039768965
4.91666666666667,0.0224440206465335
4.93333333333333,0.0226820085232928
4.95,0.0229239786224871
4.96666666666667,0.0231694596894558
4.98333333333333,0.023419184536884
5,0.0236725031717357
5.01666666666667,0.0239302540190733
5.03333333333333,0.0241917918507827
5.05,0.0244578318464026
5.06666666666667,0.0247279267538207
5.08333333333333,0.0250025934713802
5.1,0.0252815995643224
5.11666666666667,0.0255652466321325
5.13333333333333,0.0258535351097554
5.15,0.0261465330504035
5.16666666666667,0.0264444931063676
5.18333333333333,0.0267472302214724
5.2,0.0270552699982035
5.21666666666667,0.0273681533004827
5.23333333333333,0.027686700894903
5.25,0.0280101570897814
5.26666666666667,0.0283396616129198
5.28333333333333,0.0286742529855795
5.3,0.029015070824861
5.31666666666667,0.02936131289876
5.33333333333333,0.0297138923216831
5.35,0.030072290806226
5.36666666666667,0.0304371373924621
5.38333333333333,0.0308082231357217
5.4,0.0311858673264059
5.41666666666667,0.0315701976454404
5.43333333333333,0.0319611960416484
5.45,0.0323593561198391
5.46666666666667,0.03276429284518
5.48333333333333,0.0331768971987371
5.5,0.0335963853279823
5.51666666666667,0.0340240793435844
5.53333333333333,0.0344587857690533
5.55,0.0349022239443405
5.56666666666667,0.0353530181032446
5.58333333333333,0.0358127185698203
5.6,0.0362803288390026
5.61666666666667,0.0367570203636263
5.63333333333333,0.0372422118918635
5.65,0.037736659586856
5.66666666666667,0.0382402361661405
5.68333333333333,0.0387532433076277
5.7,0.0392760493196613
5.71666666666667,0.039808459236066
5.73333333333333,0.0403513816726174
5.75,0.0409040797016878
5.76666666666667,0.041468050256452
5.78333333333333,0.042041965768093
5.8,0.0426279629964729
5.81666666666667,0.0432242106990466
5.83333333333333,0.0438331230192116
5.85,0.0444529104300806
5.86666666666667,0.0450856330724014
5.88333333333333,0.0457300636640911
5.9,0.0463877000417452
5.91666666666667,0.0470579320735442
5.93333333333333,0.0477416395443132
5.95,0.0484388884372766
5.96666666666667,0.0491498805733901
5.98333333333333,0.049875421300234
6,0.0506149701637246
6.01666666666667,0.0513701448470208
6.03333333333333,0.0521396568997405
6.05,0.0529257757034697
6.06666666666667,0.0537266801227415
6.08333333333333,0.0545447884279383
6.1,0.0553794883833212
6.11666666666667,0.0562311171994997
6.13333333333333,0.0571000596263216
6.15,0.0579867087350982
6.16666666666667,0.0588922824760327
6.18333333333334,0.0598166062317202
6.2,0.060759919375129
6.21666666666667,0.0617226510272719
6.23333333333333,0.0627052390878044
6.25,0.0637083303982529
6.26666666666667,0.0647331349791536
6.28333333333333,0.0657785607303981
6.3,0.0668465071575414
6.31666666666667,0.0679370101511078
6.33333333333333,0.0690503719013705
6.35,0.0701870670635578
6.36666666666667,0.0713477320381014
6.38333333333333,0.072532901599745
6.4,0.0737431197944822
6.41666666666667,0.0749792130504716
6.43333333333334,0.0762412171628076
6.45,0.0775305599986539
6.46666666666667,0.0788467729655497
6.48333333333333,0.0801912188487247
6.5,0.0815642646556988
6.51666666666667,0.0829660312664933
6.53333333333333,0.0843983639435143
6.55,0.0858601669596233
6.56666666666667,0.0873540049041451
6.58333333333333,0.0888788442361197
6.6,0.0904362277200116
6.61666666666667,0.0920266912406716
6.63333333333333,0.09365016231377
6.65,0.095308876297543
6.66666666666667,0.0970014336872803
6.68333333333334,0.0987306263541921
6.7,0.100495377536968
6.71666666666667,0.102297201845029
6.73333333333333,0.104136814625559
6.75,0.106013867647069
6.76666666666667,0.107930999560984
6.78333333333333,0.1098864377242
6.8,0.111883139599356
6.81666666666667,0.113919981318441
6.83333333333333,0.11599835512405
6.85,0.118119146740232
6.86666666666667,0.120281635922016
6.88333333333333,0.122488838944821
6.9,0.124738555727066
6.91666666666667,0.127033745439789
6.93333333333334,0.129373366288029
6.95,0.131757976222287
6.96666666666667,0.134189849512521
6.98333333333333,0.136667802543569
7,0.139192420378142
7.01666666666667,0.14176415358938
7.03333333333333,0.144383555102602
7.05,0.147051392115818
7.06666666666667,0.149768941681796
7.08333333333333,0.152533572089909
7.1,0.155347600880455
7.11666666666667,0.158210198137017
7.13333333333333,0.161124004168096
7.15,0.164086863455518
7.16666666666667,0.167098720023711
7.18333333333334,0.170160315262145
7.2,0.173272904462877
7.21666666666667,0.176434514361783
7.23333333333333,0.179645059739555
7.25,0.182906073659309
7.26666666666667,0.186215682585754
7.28333333333333,0.189574793255544
7.3,0.192983252120774
7.31666666666667,0.196438695956237
7.33333333333333,0.199943902443228
7.35,0.203494907706296
7.36666666666667,0.207094814539251
7.38333333333333,0.210739453596607
7.4,0.214431729376745
7.41666666666667,0.218167600316923
7.43333333333334,0.221949555915995
7.45,0.225774217341299
7.46666666666667,0.229641728723568
7.48333333333333,0.233551603472622
7.5,0.237503165933895
7.51666666666667,0.241494326254577
7.53333333333333,0.245525013906785
7.55,0.249594006094416
7.56666666666667,0.253700264586396
7.58333333333333,0.257842404231583
7.6,0.262019651228435
7.61666666666667,0.266230464771421
7.63333333333333,0.270474061651875
7.65,0.274748948151412
7.66666666666667,0.279053925434339
7.68333333333334,0.283387832905298
7.7,0.287749316433748
7.71666666666667,0.292137179952149
7.73333333333333,0.296550172282937
7.75,0.300986627540206
7.76666666666667,0.305445441587234
7.78333333333333,0.309925718144117
7.8,0.314425236819738
7.81666666666667,0.318943114759527
7.83333333333333,0.323478023142853
7.85,0.328028636797423
7.86666666666667,0.332593636233571
7.88333333333333,0.337171709586188
7.9,0.341761554460709
7.91666666666667,0.346361879680102
7.93333333333334,0.350971390779813
7.95,0.355588978917575
7.96666666666667,0.360213094071361
7.98333333333333,0.364842712635158
8,0.369476602290163
8.01666666666667,0.374113469368916
8.03333333333333,0.378752235460769
8.05,0.383391712264678
8.06666666666667,0.388030787124407
8.08333333333333,0.392668318519989
8.1,0.39730323259808
8.11666666666667,0.401934568919548
8.13333333333333,0.406561111832118
8.15,0.41118195459263
8.16666666666667,0.415796262579485
8.18333333333334,0.420402735983208
8.2,0.425000680192457
8.21666666666667,0.42958935708176
8.23333333333333,0.434167386864997
8.25,0.438734301170979
8.26666666666667,0.443289326434364
8.28333333333333,0.4478315774195
8.3,0.452360067855618
8.31666666666667,0.45687420947769
8.33333333333333,0.4613733941553
8.35,0.465856692501563
8.36666666666667,0.470323528310978
8.38333333333333,0.47477346187423
8.4,0.479205622787427
8.41666666666667,0.483619437759006
8.43333333333334,0.488014500794233
8.45,0.492390222116535
8.46666666666667,0.496745883151997
8.48333333333333,0.501080936184087
8.5,0.505395377658109
8.51666666666667,0.509688135018155
8.53333333333333,0.513959338973038
8.55,0.518208290924175
8.56666666666667,0.522434477408497
8.58333333333333,0.526637646996297
8.6,0.530817567519194
8.61666666666667,0.534973745143575
8.63333333333333,0.539105903870745
8.65,0.543213762194804
8.66666666666667,0.547296818765165
8.68333333333334,0.551355373599818
8.7,0.555388514204413
8.71666666666667,0.559396043031598
8.73333333333333,0.563378039932188
8.75,0.567335668416912
8.76666666666667,0.571265322501185
8.78333333333333,0.575169873473277
8.8,0.579048241640358
8.81666666666667,0.582899707351266
8.83333333333333,0.58672546902332
8.85,0.590523336670898
8.86666666666667,0.59429520193292
8.88333333333333,0.598040440712634
8.9,0.601757254843488
8.91666666666667,0.605448665120566
8.93333333333334,0.609112990771031
8.95,0.612748394367574
8.96666666666667,0.616358249598329
8.98333333333333,0.61994119901069
9,0.623494822298124
9.01666666666667,0.627022835221552
9.03333333333333,0.630524206302043
9.05,0.633995933579656
9.06666666666667,0.637442062513086
9.08333333333333,0.640861887448195
9.1,0.644251830647104
9.11666666666667,0.647616253652668
9.13333333333333,0.650954774078181
9.15,0.654263248244628
9.16666666666667,0.657546339205702
9.18333333333334,0.660803983231931
9.2,0.66403148387914
9.21666666666667,0.667233790423465
9.23333333333333,0.670410968891225
9.25,0.673558333703076
9.26666666666667,0.676680556893555
9.28333333333333,0.679777899719148
9.3,0.682846033579973
9.31666666666667,0.685889009283916
9.33333333333333,0.688907391005139
9.35,0.691897205060438
9.36666666666667,0.694861886902023
9.38333333333333,0.697802294778314
9.4,0.700714805981658
9.41666666666667,0.703602249779639
9.43333333333334,0.706465768675542
9.45,0.709302085398033
9.46666666666667,0.712113434990457
9.48333333333333,0.714901233615464
9.5,0.717662542551552
9.51666666666667,0.72039901691072
9.53333333333333,0.723112335319539
9.55,0.72579988959636
9.56666666666667,0.7284627711401
9.58333333333333,0.731102909400473
9.6,0.733718017801256
9.61666666666667,0.736308641810308
9.63333333333333,0.738876949749454
9.65,0.741420966965605
9.66666666666667,0.743940712021161
9.68333333333334,0.746438579966377
9.7,0.748912897797255
9.71666666666667,0.751363177157415
9.73333333333333,0.753792027591086
9.75,0.756198067015149
9.76666666666667,0.758580320853881
9.78333333333333,0.76094160090803
9.8,0.763280804953798
9.81666666666667,0.765596490388111
9.83333333333333,0.767891659310478
9.85,0.770165512524457
9.86666666666667,0.772416094868448
9.88333333333333,0.774646617891582
9.9,0.776856592818229
9.91666666666667,0.779043543991664
9.93333333333334,0.781210735803779
9.95,0.783358311022588
9.96666666666667,0.785483544541846
9.98333333333333,0.787588758517002
10,0.789674706052758
10.0166666666667,0.791740634083985
10.0333333333333,0.793785195774197
10.05,0.795811730515676
10.0666666666667,0.797817768202015
10.0833333333333,0.799805065791655
10.1,0.801773183363267
10.1166666666667,0.803721652213811
10.1333333333333,0.80565124480918
10.15,0.807562371514619
10.1666666666667,0.809454829739439
10.1833333333333,0.811328661285935
10.2,0.813184398479482
10.2166666666667,0.815022276013676
10.2333333333333,0.816841711160515
10.25,0.818643859282021
10.2666666666667,0.820428032397206
10.2833333333333,0.822194818163917
10.3,0.823944504487803
10.3166666666667,0.82567704768792
10.3333333333333,0.827392189760985
10.35,0.829090640601962
10.3666666666667,0.830772513015757
10.3833333333333,0.832437955490952
10.4,0.83408707361235
10.4166666666667,0.83571964415771
10.4333333333333,0.837336057512886
10.45,0.838936605792637
10.4666666666667,0.840521431886921
10.4833333333333,0.842090672336504
10.5,0.843644396154707
10.5166666666667,0.845182792276695
10.5333333333333,0.846705987586307
10.55,0.848214098498622
10.5666666666667,0.849707071404245
10.5833333333333,0.8511852640805
10.6,0.85264881574387
10.6166666666667,0.854097876973433
10.6333333333333,0.855532593763467
10.65,0.856953068446201
10.6666666666667,0.858359436685542
10.6833333333333,0.859751833152317
10.7,0.861130411614938
10.7166666666667,0.862495365521405
10.7333333333333,0.86384676629874
10.75,0.865184690573134
10.7666666666667,0.866509090034991
10.7833333333333,0.867820285065889
10.8,0.869118453078221
10.8166666666667,0.870403760509623
10.8333333333333,0.871676330896478
10.85,0.872936286803211
10.8666666666667,0.874183746139325
10.8833333333333,0.87541873519732
10.9,0.876641073675394
10.9166666666667,0.87785132454461
10.9333333333333,0.879049604230366
10.95,0.880236028864744
10.9666666666667,0.881410720761051
10.9833333333333,0.882573583826561
11,0.883724558376312
11.0166666666667,0.88486411780168
11.0333333333333,0.885992474643303
11.05,0.887109726897899
11.0666666666667,0.888215701517267
11.0833333333333,0.889310275204241
11.1,0.890394184402857
11.1166666666667,0.89146760043541
11.1333333333333,0.892529803954421
11.15,0.893581454018712
11.1666666666667,0.894622924223586
11.1833333333333,0.895653884904455
11.2,0.896674234607972
11.2166666666667,0.897684720479205
11.2333333333333,0.898685332683923
11.25,0.89967532718714
11.2666666666667,0.900655753735931
11.2833333333333,0.901626700963173
11.3,0.902587456432341
11.3166666666667,0.903538702590952
11.3333333333333,0.904480960820811
11.35,0.905413083649072
11.3666666666667,0.906336297870101
11.3833333333333,0.907250424977391
11.4,0.908154999601669
11.4166666666667,0.909051170944212
11.4333333333333,0.909937731140746
11.45,0.910815874414009
11.4666666666667,0.911685164860079
11.4833333333333,0.912545657775585
11.5,0.913398010409752
11.5166666666667,0.914241209504971
11.5333333333333,0.915076509536044
11.55,0.915903335155823
11.5666666666667,0.916721926772185
11.5833333333333,0.917532373144072
11.6,0.918334775348777
11.6166666666667,0.919129200248965
11.6333333333333,0.919915726182741
11.65,0.920693962091593
11.6666666666667,0.92146511447135
11.6833333333333,0.922228085333123
11.7,0.922983852880545
11.7166666666667,0.923731864568534
11.7333333333333,0.924472576233501
11.75,0.92520582276173
11.7666666666667,0.925931926887472
11.7833333333333,0.926650855394364
11.8,0.927362433648016
11.8166666666667,0.928067006422885
11.8333333333333,0.92876464049319
11.85,0.929455426098414
11.8666666666667,0.930139367007805
11.8833333333333,0.930816275801575
11.9,0.93148639177449
11.9166666666667,0.932150380624002
11.9333333333333,0.932807226485719
11.95,0.93345799015524
11.9666666666667,0.934102034288682
11.9833333333333,0.934739810704565
12,0.935371444676918
12.0166666666667,0.935996445940248
12.0333333333333,0.936615798045766
12.05,0.937228423466086
12.0666666666667,0.937835369227205
12.0833333333333,0.938436256695306
12.1,0.93903104967275
12.1166666666667,0.939620438570286
12.1333333333333,0.940203319458046
12.15,0.94078087948827
12.1666666666667,0.9413527181927
12.1833333333333,0.941918422542028
12.2,0.942478962024812
12.2166666666667,0.943033985038071
12.2333333333333,0.943583547631414
12.25,0.944127705280237
12.2666666666667,0.944666770733249
12.2833333333333,0.9452005568979
12.3,0.94572847688734
12.3166666666667,0.946251660727545
12.3333333333333,0.946769458576926
12.35,0.9472822418689
12.3666666666667,0.947790171351613
12.3833333333333,0.948292817783203
12.4,0.948790563346526
12.4166666666667,0.949283615748126
12.4333333333333,0.949771711672286
12.45,0.950254948764322
12.4666666666667,0.950733789801396
12.4833333333333,0.95120740608983
12.5,0.951676618970078
12.5166666666667,0.952141469487088
12.5333333333333,0.952601494295471
12.55,0.953056887416499
12.5666666666667,0.9535080340121
12.5833333333333,0.953954848069098
12.6,0.954397372179107
12.6166666666667,0.954835491625523
12.6333333333333,0.955269038361772
12.65,0.955698653320806
12.6666666666667,0.95612401917727
12.6833333333333,0.956545070960649
12.7,0.956962143256398
12.7166666666667,0.957375319308646
12.7333333333333,0.957784275448797
12.75,0.958189114505958
12.7666666666667,0.95859009199564
12.7833333333333,0.958987245616035
12.8,0.959380612690609
12.8166666666667,0.959770230172691
12.8333333333333,0.960155874180246
12.85,0.960537601499004
12.8666666666667,0.960915786040082
12.8833333333333,0.961290301043614
12.9,0.961661183512732
12.9166666666667,0.962028470065686
12.9333333333333,0.962392196939827
12.95,0.962752399995604
12.9666666666667,0.963108677490982
12.9833333333333,0.963462477097437
13,0.963811609056345
13.0166666666667,0.96415840607333
13.0333333333333,0.964501655445609
13.05,0.964840956773882
13.0666666666667,0.96517798656951
13.0833333333333,0.965511012817971
13.1,0.96584077036477
13.1166666666667,0.966168318041724
13.1333333333333,0.966491437781404
13.15,0.966811879060974
13.1666666666667,0.967130067744826
13.1833333333333,0.967443673792271
13.2,0.967755408089388
13.2166666666667,0.968063786596206
13.2333333333333,0.968368844454783
13.25,0.968672072556866
13.2666666666667,0.96897095543767
13.2833333333333,0.96926770333147
13.3,0.969561953071073
13.3166666666667,0.969852354003401
13.3333333333333,0.970141001089457
13.35,0.970426109517204
13.3666666666667,0.970708731808062
13.3833333333333,0.970989235885693
13.4,0.971265882755657
13.4166666666667,0.97154112925428
13.4333333333333,0.971812655406607
13.45,0.972082097403031
13.4666666666667,0.972349247298715
13.4833333333333,0.972613005082351
13.5,0.972875427200746
13.5166666666667,0.973134043470174
13.5333333333333,0.973390911731367
13.55,0.973645290707918
13.5666666666667,0.973896865585811
13.5833333333333,0.974147003018155
13.6,0.974393348941472
13.6166666666667,0.974638670248343
13.6333333333333,0.97488054397649
13.65,0.975120780318974
13.6666666666667,0.975358629251531
13.6833333333333,0.975593885991385
13.7,0.975827779783035
13.7166666666667,0.976058160067019
13.7333333333333,0.97628757666127
13.75,0.976513713044629
13.7666666666667,0.976738486416076
13.7833333333333,0.976960769386848
13.8,0.977180952036256
13.8166666666667,0.97739944986143
13.8333333333333,0.97761513656793
13.85,0.977829916252211
13.8666666666667,0.978041199793885
13.8833333333333,0.978251758813211
13.9,0.978459298300639
13.9166666666667,0.978665570518621
13.9333333333333,0.978869585544274
13.95,0.979071623065861
13.9666666666667,0.979272111454453
13.9833333333333,0.979470151470613
14,0.979667112984286
14.0166666666667,0.979861208733707
14.0333333333333,0.980054707821851
14.05,0.980244939775729
14.0666666666667,0.980434723902158
14.0833333333333,0.980621486590837
14.1,0.980807501981041
14.1166666666667,0.980990988307886
14.1333333333333,0.981173311612656
14.15,0.981353581250395
14.1666666666667,0.981532257979514
14.1833333333333,0.981709309812421
14.2,0.981884569399122
14.2166666666667,0.98205840414629
14.2333333333333,0.982230284511895
14.25,0.982400962831762
14.2666666666667,0.982569531350994
14.2833333333333,0.982737112706844
14.3,0.982902435354974
14.3166666666667,0.983066978039509
14.3333333333333,0.983229119422545
14.35,0.983390680581849
14.3666666666667,0.983549703966062
14.3833333333333,0.983708339623124
14.4,0.98386413494886
14.4166666666667,0.984019714972456
14.4333333333333,0.984172949225797
14.45,0.984325352264525
14.4666666666667,0.984476053681627
14.4833333333333,0.984625346964041
14.5,0.98477355653939
14.5166666666667,0.98491980580772
14.5333333333333,0.985065563907575
14.55,0.985208833452003
14.5666666666667,0.985352102996431
14.5833333333333,0.985492532514698
14.6,0.985632885206915
14.6166666666667,0.985771003615799
14.6333333333333,0.985908500941754
14.65,0.986044345417458
14.6666666666667,0.986179047509295
14.6833333333333,0.98631265466314
14.7,0.986444620330376
14.7166666666667,0.986576026215979
14.7333333333333,0.98670531297596
14.75,0.986834553096389
14.7666666666667,0.986961217204009
14.7833333333333,0.98708788131163
14.8,0.987212422995623
14.8166666666667,0.987336519472344
14.8333333333333,0.98745901859044
14.85,0.987580601252616
14.8666666666667,0.987701090521329
14.8833333333333,0.98782021200786
14.9,0.987938723648384
14.9166666666667,0.988055435447704
14.9333333333333,0.988172001192221
14.95,0.988286353668656
14.9666666666667,0.98840070614509
14.9833333333333,0.98851304282301
15,0.988625080231645
15.0166666666667,0.988735595861242
15.0333333333333,0.988845361663351
15.05,0.988954084169726
15.0666666666667,0.989061625918114
15.0833333333333,0.989168583476751
15.1,0.98927394768602
15.1166666666667,0.989379168061271
15.1333333333333,0.98948240023159
15.15,0.989585632401909
15.1666666666667,0.989687055421732
15.1833333333333,0.989788200062042
15.2,0.989887983753146
15.2166666666667,0.989987084403811
15.2333333333333,0.990085237037151
15.25,0.990182298998438
15.2666666666667,0.990278993142128
15.2833333333333,0.990374022899353
15.3,0.990469052656578
15.3166666666667,0.990562298909762
15.3333333333333,0.990655340314333
15.35,0.990747189219139
15.3666666666667,0.990838285136912
15.3833333333333,0.990928754893243
15.4,0.991017947227757
15.4166666666667,0.991107055894166
15.4333333333333,0.991194385609314
15.45,0.991281715324462
15.4666666666667,0.991367658242188
15.4833333333333,0.991453165384324
15.5,0.991537805517719
15.5166666666667,0.991621494582402
15.5333333333333,0.991704997369444
15.55,0.991786874000019
15.5666666666667,0.991868750630595
15.5833333333333,0.991949336011229
15.6,0.992029440585092
15.6166666666667,0.992108930828432
15.6333333333333,0.992187302787608
15.65,0.992265674746785
15.6666666666667,0.992342385716491
15.6833333333333,0.992419063590359
15.7,0.992494737062506
15.7166666666667,0.992569758489951
15.7333333333333,0.992644403739859
15.75,0.99271780549086
15.7666666666667,0.992791207241861
15.7833333333333,0.992863223976004
15.8,0.992935011770723
15.8166666666667,0.993006169355768
15.8333333333333,0.993076349906537
15.85,0.993146530457306
15.8666666666667,0.993215256814456
15.8833333333333,0.99328386706592
15.9,0.993351771542625
15.9166666666667,0.993418847558031
15.9333333333333,0.993485923573437
15.95,0.993551509591803
15.9666666666667,0.993617086575035
15.9833333333333,0.993681890319508
16,0.993746002636551
16.0166666666667,0.99381002639041
16.0333333333333,0.993872707590248
16.05,0.993935388790085
16.0666666666667,0.993997220214828
16.0833333333333,0.994058475233648
16.1,0.994119687462439
16.1166666666667,0.994179522190358
16.1333333333333,0.994239356918276
16.15,0.994298547711781
16.1666666666667,0.994356995892303
16.1833333333333,0.994415444072825
16.2,0.994472675737139
16.2166666666667,0.994529770283448
16.2333333333333,0.994586424771022
16.25,0.994642197787365
16.2666666666667,0.994697970803708
16.2833333333333,0.994752753864845
16.3,0.994807236667345
16.3166666666667,0.994861465561547
16.3333333333333,0.994914688698446
16.35,0.994967911835344
16.3666666666667,0.995020337354371
16.3833333333333,0.995072306091282
16.4,0.995124274828193
16.4166666666667,0.995175037602765
16.4333333333333,0.995225758054519
16.45,0.995276117682566
16.4666666666667,0.995325620510783
16.4833333333333,0.995375123339001
16.5,0.99542388196067
16.5166666666667,0.995472197048689
16.5333333333333,0.995520512136708
16.55,0.995567718647707
16.5666666666667,0.99561487512122
16.5833333333333,0.995661707161221
16.6,0.995707733408349
16.6166666666667,0.995753759655477
16.6333333333333,0.995799105304578
16.65,0.995844028995379
16.6666666666667,0.995888952686179
16.6833333333333,0.995932836704938
16.7,0.995976663151368
16.7166666666667,0.996020305824648
16.7333333333333,0.996063041099084
16.75,0.996105776373519
16.7666666666667,0.996148097642086
16.7833333333333,0.996189769471145
16.8,0.996231441300203
16.8166666666667,0.996272480696437
16.8333333333333,0.996313116080414
16.85,0.996353751464391
16.8666666666667,0.996393547329524
16.8833333333333,0.996433172562232
16.9,0.996472746627799
16.9166666666667,0.99651138731584
16.9333333333333,0.99655002800388
16.95,0.996588406855196
16.9666666666667,0.996626087936683
16.9833333333333,0.996663769018169
17,0.996700978617551
17.0166666666667,0.996737704791753
17.0333333333333,0.996774430965955
17.05,0.996810591077299
17.0666666666667,0.996846367760543
17.0833333333333,0.996882144443788
17.1,0.996917275276802
17.1166666666667,0.996952127472782
17.1333333333333,0.996986979668762
17.15,0.997021110806916
17.1666666666667,0.997055062842184
17.1833333333333,0.997089014877452
17.2,0.99712217503623
17.2166666666667,0.997155250579273
17.2333333333333,0.997188321095796
17.25,0.997220543175552
17.2666666666667,0.997252765255307
17.2833333333333,0.997284897316603
17.3,0.997316288340427
17.3166666666667,0.997347679364251
17.3333333333333,0.99737889661271
17.35,0.997409463067083
17.3666666666667,0.997440029521456
17.3833333333333,0.997470431243501
17.4,0.99750018011958
17.4166666666667,0.997529928995659
17.4333333333333,0.997559524982822
17.45,0.997588478513098
17.4666666666667,0.997617432043374
17.4833333333333,0.997646244002984
17.5,0.997674423799757
17.5166666666667,0.99770260359653
17.5333333333333,0.997730652636068
17.55,0.997758079709393
17.5666666666667,0.997785506782719
17.5833333333333,0.997812813427013
17.6,0.997839508202112
17.6166666666667,0.997866202977211
17.6333333333333,0.997892787185118
17.65,0.997918769519256
17.6666666666667,0.997944751853393
17.6833333333333,0.997970631099568
17.7,0.99799590704325
17.7166666666667,0.998021182986932
17.7333333333333,0.998046445345731
17.75,0.99807102139005
17.7666666666667,0.998095597434369
17.7833333333333,0.998120173478687
17.8,0.998144142155348
17.8166666666667,0.998168037967817
17.8333333333333,0.998191933780285
17.85,0.998215322931354
17.8666666666667,0.998238557613941
17.8833333333333,0.998261792296529
17.9,0.998284615839077
17.9166666666667,0.998307207945031
17.9333333333333,0.998329800050986
17.95,0.998352071570016
17.9666666666667,0.998374039120169
17.9833333333333,0.998396006670322
18,0.998417739426623
18.0166666666667,0.998439099925184
18.0333333333333,0.998460460423746
18.05,0.998481664381486
18.0666666666667,0.998502423380542
18.0833333333333,0.998523182379598
18.1,0.99854393542084
18.1166666666667,0.998564098858101
18.1333333333333,0.998584262295363
18.15,0.998604425732624
18.1666666666667,0.998624149839021
18.1833333333333,0.998643735024025
18.2,0.998663320209028
18.2166666666667,0.99868261932692
18.2333333333333,0.998701643055641
18.25,0.998720666784363
18.2666666666667,0.998739549174356
18.2833333333333,0.998758027744924
18.3,0.998776506315492
18.3166666666667,0.998794980114241
18.3333333333333,0.998812929342155
18.35,0.998830878570069
18.3666666666667,0.998848827797983
18.3833333333333,0.998866387023238
18.4,0.998883822256101
18.4166666666667,0.998901257488964
18.4333333333333,0.998918433947432
18.45,0.998935360302852
18.4666666666667,0.998952286658272
18.4833333333333,0.998969148390942
18.5,0.998985571317247
18.5166666666667,0.999001994243552
18.5333333333333,0.999018417169857
18.55,0.999034474756518
18.5666666666667,0.999050409398063
18.5833333333333,0.999066344039608
18.6,0.999082104368559
18.6166666666667,0.999097565405723
18.6333333333333,0.999113026442886
18.65,0.99912848748005
18.6666666666667,0.999143494702108
18.6833333333333,0.99915849636591
18.7,0.999173498029712
18.7166666666667,0.999188228895794
18.7333333333333,0.999202784982038
18.75,0.999217341068283
18.7666666666667,0.999231798789168
18.7833333333333,0.999245922672121
18.8,0.999260046555073
18.8166666666667,0.999274170438026
18.8333333333333,0.999287931898597
18.85,0.999301628112004
18.8666666666667,0.999315324325412
18.8833333333333,0.999328881653433
18.9,0.999342155024045
18.9166666666667,0.999355428394657
18.9333333333333,0.999368701765269
18.95,0.999381643526422
18.9666666666667,0.999394507238167
18.9833333333333,0.999407370949911
19,0.999420119365206
19.0166666666667,0.999432586184303
19.0333333333333,0.9994450530034
19.05,0.999457519822498
19.0666666666667,0.999469689969117
19.0833333333333,0.999481772257645
19.1,0.999493854546173
19.1166666666667,0.999505842748769
19.1333333333333,0.99951755247778
19.15,0.99952926220679
19.1666666666667,0.9995409719358
19.1833333333333,0.99955241687396
19.2,0.999563765636152
19.2166666666667,0.999575114398344
19.2333333333333,0.999586386517949
19.25,0.999597378106654
19.2666666666667,0.999608369695359
19.2833333333333,0.999619361284064
19.3,0.999630161222416
19.3166666666667,0.999640799706724
19.3333333333333,0.999651438191032
19.35,0.99966207667534
19.3666666666667,0.999672417592111
19.3833333333333,0.999682714412281
19.4,0.999693011232452
19.4166666666667,0.999703242225812
19.4333333333333,0.999713208446248
19.45,0.999723174666683
19.4666666666667,0.999733140887118
19.4833333333333,0.99974293842798
19.5,0.99975258474985
19.5166666666667,0.999762231071719
19.5333333333333,0.999771877393589
19.55,0.999781258906579
19.5666666666667,0.999790595680007
19.5833333333333,0.999799932453435
19.6,0.999809214218044
19.6166666666667,0.999818251453876
19.6333333333333,0.999827288689708
19.65,0.99983632592554
19.6666666666667,0.999845211665378
19.6833333333333,0.999853952908438
19.7,0.999862694151497
19.7166666666667,0.999871435394556
19.7333333333333,0.99987997764448
19.75,0.999888426663406
19.7666666666667,0.999896875682333
19.7833333333333,0.999905324701259
19.8,0.999913533666195
19.8166666666667,0.999921700301223
19.8333333333333,0.999929866936251
19.85,0.999938028322348
19.8666666666667,0.999945922078361
19.8833333333333,0.999953815834372
19.9,0.999961709590384
19.9166666666667,0.999969553672911
19.9333333333333,0.999977183731085
19.95,0.999984813789258
19.9666666666667,0.999992443847431
19.9833333333333,1
20,1.00000742333505
20.0166666666667,1.00001484667011
20.0333333333333,140.107807360332
20.05,139.715833172717
20.0666666666667,137.79964930185
20.0833333333333,135.85089885931
20.1,133.886847803461
20.1166666666667,131.908907655529
20.1333333333333,129.918384548441
20.15,127.916768686287
20.1666666666667,125.905574409353
20.1833333333333,123.886372401214
20.2,121.860944417656
20.2166666666667,119.831066283515
20.2333333333333,117.798622513708
20.25,115.765579877413
20.2666666666667,113.733988159316
20.2833333333333,111.705936957432
20.3,109.683561876086
20.3166666666667,107.669037833407
20.3333333333333,105.664561720696
20.35,103.672364818707
20.3666666666667,101.69458690496
20.3833333333333,99.7333984089483
20.4,97.7910496230537
20.4166666666667,95.869629899507
20.4333333333333,93.971134463729
20.45,92.0975065083713
20.4666666666667,90.2505805230284
20.4833333333333,88.432132538142
20.5,86.6437683541598
20.5166666666667,84.8869635242224
20.5333333333333,83.1632158927983
20.55,81.4736723167662
20.5666666666667,79.8191611376876
20.5833333333333,78.2009170783764
20.6,76.6196973006524
20.6166666666667,75.0758718624216
20.6333333333333,73.5700516691418
20.65,72.1027822069785
20.6666666666667,70.6737812201843
20.6833333333333,69.283574971021
20.7,67.9319418901798
20.7166666666667,66.6185976871691
20.7333333333333,65.3432671347652
20.75,64.1058281882052
20.7666666666667,62.9052184865812
20.7833333333333,61.741851614754
20.8,60.6140413890752
20.8166666666667,59.5217490743806
20.8333333333333,58.4642821359152
20.85,57.4407038134883
20.8666666666667,56.4502016751335
20.8833333333333,55.4920437096765
20.9,54.5653272899008
20.9166666666667,53.669121358637
20.9333333333333,52.8026631411905
20.95,51.9650198711971
20.9666666666667,51.1553691719222
20.9833333333333,50.3726613364221
21,49.616274627381
21.0166666666667,48.8852987593121
21.0333333333333,48.1786927091248
21.05,47.495756362594
21.0666666666667,46.8356815047428
21.0833333333333,46.19778057022
21.1,45.5812093337219
21.1166666666667,44.9850926094071
21.1333333333333,44.4086525406474
21.15,43.8516432677057
21.1666666666667,43.3127484783886
21.1833333333333,42.7918781130918
21.2,42.287894835823
21.2166666666667,41.8004529891394
21.2333333333333,41.3290373948974
21.25,40.8728226595288
21.2666666666667,40.4313477265094
21.2833333333333,40.004084970398
21.3,39.5904515344907
21.3166666666667,39.1899816426152
21.3333333333333,38.8022832346363
21.35,38.4268554855973
21.3666666666667,38.063224357564
21.3833333333333,37.7109835962983
21.4,37.3697421793074
21.4166666666667,37.0390526718684
21.4333333333333,36.7185387825103
21.45,36.4078674392213
21.4666666666667,36.1066835069102
21.4833333333333,35.8146486016654
21.5,35.5314406353029
21.5166666666667,35.2567502527003
21.5333333333333,34.9902803216181
21.55,34.731754330792
21.5666666666667,34.4808920770658
21.5833333333333,34.2374241659186
21.6,34.0010971850476
21.6166666666667,33.7716594556006
21.6333333333333,33.5489076373781
21.65,33.3325898285707
21.6666666666667,33.1224861066307
21.6833333333333,32.9184214079802
21.7,32.7201723321894
21.7166666666667,32.5275594308967
21.7333333333333,32.3403511868626
21.75,32.158470317487
21.7666666666667,31.9816554013972
21.7833333333333,31.809750786904
21.8,31.6426496709294
21.8166666666667,31.4801593010244
21.8333333333333,31.3221241834866
21.85,31.1684598902751
21.8666666666667,31.0189678867817
21.8833333333333,30.873558410269
21.9,30.7320933520886
21.9166666666667,30.5944842209499
21.9333333333333,30.4605205292356
21.95,30.3301209373507
21.9666666666667,30.2031783507016
21.9833333333333,30.0796739585417
22,29.9594565590195
22.0166666666667,29.8423901452568
22.0333333333333,29.7283824487732
22.05,29.6173439798351
22.0666666666667,29.5091915364832
22.0833333333333,29.4039372115282
22.1,29.3013909713152
22.1166666666667,29.2014875728525
22.1333333333333,29.1041510017183
22.15,29.0093145119922
22.1666666666667,28.916902192333
22.1833333333333,28.8268481477401
22.2,28.7390913099444
22.2166666666667,28.6535656208356
22.2333333333333,28.5702057017102
22.25,28.4889507929992
22.2666666666667,28.4097523891368
22.2833333333333,28.3325414034077
22.3,28.2572636579933
22.3166666666667,28.1838707586231
22.3333333333333,28.1123049475433
22.35,28.042514034884
22.3666666666667,27.9744498460123
22.3833333333333,27.9080657976937
22.4,27.8433075298086
22.4166666666667,27.7801351826466
22.4333333333333,27.7185499556204
22.45,27.6584900554524
22.4666666666667,27.5998810663113
22.4833333333333,27.5426860239738
22.5,27.4868692153451
22.5166666666667,27.4324265876252
22.5333333333333,27.3793335371103
22.55,27.3275003132201
22.5666666666667,27.2768963835542
22.5833333333333,27.2275311161688
22.6,27.1793793752374
22.6166666666667,27.1323493352984
22.6333333333333,27.0864242843343
22.65,27.0416708997572
22.6666666666667,26.9979390291382
22.6833333333333,26.9552300006344
22.7,26.9135961139543
22.7166666666667,26.872906218585
22.7333333333333,26.8331925042892
22.75,26.7944363377895
22.7666666666667,26.75654214825
22.7833333333333,26.7196208743009
22.8,26.6835124899431
22.8166666666667,26.6482825041728
22.8333333333333,26.6138699081671
22.85,26.5802537496269
22.8666666666667,26.5474534177482
22.8833333333333,26.5153836320458
22.9,26.4841037789059
22.9166666666667,26.4535092210957
22.9333333333333,26.4236780048571
22.95,26.3944928032015
22.9666666666667,26.3660280135737
22.9833333333333,26.3381906009634
23,26.3110233160238
23.0166666666667,26.284471342413
23.0333333333333,26.2585331854289
23.05,26.2332085104043
23.0666666666667,26.2084340180787
23.0833333333333,26.184279758465
23.1,26.160634808267
23.1166666666667,26.1375729400243
23.1333333333333,26.1150233398765
23.15,26.0929749017631
23.1666666666667,26.0714696240939
23.1833333333333,26.0504220697554
23.2,26.0298736938704
23.2166666666667,26.0098032537604
23.2333333333333,25.990161535697
23.25,25.970994552988
23.2666666666667,25.9522644564667
23.2833333333333,25.9339336039136
23.3,25.9160504413521
23.3166666666667,25.8985683834087
23.3333333333333,25.8814582870657
23.35,25.8647691922027
23.3666666666667,25.8484496704036
23.3833333333333,25.8324773958033
23.4,25.8168967469142
23.4166666666667,25.801661186587
23.4333333333333,25.7867490144296
23.45,25.7722000760127
23.4666666666667,25.7579748443458
23.4833333333333,25.7440516694087
23.5,25.7304606176831
23.5166666666667,25.7171775016625
23.5333333333333,25.7041757837028
23.55,25.6914776793302
23.5666666666667,25.6790629183343
23.5833333333333,25.6669282144777
23.6,25.6550552235368
23.6166666666667,25.643460514974
23.6333333333333,25.6321232965134
23.65,25.6210401605702
23.6666666666667,25.610205032544
23.6833333333333,25.5996114473495
23.7,25.5892591447991
23.7166666666667,25.5791324852071
23.7333333333333,25.5692350585622
23.75,25.5595575364528
23.7666666666667,25.5500955320417
23.7833333333333,25.5408426760846
23.8,25.5318003590715
23.8166666666667,25.522954918425
23.8333333333333,25.514304418791
23.85,25.5058527217226
23.8666666666667,25.4975865657455
23.8833333333333,25.4894996111242
23.9,25.4815971099165
23.9166666666667,25.473867594716
23.9333333333333,25.4663100628332
23.95,25.4589198982006
23.9666666666667,25.4516940560468
23.9833333333333,25.4446255819855
24,25.4377174475029
24.0166666666667,25.4309574603975
24.0333333333333,25.4243515004247
24.05,25.4178887153245
24.0666666666667,25.4115684879644
24.0833333333333,25.4053898069302
24.1,25.3993448132538
24.1166666666667,25.3934337242286
24.1333333333333,25.38765505372
24.15,25.3820024042001
24.1666666666667,25.3764731639936
24.1833333333333,25.3710650220435
24.2,25.3657767485639
24.2166666666667,25.3606056086769
24.2333333333333,25.3555465322892
24.25,25.3506008627126
24.2666666666667,25.3457615631978
24.2833333333333,25.3410274616737
24.3,25.3364006244617
24.3166666666667,25.3318739466495
24.3333333333333,25.3274453097663
24.35,25.3231126350443
24.3666666666667,25.3188779876155
24.3833333333333,25.3147351975237
24.4,25.3106821724931
24.4166666666667,25.3067170277465
24.4333333333333,25.3028383267838
24.45,25.2990466309185
24.4666666666667,25.295337515936
24.4833333333333,25.2917081649404
24.5,25.2881579560306
24.5166666666667,25.2846851314952
24.5333333333333,25.2812874206951
24.55,25.2779650248384
24.5666666666667,25.2747157011993
24.5833333333333,25.2715362791206
24.6,25.2684247121702
24.6166666666667,25.2653819385353
24.6333333333333,25.2624039710242
24.65,25.2594927086412
24.6666666666667,25.2566440866143
24.6833333333333,25.2538562241967
24.7,25.251130397102
24.7166666666667,25.2484637330513
24.7333333333333,25.2458543621067
24.75,25.24330155672
24.7666666666667,25.2408040705965
24.7833333333333,25.2383606236753
24.8,25.2359700852449
24.8166666666667,25.2336312827782
24.8333333333333,25.2313430357221
24.85,25.2291042694937
24.8666666666667,25.2269138623841
24.8833333333333,25.2247706951594
24.9,25.2226737927972
24.9166666666667,25.2206220608223
24.9333333333333,25.2186151728754
24.95,25.2166517474386
24.9666666666667,25.2147306373234
24.9833333333333,25.212850847784
25,25.21101143409
25.0166666666667,25.2092116205378
25.0333333333333,25.2074501080692
25.05,25.2057261343521
25.0666666666667,25.2040402430146
25.0833333333333,25.2023909045519
25.1,25.2007766342754
25.1166666666667,25.199196673377
25.1333333333333,25.1976501922822
25.15,25.1961378456253
25.1666666666667,25.1946577978589
25.1833333333333,25.1932095031055
25.2,25.1917921262257
25.2166666666667,25.190405128885
25.2333333333333,25.1890479974992
25.25,25.1877196679446
25.2666666666667,25.1864195916892
25.2833333333333,25.1851471686639
25.3,25.1839030255212
25.3166666666667,25.1826852147179
25.3333333333333,25.1814929069457
25.35,25.180325533685
25.3666666666667,25.1791844618022
25.3833333333333,25.1780673593896
25.4,25.1769735379158
25.4166666666667,25.1759028949989
25.4333333333333,25.1748561523135
25.45,25.1738311071062
25.4666666666667,25.1728272997647
25.4833333333333,25.1718457545853
25.5,25.1708850658419
25.5166666666667,25.1699442175847
25.5333333333333,25.1690234712394
25.55,25.1681229861604
25.5666666666667,25.167240990924
25.5833333333333,25.1663774045186
25.6,25.165533224962
25.6166666666667,25.1647062683496
25.6333333333333,25.1638963946398
25.65,25.1631048510512
25.6666666666667,25.1623293636769
25.6833333333333,25.1615699609444
25.7,25.1608276373478
25.7166666666667,25.1601002217768
25.7333333333333,25.1593883598103
25.75,25.1586919030714
25.7666666666667,25.1580093702791
25.7833333333333,25.1573422421078
25.8,25.1566885302774
25.8166666666667,25.1560486195733
25.8333333333333,25.1554226235835
25.85,25.1548095456577
25.8666666666667,25.1542091307703
25.8833333333333,25.1536219262992
25.9,25.1530469128673
25.9166666666667,25.1524834892032
25.9333333333333,25.1519327386065
25.95,25.151393092392
25.9666666666667,25.1508647285378
25.9833333333333,25.1503478230885
26,25.1498410320978
26.0166666666667,25.1493458876493
26.0333333333333,25.1488603189694
26.05,25.1483854618913
26.0666666666667,25.147920248789
26.0833333333333,25.1474648372986
26.1,25.1470190733343
26.1166666666667,25.1465823143875
26.1333333333333,25.1461551789627
26.15,25.1457363325143
26.1666666666667,25.1453269863979
26.1833333333333,25.1449254189151
26.2,25.1445330171465
26.2166666666667,25.14414808149
26.2333333333333,25.1437718138985
26.25,25.1434028177749
26.2666666666667,25.143042019441
26.2833333333333,25.142688226949
26.3,25.1423422914024
26.3166666666667,25.1420030671114
26.3333333333333,25.1416713772763
26.35,25.1413460590802
26.3666666666667,25.1410280461773
26.3833333333333,25.140716053784
26.4,25.1404111490054
26.4166666666667,25.1401119284947
26.4333333333333,25.1398195497654
26.45,25.139532680516
26.4666666666667,25.1392522245733
26.4833333333333,25.138977272896
26.5,25.1387079267136
26.5166666666667,25.1384444913551
26.5333333333333,25.1381860903082
26.55,25.137933283159
26.5666666666667,25.1376855973854
26.5833333333333,25.137442895919
26.6,25.1372054850579
26.6166666666667,25.1369728803885
26.6333333333333,25.1367450915893
26.65,25.136521698139
26.6666666666667,25.1363033410276
26.6833333333333,25.1360891032841
26.7,25.1358794912348
26.7166666666667,25.1356741370329
26.7333333333333,25.1354727611049
26.75,25.1352759275303
26.7666666666667,25.1350828157
26.7833333333333,25.1348937563215
26.8,25.1347086569344
26.8166666666667,25.1345270617575
26.8333333333333,25.1343495353553
26.85,25.134175473757
26.8666666666667,25.1340048091748
26.8833333333333,25.1338379633491
26.9,25.1336742861688
26.9166666666667,25.1335139438746
26.9333333333333,25.1333570505725
26.95,25.133203139037
26.9666666666667,25.1330524519783
26.9833333333333,25.1329049186362
27,25.1327602017372
27.0166666666667,25.1326185114468
27.0333333333333,25.1324797937575
27.05,25.1323437271242
27.0666666666667,25.1322104552723
27.0833333333333,25.1320800257302
27.1,25.1319520882589
27.1166666666667,25.1318266905971
27.1333333333333,25.1317040488807
27.15,25.131583755262
27.1666666666667,25.1314657650263
27.1833333333333,25.1313503952069
27.2,25.1312372886991
27.2166666666667,25.1311263473797
27.2333333333333,25.1310176876887
27.25,25.1309113338504
27.2666666666667,25.1308070181017
27.2833333333333,25.130704710357
27.3,25.1306046267812
27.3166666666667,25.130506541589
27.3333333333333,25.1304103411615
27.35,25.1303159892288
27.3666666666667,25.1302237396428
27.3833333333333,25.1301332796098
27.4,25.1300445603981
27.4166666666667,25.1299575483437
27.4333333333333,25.129872457771
27.45,25.1297890262128
27.4666666666667,25.1297072125452
27.4833333333333,25.1296269850593
27.5,25.1295483495811
27.5166666666667,25.1294714185896
27.5333333333333,25.1293959748783
27.55,25.1293220193118
27.5666666666667,25.1292494960175
27.5833333333333,25.1291784017472
27.6,25.1291087076091
27.6166666666667,25.129040399638
27.6333333333333,25.1289735263133
27.65,25.128907987739
27.6666666666667,25.1288436853295
27.6833333333333,25.1287805957202
27.7,25.128718888757
27.7166666666667,25.1286583738776
27.7333333333333,25.128599003389
27.75,25.1285407745089
27.7666666666667,25.1284837317837
27.7833333333333,25.128427869274
27.8,25.128373083953
27.8166666666667,25.1283193483198
27.8333333333333,25.1282666511654
27.85,25.1282149720033
27.8666666666667,25.1281643450313
27.8833333333333,25.1281147556751
27.9,25.128066118624
27.9166666666667,25.1280184219307
27.9333333333333,25.1279716469404
27.95,25.1279257754
27.9666666666667,25.1278807894307
27.9833333333333,25.1278366748902
28,25.1277934903105
28.0166666666667,25.1277511409887
28.0333333333333,25.1277096077619
28.05,25.1276688744736
28.0666666666667,25.1276289272882
28.0833333333333,25.1275897483974
28.1,25.1275513243161
28.1166666666667,25.127513640097
28.1333333333333,25.1274766913309
28.15,25.1274405054012
28.1666666666667,25.1274050102526
28.1833333333333,25.1273701983394
28.2,25.1273360560669
28.2166666666667,25.1273025701499
28.2333333333333,25.1272697275575
28.25,25.1272375187299
28.2666666666667,25.1272059269859
28.2833333333333,25.1271749424361
28.3,25.1271445529792
28.3166666666667,25.1271147467881
28.3333333333333,25.1270855122893
28.35,25.1270568403871
28.3666666666667,25.1270287335388
28.3833333333333,25.1270011748045
28.4,25.1269741431498
28.4166666666667,25.1269476281057
28.4333333333333,25.1269216202989
28.45,25.1268961066737
28.4666666666667,25.1268710802258
28.4833333333333,25.1268465313048
28.5,25.1268224504629
28.5166666666667,25.1267988284148
28.5333333333333,25.1267756584162
28.55,25.1267529267606
28.5666666666667,25.1267306277049
28.5833333333333,25.1267087526746
28.6,25.1266872932984
28.6166666666667,25.1266662413668
28.6333333333333,25.1266455904362
28.65,25.1266253294663
28.6666666666667,25.12660545233
28.6833333333333,25.1265859514495
28.7,25.1265668194032
28.7166666666667,25.1265480489467
28.7333333333333,25.1265296338335
28.75,25.1265115652044
28.7666666666667,25.1264938371864
28.7833333333333,25.1264764431113
28.8,25.12645937642
28.8166666666667,25.1264426306879
28.8333333333333,25.1264262009505
28.85,25.1264100773866
28.8666666666667,25.1263942560237
28.8833333333333,25.1263787309718
28.9,25.1263634964747
28.9166666666667,25.1263485468659
28.9333333333333,25.1263338771626
28.95,25.1263194781329
28.9666666666667,25.1263053472096
28.9833333333333,25.126291480793
29,25.1262778867665
29.0166666666667,25.1262645449517
29.0333333333333,25.1262514504829
29.05,25.1262386221041
29.0666666666667,25.1262260047507
29.0833333333333,25.1262135952816
29.1,25.1262014365752
29.1166666666667,25.1261895024366
29.1333333333333,25.1261777884298
29.15,25.1261663065868
29.1666666666667,25.1261550350247
29.1833333333333,25.1261439697767
29.2,25.1261331069472
29.2166666666667,25.1261224426805
29.2333333333333,25.1261119732288
29.25,25.1261017016188
29.2666666666667,25.1260916159939
29.2833333333333,25.1260817158653
29.3,25.1260719976778
29.3166666666667,25.1260624579418
29.3333333333333,25.1260530932367
29.35,25.1260439033816
29.3666666666667,25.1260348794195
29.3833333333333,25.1260260199426
29.4,25.1260173218361
29.4166666666667,25.1260087820514
29.4333333333333,25.1260003975973
29.45,25.1259921674951
29.4666666666667,25.125984077903
29.4833333333333,25.1259761441169
29.5,25.1259683663043
29.5166666666667,25.1259607258595
29.5333333333333,25.125953220352
29.55,25.1259458473966
29.5666666666667,25.1259386048144
29.5833333333333,25.1259314892308
29.6,25.1259245119667
29.6166666666667,25.1259176698633
29.6333333333333,25.1259109475182
29.65,25.1259043428363
29.6666666666667,25.1258978537632
29.6833333333333,25.1258914785827
29.7,25.1258852128324
29.7166666666667,25.1258790814134
29.7333333333333,25.1258730566367
29.75,25.1258671357413
29.7666666666667,25.1258613169776
29.7833333333333,25.1258555986171
29.8,25.1258499789548
29.8166666666667,25.1258444806987
29.8333333333333,25.1258390762596
29.85,25.1258337638379
29.8666666666667,25.1258285419203
29.8833333333333,25.1258234090206
29.9,25.1258183738687
29.9166666666667,25.1258134378208
29.9333333333333,25.125808586764
29.95,25.1258038154342
29.9666666666667,25.125799123261
29.9833333333333,25.1257945200821
30,25.1257900090746
30.0166666666667,25.1257855724138
30.0333333333333,25.1257812089932
30.05,25.1257769177179
30.0666666666667,25.1257727131153
30.0833333333333,25.1257685878374
30.1,25.125764528668
30.1166666666667,25.1257605349203
30.1333333333333,25.1257566116028
30.15,25.125752772098
30.1666666666667,25.1257489940628
30.1833333333333,25.1257452766605
30.2,25.1257416190589
30.2166666666667,25.1257380420235
30.2333333333333,25.1257345257095
30.25,25.1257310638318
30.2666666666667,25.1257276560438
30.2833333333333,25.1257243231927
30.3,25.1257210466484
30.3166666666667,25.1257178209637
30.3333333333333,25.1257146455271
30.35,25.12571154053
30.3666666666667,25.1257084870101
30.3833333333333,25.1257054811526
30.4,25.1257025200448
30.4166666666667,25.1256996295957
30.4333333333333,25.1256967820992
30.45,25.125693977135
30.4666666666667,25.1256912235113
30.4833333333333,25.1256885263976
30.5,25.1256858693341
30.5166666666667,25.125683251927
30.5333333333333,25.1256806906649
30.55,25.1256781739693
30.5666666666667,25.1256756933119
30.5833333333333,25.1256732545306
30.6,25.1256708690958
30.6166666666667,25.1256685178109
30.6333333333333,25.1256662004135
30.65,25.1256639349603
30.6666666666667,25.1256617060742
30.6833333333333,25.1256595091424
30.7,25.1256573520613
30.7166666666667,25.1256552389811
30.7333333333333,25.1256531562361
30.75,25.1256511026105
30.7666666666667,25.1256490991677
30.7833333333333,25.1256471233775
30.8,25.1256451750841
30.8166666666667,25.1256432689965
30.8333333333333,25.1256413947232
30.85,25.1256395464079
30.8666666666667,25.1256377324945
30.8833333333333,25.1256359543249
30.9,25.1256342008706
30.9166666666667,25.125632475054
30.9333333333333,25.1256307878107
30.95,25.125629122785
30.9666666666667,25.1256274821398
30.9833333333333,25.1256258802152
31,25.1256242993138
31.0166666666667,25.1256227394828
31.0333333333333,25.1256212183841
31.05,25.1256197174445
31.0666666666667,25.1256182351384
31.0833333333333,25.1256167902997
31.1,25.1256153637009
31.1166666666667,25.1256139556719
31.1333333333333,25.1256125828276
31.15,25.1256112269667
31.1666666666667,25.1256098896761
31.1833333333333,25.1256085847896
31.2,25.1256072963919
31.2166666666667,25.1256060269768
31.2333333333333,25.1256047862451
31.25,25.1256035590633
31.2666666666667,25.1256023563677
31.2833333333333,25.1256011748721
31.3,25.1256000063471
31.3166666666667,25.1255988667193
31.3333333333333,25.1255977415601
31.35,25.1255966321762
31.3666666666667,25.1255955490359
31.3833333333333,25.1255944770817
31.4,25.1255934263358
31.4166666666667,25.1255923939987
31.4333333333333,25.1255913724459
31.45,25.1255903773472
31.4666666666667,25.1255893934036
31.4833333333333,25.1255884249587
31.5,25.1255874772989
31.5166666666667,25.1255865394768
31.5333333333333,25.1255856223685
31.55,25.1255847187368
31.5666666666667,25.1255838265061
31.5833333333333,25.1255829560112
31.6,25.1255820939794
31.6166666666667,25.1255812494551
31.6333333333333,25.1255804189235
31.65,25.1255795972416
31.6666666666667,25.1255787970808
31.6833333333333,25.1255780047425
31.7,25.1255772271459
31.7166666666667,25.1255764632955
31.7333333333333,25.125575707239
31.75,25.125574971059
31.7666666666667,25.1255742412439
31.7833333333333,25.1255735264374
31.8,25.1255728229457
31.8166666666667,25.1255721278777
31.8333333333333,25.1255714497818
31.85,25.1255707775566
31.8666666666667,25.1255701203018
31.8833333333333,25.1255694724362
31.9,25.1255688336531
31.9166666666667,25.1255682085706
31.9333333333333,25.1255675880896
31.95,25.1255669851761
31.9666666666667,25.1255663864102
31.9833333333333,25.1255658009318
32,25.1255652233029
32.0166666666667,25.1255646545467
32.0333333333333,25.125564097311
32.05,25.125563544788
32.0666666666667,25.125563007234
32.0833333333333,25.1255624734258
32.1,25.1255619522059
32.1166666666667,25.1255614366546
32.1333333333333,25.1255609307683
32.15,25.12556043305
32.1666666666667,25.1255599420384
32.1833333333333,25.1255594615328
32.2,25.1255589849416
32.2166666666667,25.1255585210413
32.2333333333333,25.1255580596126
32.25,25.1255576105577
32.2666666666667,25.1255571650132
32.2833333333333,25.1255567291116
32.3,25.1255562988995
32.3166666666667,25.1255558757457
32.3333333333333,25.1255554605772
32.35,25.1255550501845
32.3666666666667,25.1255546485431
32.3833333333333,25.1255542509043
32.4,25.1255538624809
32.4166666666667,25.1255534771855
32.4333333333333,25.1255531015317
32.45,25.1255527281839
32.4666666666667,25.1255523648707
32.4833333333333,25.1255520030914
32.5,25.1255516517028
32.5166666666667,25.1255513011225
32.5333333333333,25.1255509612535
32.55,25.1255506220337
32.5666666666667,25.1255502930152
32.5833333333333,25.1255499642403
32.6,25.125549645822
32.6166666666667,25.1255493274037
32.6333333333333,25.1255490192035
32.65,25.125548711031
32.6666666666667,25.1255484124819
32.6833333333333,25.1255481142141
32.7,25.1255478250097
32.7166666666667,25.1255475363234
32.7333333333333,25.1255472561631
32.75,25.1255469767417
32.7666666666667,25.1255467053306
32.7833333333333,25.1255464348636
32.8,25.125546172089
32.8166666666667,25.1255459104752
32.8333333333333,25.1255456554358
32.85,25.1255454025685
32.8666666666667,25.1255451550565
32.8833333333333,25.1255449106302
32.9,25.125544670419
32.9166666666667,25.1255444341424
32.9333333333333,25.1255442010165
32.95,25.1255439726171
32.9666666666667,25.1255437463686
32.9833333333333,25.1255435255756
33,25.1255433059977
33.0166666666667,25.1255430925445
33.0333333333333,25.1255428794347
33.05,25.1255426730892
33.0666666666667,25.1255424667436
33.0833333333333,25.1255422667507
33.1,25.1255420672878
33.1166666666667,25.1255418731208
33.1333333333333,25.125541680297
33.15,25.1255414917841
33.1666666666667,25.125541305372
33.1833333333333,25.1255411223529
33.2,25.1255409421435
33.2166666666667,25.1255407644587
33.2333333333333,25.1255405902363
33.25,25.1255404177254
33.2666666666667,25.1255402492781
33.2833333333333,25.1255400817866
33.3,25.1255399189274
33.3166666666667,25.125539756322
33.3333333333333,25.1255395990122
33.35,25.1255394417025
33.3666666666667,25.1255392887864
33.3833333333333,25.1255391369755
33.4,25.1255389880928
33.4166666666667,25.1255388415836
33.4333333333333,25.1255386966379
33.45,25.1255385552444
33.4666666666667,25.1255384141415
33.4833333333333,25.1255382776788
33.5,25.1255381412161
33.5166666666667,25.1255380086136
33.5333333333333,25.1255378769034
33.55,25.1255377477879
33.5666666666667,25.1255376206654
33.5833333333333,25.1255374949858
33.6,25.1255373723879
33.6166666666667,25.1255372497901
33.6333333333333,25.1255371315028
33.65,25.1255370133574
33.6666666666667,25.1255368978605
33.6833333333333,25.1255367840049
33.7,25.125536671252
33.7166666666667,25.1255365615316
33.7333333333333,25.1255364518112
33.75,25.1255363457328
33.7666666666667,25.1255362399887
33.7833333333333,25.1255361364079
33.8,25.1255360344915
33.8166666666667,25.1255359333672
33.8333333333333,25.1255358351443
33.85,25.1255357369213
33.8666666666667,25.1255356417684
33.8833333333333,25.1255355470999
33.9,25.1255354542708
33.9166666666667,25.125535363188
33.9333333333333,25.1255352721053
33.95,25.1255351843676
33.9666666666667,25.1255350968992
33.9833333333333,25.1255350106046
34,25.1255349266087
34.0166666666667,25.1255348426128
34.0333333333333,25.125534761113
34.05,25.1255346804426
34.0666666666667,25.1255346002927
34.0833333333333,25.1255345228132
34.1,25.1255344453336
34.1166666666667,25.1255343696212
34.1333333333333,25.1255342952113
34.15,25.1255342208015
34.1666666666667,25.1255341492989
34.1833333333333,25.1255340778311
34.2,25.1255340075194
34.2166666666667,25.1255339389365
34.2333333333333,25.1255338703537
34.25,25.1255338037216
34.2666666666667,25.1255337379775
34.2833333333333,25.1255336722335
34.3,25.1255336091389
34.3166666666667,25.125533546116
34.3333333333333,25.1255334837687
34.35,25.1255334233432
34.3666666666667,25.1255333629178
34.3833333333333,25.1255333038544
34.4,25.125533245921
34.4166666666667,25.1255331879877
34.4333333333333,25.1255331320498
34.45,25.1255330765118
34.4666666666667,25.1255330212471
34.4833333333333,25.1255329679957
34.5,25.1255329147442
34.5166666666667,25.1255328623896
34.5333333333333,25.1255328113473
34.55,25.125532760305
34.5666666666667,25.1255327106315
34.5833333333333,25.1255326617372
34.6,25.1255326128429
34.6166666666667,25.1255325657289
34.6333333333333,25.1255325188844
34.65,25.1255324722357
34.6666666666667,25.1255324273529
34.6833333333333,25.12553238247
34.7,25.125532338211
34.7166666666667,25.1255322952126
34.7333333333333,25.1255322522141
34.75,25.1255322102278
34.7666666666667,25.1255321690293
34.7833333333333,25.1255321278307
34.8,25.1255320880304
34.8166666666667,25.1255320485938
34.8333333333333,25.1255320091571
34.85,25.1255319712495
34.8666666666667,25.1255319335482
34.8833333333333,25.1255318958468
34.9,25.1255318597531
34.9166666666667,25.1255318237113
34.9333333333333,25.1255317877581
34.95,25.1255317532925
34.9666666666667,25.1255317188268
34.9833333333333,25.1255316845787
35,25.125531651626
35.0166666666667,25.1255316186734
35.0333333333333,25.1255315860553
35.05,25.125531554549
35.0666666666667,25.1255315230426
35.0833333333333,25.1255314919749
35.1,25.1255314618442
35.1166666666667,25.1255314317135
35.1333333333333,25.1255314021507
35.15,25.1255313734172
35.1666666666667,25.1255313446838
35.1833333333333,25.12553131616
35.2,25.1255312888302
35.2166666666667,25.1255312615004
35.2333333333333,25.1255312341707
35.25,25.1255312080267
35.2666666666667,25.1255311820258
35.2833333333333,25.1255311560248
35.3,25.1255311308295
35.3166666666667,25.1255311060965
35.3333333333333,25.1255310813635
35.35,25.125531057088
35.3666666666667,25.1255310335642
35.3833333333333,25.1255310100405
35.4,25.1255309866553
35.4166666666667,25.1255309642741
35.4333333333333,25.1255309418929
35.45,25.1255309195117
35.4666666666667,25.1255308980689
35.4833333333333,25.1255308767734
35.5,25.1255308554779
35.5166666666667,25.1255308348142
35.5333333333333,25.125530814559
35.55,25.1255307943038
35.5666666666667,25.1255307743962
35.5833333333333,25.1255307551331
35.6,25.12553073587
35.6166666666667,25.1255307166531
35.6333333333333,25.1255306983324
35.65,25.1255306800118
35.6666666666667,25.1255306616912
35.6833333333333,25.1255306440458
35.7,25.1255306266284
35.7166666666667,25.1255306092109
35.7333333333333,25.1255305921781
35.75,25.1255305756225
35.7666666666667,25.1255305590669
35.7833333333333,25.1255305426285
35.8,25.1255305268817
35.8166666666667,25.125530511135
35.8333333333333,25.1255304953882
35.85,25.1255304802942
35.8666666666667,25.1255304653213
35.8833333333333,25.1255304503483
35.9,25.125530435775
35.9166666666667,25.1255304215392
35.9333333333333,25.1255304073034
35.95,25.1255303932408
35.9666666666667,25.1255303797241
35.9833333333333,25.1255303662074
36,25.1255303526907
36.0166666666667,25.1255303396783
36.0333333333333,25.1255303268683
36.05,25.1255303140582
36.0666666666667,25.1255303013739
36.0833333333333,25.1255302892377
36.1,25.1255302771014
36.1166666666667,25.1255302649651
36.1333333333333,25.1255302532467
36.15,25.1255302417441
36.1666666666667,25.1255302302415
36.1833333333333,25.1255302188179
36.2,25.1255302079128
36.2166666666667,25.1255301970078
36.2333333333333,25.1255301861027
36.25,25.1255301755439
36.2666666666667,25.1255301652112
36.2833333333333,25.1255301548784
36.3,25.1255301445878
36.3166666666667,25.1255301347969
36.3333333333333,25.125530125006
36.35,25.125530115215
36.3666666666667,25.1255301057039
36.3833333333333,25.1255300964209
36.4,25.125530087138
36.4166666666667,25.125530077858
36.4333333333333,25.1255300690614
36.45,25.1255300602647
36.4666666666667,25.125530051468
36.4833333333333,25.1255300428861
36.5,25.1255300345551
36.5166666666667,25.1255300262241
36.5333333333333,25.1255300178931
36.55,25.1255300099602
36.5666666666667,25.1255300020635
36.5833333333333,25.1255299941668
36.6,25.1255299864223
36.6166666666667,25.125529978935
36.6333333333333,25.1255299714478
36.65,25.1255299639605
36.6666666666667,25.125529956801
36.6833333333333,25.12552994971
36.7,25.1255299426191
36.7166666666667,25.1255299356326
36.7333333333333,25.1255299289119
36.75,25.1255299221911
36.7666666666667,25.1255299154704
36.7833333333333,25.1255299090078
36.8,25.125529902637
36.8166666666667,25.1255298962663
36.8333333333333,25.1255298899621
36.85,25.1255298839369
36.8666666666667,25.1255298779117
36.8833333333333,25.1255298718865
36.9,25.125529866007
36.9166666666667,25.125529860315
36.9333333333333,25.125529854623
36.95,25.1255298489311
36.9666666666667,25.125529843451
36.9833333333333,25.12552983807
37,25.1255298326889
37.0166666666667,25.1255298273079
37.0333333333333,25.1255298222035
37.05,25.1255298171211
37.0666666666667,25.1255298120388
37.0833333333333,25.1255298070049
37.1,25.1255298022063
37.1166666666667,25.1255297974077
37.1333333333333,25.1255297926091
37.15,25.1255297879192
37.1666666666667,25.1255297833826
37.1833333333333,25.125529778846
37.2,25.1255297743093
37.2166666666667,25.1255297699368
37.2333333333333,25.125529765649
37.25,25.1255297613612
37.2666666666667,25.1255297570734
37.2833333333333,25.1255297530122
37.3,25.1255297489751
37.3166666666667,25.125529744938
37.3333333333333,25.1255297409009
37.35,25.1255297370592
37.3666666666667,25.1255297332615
37.3833333333333,25.1255297294639
37.4,25.1255297256662
37.4166666666667,25.1255297220353
37.4333333333333,25.1255297184666
37.45,25.125529714898
37.4666666666667,25.1255297113294
37.4833333333333,25.1255297078975
37.5,25.1255297045427
37.5166666666667,25.1255297011878
37.5333333333333,25.1255296978329
37.55,25.1255296945872
37.5666666666667,25.1255296914302
37.5833333333333,25.1255296882731
37.6,25.1255296851161
37.6166666666667,25.1255296820474
37.6333333333333,25.1255296790806
37.65,25.1255296761137
37.6666666666667,25.1255296731469
37.6833333333333,25.1255296702507
37.7,25.1255296674714
37.7166666666667,25.1255296646922
37.7333333333333,25.1255296619129
37.75,25.1255296591337
37.7666666666667,25.1255296565186
37.7833333333333,25.1255296539175
37.8,25.1255296513164
37.8166666666667,25.1255296487154
37.8333333333333,25.1255296461925
37.85,25.1255296437593
37.8666666666667,25.1255296413261
37.8833333333333,25.1255296388928
37.9,25.1255296364614
37.9166666666667,25.1255296341895
37.9333333333333,25.1255296319175
37.95,25.1255296296456
37.9666666666667,25.1255296273737
37.9833333333333,25.1255296251834
38,25.1255296230584
38.0166666666667,25.1255296209334
38.0333333333333,25.1255296188084
38.05,25.125529616697
38.0666666666667,25.1255296147071
38.0833333333333,25.1255296127172
38.1,25.1255296107272
38.1166666666667,25.1255296087373
38.1333333333333,25.1255296068341
38.15,25.1255296049784
38.1666666666667,25.1255296031227
38.1833333333333,25.125529601267
38.2,25.1255295994113
38.2166666666667,25.1255295976818
38.2333333333333,25.1255295959533
38.25,25.1255295942248
38.2666666666667,25.1255295924963
38.2833333333333,25.1255295908063
38.3,25.1255295891916
38.3166666666667,25.1255295875768
38.3333333333333,25.125529585962
38.35,25.1255295843473
38.3666666666667,25.1255295828077
38.3833333333333,25.1255295813024
38.4,25.1255295797971
38.4166666666667,25.1255295782919
38.4333333333333,25.1255295767901
38.45,25.1255295753898
38.4666666666667,25.1255295739894
38.4833333333333,25.125529572589
38.5,25.1255295711887
38.5166666666667,25.1255295698235
38.5333333333333,25.1255295685158
38.55,25.1255295672081
38.5666666666667,25.1255295659004
38.5833333333333,25.1255295645927
38.6,25.1255295633527
38.6166666666667,25.1255295621381
38.6333333333333,25.1255295609236
38.65,25.125529559709
38.6666666666667,25.1255295584944
38.6833333333333,25.1255295573293
38.7,25.1255295562063
38.7166666666667,25.1255295550832
38.7333333333333,25.1255295539602
38.75,25.1255295528371
38.7666666666667,25.1255295517436
38.7833333333333,25.1255295507041
38.8,25.1255295496647
38.8166666666667,25.1255295486252
38.8333333333333,25.1255295475858
38.85,25.1255295465593
38.8666666666667,25.1255295455979
38.8833333333333,25.1255295446365
38.9,25.1255295436752
38.9166666666667,25.1255295427138
38.9333333333333,25.1255295417524
38.95,25.1255295408625
38.9666666666667,25.1255295399741
38.9833333333333,25.1255295390857
39,25.1255295381973
39.0166666666667,25.1255295373089
39.0333333333333,25.1255295364729
39.05,25.1255295356506
39.0666666666667,25.1255295348283
39.0833333333333,25.125529534006
39.1,25.1255295331837
39.1166666666667,25.1255295323993
39.1333333333333,25.1255295316395
39.15,25.1255295308797
39.1666666666667,25.12552953012
39.1833333333333,25.1255295293602
39.2,25.1255295286114
39.2166666666667,25.125529527912
39.2333333333333,25.1255295272126
39.25,25.1255295265132
39.2666666666667,25.1255295258138
39.2833333333333,25.1255295251144
39.3,25.1255295244564
39.3166666666667,25.1255295238116
39.3333333333333,25.1255295231668
39.35,25.1255295225219
39.3666666666667,25.1255295218771
39.3833333333333,25.1255295212489
39.4,25.1255295206536
39.4166666666667,25.1255295200583
39.4333333333333,25.1255295194631
39.45,25.1255295188678
39.4666666666667,25.1255295182725
39.4833333333333,25.1255295177204
39.5,25.1255295171725
39.5166666666667,25.1255295166246
39.5333333333333,25.1255295160767
39.55,25.1255295155287
39.5666666666667,25.125529515002
39.5833333333333,25.1255295144973
39.6,25.1255295139926
39.6166666666667,25.125529513488
39.6333333333333,25.1255295129833
39.65,25.1255295124815
39.6666666666667,25.1255295120202
39.6833333333333,25.125529511559
39.7,25.1255295110977
39.7166666666667,25.1255295106364
39.7333333333333,25.1255295101752
39.75,25.1255295097139
39.7666666666667,25.1255295092592
39.7833333333333,25.1255295088438
39.8,25.1255295084284
39.8166666666667,25.125529508013
39.8333333333333,25.1255295075976
39.85,25.1255295071822
39.8666666666667,25.1255295067668
39.8833333333333,25.1255295063608
39.9,25.1255295059877
39.9166666666667,25.1255295056146
39.9333333333333,25.1255295052415
39.95,25.1255295048684
39.9666666666667,25.1255295044953
39.9833333333333,25.1255295041222
40,25.1255295037549
40.0166666666667,25.1255295034009
